# https://github.com/mikedh/trimesh
mtllib material_0.mtl
usemtl material_0
v 0.00000000 0.00000000 -0.52964602
v 0.00000000 0.00000000 0.52964602
v 0.00000000 0.27876106 -0.50176991
v 0.00000000 0.27876106 0.50176991
v 0.00000000 0.83628318 0.33451327
v 0.00000000 0.83628318 -0.33451327
v 0.00000000 1.39380531 0.44601770
v 0.00000000 1.39380531 -0.44601770
v 0.00000000 1.67256637 -0.48783186
v 0.00000000 1.67256637 0.48783186
v -1.62338432 0.27876106 0.49935376
v -1.62338432 0.27876106 -0.49935376
v -1.58555263 1.39380531 -0.43744760
v -1.58555263 1.39380531 0.43744760
v -2.01734271 1.39380531 0.28295064
v -2.01734271 1.39380531 -0.28295064
v 2.11654017 0.00000000 -0.17676991
v 2.11654017 0.00000000 -0.43650442
v 2.11654017 2.29977876 -0.17676991
v 2.11654017 2.29977876 -0.43650442
v 0.59974658 0.83628318 0.23653661
v 0.59974658 0.83628318 -0.23653661
v -1.33805310 0.27876106 0.00000000
v -1.33805310 0.83628318 0.00000000
v 0.27813762 0.83628318 -0.18584562
v 0.27813762 0.83628318 0.18584562
v 0.48016387 0.27876106 -0.14565612
v 0.48016387 0.27876106 0.14565612
v -0.29501437 0.83628318 0.15768846
v -0.29501437 0.83628318 -0.15768846
v 0.33600388 0.00000000 -0.40942191
v 0.33600388 0.00000000 0.40942191
v 0.20268675 0.00000000 0.48932911
v 0.20268675 0.00000000 -0.48932911
v 1.02296835 1.67256637 -0.45069787
v 1.02296835 1.67256637 0.45069787
v -2.00707965 0.83628318 0.00000000
v -0.44252156 0.27876106 0.23653270
v -0.44252156 0.27876106 -0.23653270
v 0.79256580 1.39380531 0.44387001
v 0.79256580 1.39380531 -0.44387001
v -1.75958011 1.39380531 -0.43744760
v -1.75958011 1.39380531 0.43744760
v -0.99003131 0.00000000 0.50683964
v -0.99003131 0.00000000 -0.50683964
v 1.30310917 1.67256637 -0.14161012
v 1.30310917 1.67256637 0.14161012
v -1.32779003 1.39380531 0.28295064
v -1.32779003 1.39380531 -0.28295064
v -1.72174842 0.27876106 0.49935376
v -1.72174842 0.27876106 -0.49935376
v -0.52723322 0.83628318 -0.12801269
v -0.52723322 0.83628318 0.12801269
v -0.52964602 0.00000000 0.00000000
v -1.25535994 0.27876106 -0.27876842
v -1.25535994 0.27876106 0.27876842
v -1.28698106 1.67256637 -0.18668517
v -1.28698106 1.67256637 0.18668517
v 0.41206663 1.39380531 -0.17068358
v 0.41206663 1.39380531 0.17068358
v -0.32808570 0.83628318 -0.06526030
v -0.32808570 0.83628318 0.06526030
v 0.58848903 1.39380531 -0.37085017
v 0.58848903 1.39380531 0.37085017
v -2.17940601 0.00000000 -0.15374813
v -2.17940601 0.00000000 0.15374813
v -0.52090105 1.39380531 0.31538214
v -0.52090105 1.39380531 -0.31538214
v 0.55333256 1.39380531 -0.34477634
v 0.55333256 1.39380531 0.34477634
v 1.04653448 1.39380531 -0.39335250
v 1.04653448 1.39380531 0.39335250
v -2.19966200 0.00000000 0.05191439
v -2.19966200 0.00000000 -0.05191439
v -0.43744760 1.39380531 0.08701373
v -0.43744760 1.39380531 -0.08701373
v 0.56525832 1.67256637 -0.40561737
v 0.56525832 1.67256637 0.40561737
v 1.69975816 0.00000000 -0.41546343
v 1.69975816 0.00000000 -0.14205869
v 1.69975816 2.50884956 -0.41546343
v 1.69975816 2.50884956 -0.14205869
v 0.59975049 0.27876106 -0.44252156
v 0.59975049 0.27876106 0.44252156
v 0.31681416 0.00000000 -0.10332881
v 0.31681416 0.00000000 0.10332881
v 1.78845704 0.00000000 -0.35619673
v 1.78845704 0.00000000 -0.20132539
v 1.78845704 2.50884956 -0.35619673
v 1.78845704 2.50884956 -0.20132539
v 1.77112329 0.00000000 -0.37731798
v 1.77112329 0.00000000 -0.18020415
v 1.77112329 2.50884956 -0.37731798
v 1.77112329 2.50884956 -0.18020415
v -1.21338231 1.67256637 0.30947726
v -1.21338231 1.67256637 -0.30947726
v -1.20713335 1.39380531 0.24779416
v -1.20713335 1.39380531 -0.24779416
v -0.46357495 0.27876106 -0.19201903
v -0.46357495 0.27876106 0.19201903
v -1.50188279 1.39380531 0.41206663
v -1.50188279 1.39380531 -0.41206663
v 2.07772937 0.00000000 -0.17486326
v 2.07772937 0.00000000 -0.43841107
v 2.07772937 2.29977876 -0.17486326
v 2.07772937 2.29977876 -0.43841107
v -2.15804918 1.67256637 0.04781589
v -2.15804918 1.67256637 -0.04781589
v 1.11505162 0.27876106 -0.41720643
v 1.11505162 0.27876106 0.41720643
v -1.19410806 1.67256637 -0.09517127
v -1.19410806 1.67256637 0.09517127
v 0.78846730 1.67256637 0.48548282
v 0.78846730 1.67256637 -0.48548282
v 0.31831946 0.27876106 0.38787339
v 0.31831946 0.27876106 -0.38787339
v -2.11295094 0.00000000 0.29425556
v -2.11295094 0.00000000 -0.29425556
v 1.63210634 0.00000000 -0.14538221
v 1.63210634 0.00000000 -0.41213992
v 1.63210634 2.50884956 -0.14538221
v 1.63210634 2.50884956 -0.41213992
v 0.33290250 0.83628318 -0.03278804
v 0.33290250 0.83628318 0.03278804
v -1.57546229 0.83628318 0.32010924
v -1.57546229 0.83628318 -0.32010924
v 0.12947211 1.39380531 0.42681232
v 0.12947211 1.39380531 -0.42681232
v 0.54202763 0.00000000 0.44038457
v 0.54202763 0.00000000 -0.44038457
v -2.11643638 1.39380531 0.04371738
v -2.11643638 1.39380531 -0.04371738
v -1.57739509 1.67256637 -0.47845830
v -1.57739509 1.67256637 0.47845830
v -0.09789046 0.27876106 0.49212854
v -0.09789046 0.27876106 -0.49212854
v 0.98193931 0.27876106 0.48016387
v 0.98193931 0.27876106 -0.48016387
v 0.38787339 0.27876106 0.31831946
v 0.38787339 0.27876106 -0.31831946
v 0.22996235 1.67256637 -0.43022929
v 0.22996235 1.67256637 0.43022929
v -0.12801269 0.83628318 0.30904997
v -0.12801269 0.83628318 -0.30904997
v 2.22311947 0.00000000 -0.30663717
v 2.22311947 2.29977876 -0.30663717
v 1.35199115 0.11150443 0.67251106
v 1.35199115 0.11150443 0.69341814
v 1.35199115 0.25088496 0.67251106
v 1.35199115 0.25088496 0.69341814
v -0.39026549 1.39380531 0.00000000
v 1.21079947 0.00000000 -0.37451629
v 1.21079947 0.00000000 0.37451629
v -1.26694901 1.67256637 0.27102486
v -1.26694901 1.67256637 -0.27102486
v -0.48147828 0.27876106 0.35480491
v -0.48147828 0.27876106 -0.35480491
v -1.32761715 1.67256637 -0.34494921
v -1.32761715 1.67256637 0.34494921
v 1.75000205 0.00000000 -0.39465174
v 1.75000205 0.00000000 -0.16287039
v 1.75000205 2.50884956 -0.39465174
v 1.75000205 2.50884956 -0.16287039
v -0.14161012 1.67256637 -0.46682598
v -0.14161012 1.67256637 0.46682598
v -2.16469492 0.27876106 -0.09789046
v -2.16469492 0.27876106 0.09789046
v 1.75619469 0.00000000 0.69690266
v 1.75619469 0.00000000 0.66902655
v 1.75619469 0.25088496 0.69690266
v 1.75619469 0.25088496 0.66902655
v 0.30947726 1.67256637 -0.37709912
v 0.30947726 1.67256637 0.37709912
v 1.24570509 0.00000000 0.33600388
v 1.24570509 0.00000000 -0.33600388
v 1.02830222 0.27876106 -0.46357495
v 1.02830222 0.27876106 0.46357495
v 1.95829646 0.00000000 -0.30663717
v 1.95829646 2.29977876 -0.30663717
v 0.40947086 1.39380531 0.12947211
v 0.40947086 1.39380531 -0.12947211
v -0.51617394 0.83628318 -0.09710408
v -0.51617394 0.83628318 0.09710408
v -0.86907122 0.83628318 0.33290250
v -0.86907122 0.83628318 -0.33290250
v -0.58660978 0.00000000 -0.46710609
v -0.58660978 0.00000000 0.46710609
v -0.18584562 0.83628318 0.27813762
v -0.18584562 0.83628318 -0.27813762
v 0.15768846 0.83628318 -0.29501437
v 0.15768846 0.83628318 0.29501437
v 0.05191439 0.00000000 0.52709562
v 0.05191439 0.00000000 -0.52709562
v -1.32411505 1.67256637 0.00000000
v 0.33692943 0.27876106 0.04918206
v 0.33692943 0.27876106 -0.04918205
v 0.49935376 0.27876106 0.04918206
v 0.49935376 0.27876106 -0.04918205
v -1.22963568 1.39380531 -0.21025129
v -1.22963568 1.39380531 0.21025129
v 0.78436880 0.00000000 0.52709562
v 0.78436880 0.00000000 -0.52709562
v 0.67859472 0.83628318 -0.29501437
v 0.67859472 0.83628318 0.29501437
v 2.10368656 0.00000000 -0.17486326
v 2.10368656 0.00000000 -0.43841107
v 2.10368656 2.29977876 -0.17486326
v 2.10368656 2.29977876 -0.43841107
v 1.02212880 0.83628318 0.27813762
v 1.02212880 0.83628318 -0.27813762
v 0.42681232 1.39380531 0.12947211
v 0.42681232 1.39380531 -0.12947211
v -0.93961200 0.00000000 0.51946902
v -0.93961200 0.00000000 -0.51946902
v -1.26651248 1.67256637 0.22996235
v -1.26651248 1.67256637 -0.22996235
v -0.19201903 0.27876106 -0.46357495
v -0.19201903 0.27876106 0.46357495
v -0.34695407 0.00000000 0.20268675
v -0.34695407 0.00000000 -0.20268675
v -1.30338927 0.00000000 0.24967340
v -1.30338927 0.00000000 -0.24967340
v -0.40942191 0.00000000 0.33600388
v -0.40942191 0.00000000 -0.33600388
v -1.93114863 0.83628318 0.21221297
v -1.93114863 0.83628318 -0.21221297
v 0.52680593 1.67256637 -0.37709912
v 0.52680593 1.67256637 0.37709912
v -1.60730607 0.83628318 -0.32808570
v -1.60730607 0.83628318 0.32808570
v -1.88477935 0.83628318 0.25858226
v -1.88477935 0.83628318 -0.25858226
v 0.82234513 0.44601770 1.16382743
v 0.82234513 0.44601770 0.50873894
v 0.82234513 0.50176991 1.16382743
v 0.82234513 0.50176991 0.50873894
v 0.97789330 1.67256637 -0.46682598
v 0.97789330 1.67256637 0.46682598
v -0.37451629 0.00000000 -0.37451629
v -0.37451629 0.00000000 0.37451629
v -0.62407021 0.83628318 0.25858226
v -0.62407021 0.83628318 -0.25858226
v -0.90154349 0.83628318 -0.32808570
v -0.90154349 0.83628318 0.32808570
v -0.57770093 0.83628318 0.21221297
v -0.57770093 0.83628318 -0.21221297
v -1.20546029 0.00000000 0.24967340
v -1.20546029 0.00000000 -0.24967340
v -2.16189549 0.00000000 0.20268675
v -2.16189549 0.00000000 -0.20268675
v 0.96429588 0.83628318 0.30904997
v 0.96429588 0.83628318 -0.30904997
v 0.70681108 1.39380531 0.42681232
v 0.70681108 1.39380531 -0.42681232
v -1.56923756 0.00000000 0.51946902
v -1.56923756 0.00000000 -0.51946902
v 1.54964372 0.00000000 -0.34446459
v 1.54964372 0.00000000 -0.21305753
v 1.54964372 2.50884956 -0.34446459
v 1.54964372 2.50884956 -0.21305753
v -1.27921388 1.39380531 -0.21025129
v -1.27921388 1.39380531 0.21025129
v 0.60632084 1.67256637 -0.43022929
v 0.60632084 1.67256637 0.43022929
v 0.44840980 0.27876106 0.31831946
v 0.44840980 0.27876106 -0.31831946
v -1.24233708 1.67256637 0.22996235
v -1.24233708 1.67256637 -0.22996235
v 0.93417364 0.27876106 0.49212854
v 0.93417364 0.27876106 -0.49212854
v 0.29425556 0.00000000 0.44038457
v 0.29425556 0.00000000 -0.44038457
v 0.50338068 0.83628318 -0.03278804
v 0.50338068 0.83628318 0.03278804
v -1.18473451 1.67256637 0.00000000
v -0.14565612 0.27876106 0.48016387
v -0.14565612 0.27876106 -0.48016387
v 0.51796372 0.27876106 0.38787339
v 0.51796372 0.27876106 -0.38787339
v 0.04781589 1.67256637 0.48548282
v 0.04781589 1.67256637 -0.48548282
v 1.63075221 0.11150443 0.67251106
v 1.63075221 0.11150443 0.69341814
v 1.63075221 0.25088496 0.67251106
v 1.63075221 0.25088496 0.69341814
v -0.27876842 0.27876106 -0.41720643
v -0.27876842 0.27876106 0.41720643
v 0.27102486 1.67256637 -0.40561737
v 0.27102486 1.67256637 0.40561737
v 1.27373078 1.39380531 0.08701373
v 1.27373078 1.39380531 -0.08701373
v 0.51946902 0.00000000 -0.10332881
v 0.51946902 0.00000000 0.10332881
v 0.23653270 0.27876106 -0.44252156
v 0.23653270 0.27876106 0.44252156
v 1.29985814 0.27876106 -0.19201903
v 1.29985814 0.27876106 0.19201903
v -1.92223977 0.00000000 -0.46710609
v -1.92223977 0.00000000 0.46710609
v -1.63977833 0.83628318 0.33290250
v -1.63977833 0.83628318 -0.33290250
v -1.99267562 0.83628318 -0.09710408
v -1.99267562 0.83628318 0.09710408
v -0.21025129 1.39380531 -0.39335250
v -0.21025129 1.39380531 0.39335250
v 1.81127575 0.00000000 -0.26509938
v 1.81127575 0.00000000 -0.29242274
v 1.81127575 2.50884956 -0.26509938
v 1.81127575 2.50884956 -0.29242274
v 0.28295064 1.39380531 -0.34477634
v 0.28295064 1.39380531 0.34477634
v -1.18123240 1.67256637 -0.34494921
v -1.18123240 1.67256637 0.34494921
v 0.24779416 1.39380531 -0.37085017
v 0.24779416 1.39380531 0.37085017
v 1.16436888 0.83628318 -0.06526030
v 1.16436888 0.83628318 0.06526030
v 2.06487576 0.00000000 -0.17676991
v 2.06487576 0.00000000 -0.43650442
v 2.06487576 2.29977876 -0.17676991
v 2.06487576 2.29977876 -0.43650442
v -0.34415464 0.27876106 -0.09789046
v -0.34415464 0.27876106 0.09789046
v -2.02737128 0.27876106 0.35480491
v -2.02737128 0.27876106 -0.35480491
v 1.36592921 0.00000000 0.00000000
v 0.42421656 1.39380531 -0.17068358
v 0.42421656 1.39380531 0.17068358
v -1.24190055 1.67256637 0.27102486
v -1.24190055 1.67256637 -0.27102486
v -2.11858407 1.39380531 0.00000000
v -0.46682598 1.67256637 -0.14161012
v -0.46682598 1.67256637 0.14161012
v -0.39241318 1.39380531 0.04371738
v -0.39241318 1.39380531 -0.04371738
v -0.93338727 0.83628318 0.32010924
v -0.93338727 0.83628318 -0.32010924
v 0.04371738 1.39380531 0.44387001
v 0.04371738 1.39380531 -0.44387001
v -0.93145446 1.67256637 -0.47845830
v -0.93145446 1.67256637 0.47845830
v 1.27880474 0.27876106 0.23653270
v 1.27880474 0.27876106 -0.23653270
v 2.20080411 0.00000000 -0.23307328
v 2.20080411 0.00000000 -0.38020106
v 2.20080411 2.29977876 -0.23307328
v 2.20080411 2.29977876 -0.38020106
v 1.80926875 0.00000000 -0.30595286
v 1.80926875 0.00000000 -0.25156927
v 1.80926875 2.50884956 -0.30595286
v 1.80926875 2.50884956 -0.25156927
v -0.39589862 0.00000000 0.29425556
v -0.39589862 0.00000000 -0.29425556
v -0.18668517 1.67256637 -0.45069787
v -0.18668517 1.67256637 0.45069787
v -0.35080037 1.67256637 0.04781589
v -0.35080037 1.67256637 -0.04781589
v -1.30171621 1.39380531 0.24779416
v -1.30171621 1.39380531 -0.24779416
v 0.63359643 0.00000000 0.48932911
v 0.63359643 0.00000000 -0.48932911
v -1.31474149 1.67256637 -0.09517127
v -1.31474149 1.67256637 0.09517127
v 0.50027931 0.00000000 -0.40942191
v 0.50027931 0.00000000 0.40942191
v -1.00696677 1.39380531 0.41206663
v -1.00696677 1.39380531 -0.41206663
v 1.13129755 0.83628318 0.15768846
v 1.13129755 0.83628318 -0.15768846
v -1.29546724 1.67256637 0.30947726
v -1.29546724 1.67256637 -0.30947726
v -0.30918756 0.00000000 0.05191439
v -0.30918756 0.00000000 -0.05191439
v 0.35611932 0.27876106 -0.14565612
v 0.35611932 0.27876106 0.14565612
v 1.76098844 0.00000000 -0.38650367
v 1.76098844 0.00000000 -0.17101846
v 1.76098844 2.50884956 -0.38650367
v 1.76098844 2.50884956 -0.17101846
v 0.55814557 0.83628318 -0.18584562
v 0.55814557 0.83628318 0.18584562
v 0.23653661 0.83628318 0.23653661
v 0.23653661 0.83628318 -0.23653661
v -1.98794851 1.39380531 0.31538214
v -1.98794851 1.39380531 -0.31538214
v -1.22186850 1.67256637 -0.18668517
v -1.22186850 1.67256637 0.18668517
v -0.32944355 0.00000000 -0.15374813
v -0.32944355 0.00000000 0.15374813
v 1.95893406 0.00000000 -0.31961576
v 1.95893406 0.00000000 -0.29365857
v 1.95893406 2.29977876 -0.31961576
v 1.95893406 2.29977876 -0.29365857
v -1.98161634 0.83628318 -0.12801269
v -1.98161634 0.83628318 0.12801269
v -1.25348962 0.27876106 -0.27876842
v -1.25348962 0.27876106 0.27876842
v 0.83628318 0.00000000 -0.52964602
v 0.83628318 0.00000000 1.14988938
v 0.83628318 0.00000000 0.52267699
v 0.83628318 0.00000000 0.52964602
v 0.83628318 0.27876106 -0.50176991
v 0.83628318 0.27876106 0.50176991
v 0.83628318 0.83628318 0.33451327
v 0.83628318 0.83628318 -0.33451327
v 0.83628318 0.44601770 1.14988938
v 0.83628318 0.44601770 0.52267699
v 0.83628318 1.39380531 0.44601770
v 0.83628318 1.39380531 -0.44601770
v 0.83628318 1.67256637 -0.48783186
v 0.83628318 1.67256637 0.48783186
v -0.78710114 0.27876106 0.49935376
v -0.78710114 0.27876106 -0.49935376
v -0.74926945 1.39380531 -0.43744760
v -0.74926945 1.39380531 0.43744760
v -1.18105953 1.39380531 0.28295064
v -1.18105953 1.39380531 -0.28295064
v -1.51881825 0.00000000 0.50683964
v -1.51881825 0.00000000 -0.50683964
v 1.53918752 0.00000000 -0.23830103
v 1.53918752 0.00000000 -0.31922110
v 1.53918752 2.50884956 -0.23830103
v 1.53918752 2.50884956 -0.31922110
v 2.20748449 0.00000000 -0.24421882
v 2.20748449 0.00000000 -0.36905552
v 2.20748449 2.29977876 -0.24421882
v 2.20748449 2.29977876 -0.36905552
v -0.50176991 0.27876106 0.00000000
v -0.50176991 0.83628318 0.00000000
v 1.11442081 0.83628318 -0.18584562
v 1.11442081 0.83628318 0.18584562
v 1.31644706 0.27876106 -0.14565612
v 1.31644706 0.27876106 0.14565612
v 0.54126882 0.83628318 0.15768846
v 0.54126882 0.83628318 -0.15768846
v 2.02828961 0.00000000 -0.42341369
v 2.02828961 0.00000000 -0.18986064
v 2.02828961 2.29977876 -0.42341369
v 2.02828961 2.29977876 -0.18986064
v -1.17079646 0.27876106 0.00000000
v -1.17079646 0.83628318 0.00000000
v 1.17228706 0.00000000 -0.40942191
v 1.17228706 0.00000000 0.40942191
v 1.03896994 0.00000000 0.48932911
v 1.03896994 0.00000000 -0.48932911
v 1.72590499 0.00000000 -0.14999024
v 1.72590499 0.00000000 -0.40753188
v 1.72590499 2.50884956 -0.14999024
v 1.72590499 2.50884956 -0.40753188
v 1.54379555 0.00000000 -0.33209968
v 1.54379555 0.00000000 -0.22542244
v 1.54379555 2.50884956 -0.33209968
v 1.54379555 2.50884956 -0.22542244
v 0.39376163 0.27876106 0.23653270
v 0.39376163 0.27876106 -0.23653270
v 0.97566372 0.11150443 0.67251106
v 0.97566372 0.11150443 0.69341814
v 0.97566372 0.25088496 0.67251106
v 0.97566372 0.25088496 0.69341814
v -0.15374813 0.00000000 0.50683964
v -0.15374813 0.00000000 -0.50683964
v -0.49150684 1.39380531 0.28295064
v -0.49150684 1.39380531 -0.28295064
v -0.92329692 1.39380531 -0.43744760
v -0.92329692 1.39380531 0.43744760
v -0.88546524 0.27876106 0.49935376
v -0.88546524 0.27876106 -0.49935376
v -0.41907676 0.27876106 -0.27876842
v -0.41907676 0.27876106 0.27876842
v 0.30904997 0.83628318 -0.12801269
v 0.30904997 0.83628318 0.12801269
v 1.65890469 0.00000000 -0.41747044
v 1.65890469 0.00000000 -0.14005169
v 1.65890469 2.50884956 -0.41747044
v 1.65890469 2.50884956 -0.14005169
v -0.45069787 1.67256637 -0.18668517
v -0.45069787 1.67256637 0.18668517
v 1.24834981 1.39380531 -0.17068358
v 1.24834981 1.39380531 0.17068358
v 0.30663717 0.00000000 0.00000000
v 0.50819749 0.83628318 -0.06526030
v 0.50819749 0.83628318 0.06526030
v -1.34312283 0.00000000 -0.15374813
v -1.34312283 0.00000000 0.15374813
v 0.31538214 1.39380531 0.31538214
v 0.31538214 1.39380531 -0.31538214
v -1.36337881 0.00000000 0.05191439
v -1.36337881 0.00000000 -0.05191439
v -1.90910297 0.83628318 0.23653661
v -1.90910297 0.83628318 -0.23653661
v 0.39883559 1.39380531 0.08701373
v 0.39883559 1.39380531 -0.08701373
v 2.18433703 0.00000000 -0.40026624
v 2.18433703 0.00000000 -0.21300810
v 2.18433703 2.29977876 -0.40026624
v 2.18433703 2.29977876 -0.21300810
v -0.37709912 1.67256637 0.30947726
v -0.37709912 1.67256637 -0.30947726
v -0.37085017 1.39380531 0.24779416
v -0.37085017 1.39380531 -0.24779416
v 0.37270823 0.27876106 -0.19201903
v 0.37270823 0.27876106 0.19201903
v -0.35782488 1.67256637 -0.09517127
v -0.35782488 1.67256637 0.09517127
v -1.32176600 1.67256637 0.04781589
v -1.32176600 1.67256637 -0.04781589
v -1.48588120 1.67256637 -0.45069787
v -1.48588120 1.67256637 0.45069787
v -0.66559960 1.39380531 0.41206663
v -0.66559960 1.39380531 -0.41206663
v 1.16918568 0.83628318 -0.03278804
v 1.16918568 0.83628318 0.03278804
v 1.15460264 0.27876106 0.38787339
v 1.15460264 0.27876106 -0.38787339
v -1.27666776 0.00000000 0.29425556
v -1.27666776 0.00000000 -0.29425556
v 0.96575529 1.39380531 0.42681232
v 0.96575529 1.39380531 -0.42681232
v -1.28015319 1.39380531 0.04371738
v -1.28015319 1.39380531 -0.04371738
v -0.74111191 1.67256637 -0.47845830
v -0.74111191 1.67256637 0.47845830
v -1.71628375 1.39380531 0.44387001
v -1.71628375 1.39380531 -0.44387001
v -1.20574039 1.67256637 -0.14161012
v -1.20574039 1.67256637 0.14161012
v 0.73839273 0.27876106 0.49212854
v 0.73839273 0.27876106 -0.49212854
v 1.22415657 0.27876106 0.31831946
v 1.22415657 0.27876106 -0.31831946
v 1.06624553 1.67256637 -0.43022929
v 1.06624553 1.67256637 0.43022929
v -0.73917910 0.83628318 0.32010924
v -0.73917910 0.83628318 -0.32010924
v 0.44601770 1.39380531 0.00000000
v 0.70827050 0.83628318 0.30904997
v 0.70827050 0.83628318 -0.30904997
v -0.43066582 1.67256637 0.27102486
v -0.43066582 1.67256637 -0.27102486
v 0.35480491 0.27876106 0.35480491
v 0.35480491 0.27876106 -0.35480491
v -1.32841173 0.27876106 -0.09789046
v -1.32841173 0.27876106 0.09789046
v -1.92036053 1.39380531 -0.37085017
v -1.92036053 1.39380531 0.37085017
v -0.49133397 1.67256637 -0.34494921
v -0.49133397 1.67256637 0.34494921
v 0.69467307 1.67256637 -0.46682598
v 0.69467307 1.67256637 0.46682598
v -1.95551700 1.39380531 -0.34477634
v -1.95551700 1.39380531 0.34477634
v -1.46231508 1.39380531 -0.39335250
v -1.46231508 1.39380531 0.39335250
v 2.04003627 0.00000000 -0.42896945
v 2.04003627 0.00000000 -0.18430489
v 2.04003627 2.29977876 -0.42896945
v 2.04003627 2.29977876 -0.18430489
v 1.14576044 1.67256637 -0.37709912
v 1.14576044 1.67256637 0.37709912
v 0.32010924 0.83628318 -0.09710408
v 0.32010924 0.83628318 0.09710408
v -0.03278804 0.83628318 0.33290250
v -0.03278804 0.83628318 -0.33290250
v 0.24967340 0.00000000 -0.46710609
v 0.24967340 0.00000000 0.46710609
v 0.99397165 0.83628318 -0.29501437
v 0.99397165 0.83628318 0.29501437
v -2.19203539 0.00000000 -0.10332881
v -2.19203539 0.00000000 0.10332881
v -1.94359123 1.67256637 -0.40561737
v -1.94359123 1.67256637 0.40561737
v -1.90909907 0.27876106 -0.44252156
v -1.90909907 0.27876106 0.44252156
v 0.65043757 0.83628318 0.27813762
v 0.65043757 0.83628318 -0.27813762
v -1.39379794 0.27876106 -0.41720643
v -1.39379794 0.27876106 0.41720643
v 0.88819757 0.00000000 0.52709562
v 0.88819757 0.00000000 -0.52709562
v 2.17470893 0.00000000 -0.40899264
v 2.17470893 0.00000000 -0.20428169
v 2.17470893 2.29977876 -0.40899264
v 2.17470893 2.29977876 -0.20428169
v 1.33563694 0.27876106 0.04918206
v 1.33563694 0.27876106 -0.04918205
v 1.25442478 0.11150443 0.67251106
v 1.25442478 0.11150443 0.69341814
v 1.25442478 0.25088496 0.67251106
v 1.25442478 0.25088496 0.69341814
v -0.48783186 1.67256637 0.00000000
v 1.73826990 0.00000000 -0.15583841
v 1.73826990 0.00000000 -0.40168371
v 1.73826990 2.50884956 -0.15583841
v 1.73826990 2.50884956 -0.40168371
v -1.52691025 0.27876106 0.48016387
v -1.52691025 0.27876106 -0.48016387
v -0.39335250 1.39380531 -0.21025129
v -0.39335250 1.39380531 0.21025129
v -1.96682194 0.00000000 0.44038457
v -1.96682194 0.00000000 -0.44038457
v -1.72038226 1.67256637 0.48548282
v -1.72038226 1.67256637 -0.48548282
v -0.43022929 1.67256637 0.22996235
v -0.43022929 1.67256637 -0.22996235
v 1.26309551 1.39380531 0.12947211
v 1.26309551 1.39380531 -0.12947211
v -0.10332881 0.00000000 0.51946902
v -0.10332881 0.00000000 -0.51946902
v -0.77102289 0.83628318 -0.32808570
v -0.77102289 0.83628318 0.32808570
v 0.64426416 0.27876106 -0.46357495
v 0.64426416 0.27876106 0.46357495
v 0.48932911 0.00000000 0.20268675
v 0.48932911 0.00000000 -0.20268675
v -0.46710609 0.00000000 0.24967340
v -0.46710609 0.00000000 -0.24967340
v -1.09486544 0.83628318 0.21221297
v -1.09486544 0.83628318 -0.21221297
v -1.04849616 0.83628318 0.25858226
v -1.04849616 0.83628318 -0.25858226
v -1.29805008 0.00000000 -0.37451629
v -1.29805008 0.00000000 0.37451629
v 0.42686128 0.00000000 0.33600388
v 0.42686128 0.00000000 -0.33600388
v 1.98835249 0.00000000 -0.22263620
v 1.98835249 0.00000000 -0.39063813
v 1.98835249 2.29977876 -0.22263620
v 1.98835249 2.29977876 -0.39063813
v -1.26314447 0.00000000 0.33600388
v -1.26314447 0.00000000 -0.33600388
v 0.46176690 0.00000000 -0.37451629
v 0.46176690 0.00000000 0.37451629
v 0.21221297 0.83628318 0.25858226
v 0.21221297 0.83628318 -0.25858226
v 2.16427185 0.00000000 -0.41673331
v 2.16427185 0.00000000 -0.19654103
v 2.16427185 2.29977876 -0.41673331
v 2.16427185 2.29977876 -0.19654103
v 1.78030898 0.00000000 -0.36718313
v 1.78030898 0.00000000 -0.19033899
v 1.78030898 2.50884956 -0.36718313
v 1.78030898 2.50884956 -0.19033899
v 0.25858226 0.83628318 0.21221297
v 0.25858226 0.83628318 -0.21221297
v -2.09937870 1.39380531 0.12947211
v -2.09937870 1.39380531 -0.12947211
v -0.36917710 0.00000000 0.24967340
v -0.36917710 0.00000000 -0.24967340
v -1.32561230 0.00000000 0.20268675
v -1.32561230 0.00000000 -0.20268675
v 2.22057522 0.00000000 -0.28080497
v 2.22057522 0.00000000 -0.33246937
v 2.22057522 2.29977876 -0.28080497
v 2.22057522 2.29977876 -0.33246937
v -1.48054734 0.27876106 -0.46357495
v -1.48054734 0.27876106 0.46357495
v -0.06526030 0.83628318 -0.32808570
v -0.06526030 0.83628318 0.32808570
v -0.73295438 0.00000000 0.51946902
v -0.73295438 0.00000000 -0.51946902
v -0.40605389 1.67256637 0.22996235
v -0.40605389 1.67256637 -0.22996235
v 0.88409907 1.67256637 0.48548282
v 0.88409907 1.67256637 -0.48548282
v 1.13053875 0.00000000 0.44038457
v 1.13053875 0.00000000 -0.44038457
v -0.44293069 1.39380531 -0.21025129
v -0.44293069 1.39380531 0.21025129
v 0.69062707 0.27876106 0.48016387
v 0.69062707 0.27876106 -0.48016387
v -0.34845132 1.67256637 0.00000000
v -2.17192013 0.27876106 0.04918206
v -2.17192013 0.27876106 -0.04918205
v -1.72448076 0.00000000 0.52709562
v -1.72448076 0.00000000 -0.52709562
v 0.55751476 0.27876106 -0.41720643
v 0.55751476 0.27876106 0.41720643
v -1.83025484 0.83628318 -0.29501437
v -1.83025484 0.83628318 0.29501437
v 1.10730804 1.67256637 -0.40561737
v 1.10730804 1.67256637 0.40561737
v 1.35575220 0.00000000 -0.10332881
v 1.35575220 0.00000000 0.10332881
v -1.48672075 0.83628318 0.27813762
v -1.48672075 0.83628318 -0.27813762
v 1.07281589 0.27876106 -0.44252156
v 1.07281589 0.27876106 0.44252156
v -1.08595659 0.00000000 -0.46710609
v -1.08595659 0.00000000 0.46710609
v -0.80349515 0.83628318 0.33290250
v -0.80349515 0.83628318 -0.33290250
v -1.15639243 0.83628318 -0.09710408
v -1.15639243 0.83628318 0.09710408
v -1.98204362 1.67256637 -0.37709912
v -1.98204362 1.67256637 0.37709912
v 0.62603190 1.39380531 -0.39335250
v 0.62603190 1.39380531 0.39335250
v 1.11923382 1.39380531 -0.34477634
v 1.11923382 1.39380531 0.34477634
v -1.53095626 1.67256637 -0.46682598
v -1.53095626 1.67256637 0.46682598
v -1.19108810 0.27876106 0.35480491
v -1.19108810 0.27876106 -0.35480491
v -0.34494921 1.67256637 -0.34494921
v -0.34494921 1.67256637 0.34494921
v 1.08407735 1.39380531 -0.37085017
v 1.08407735 1.39380531 0.37085017
v 0.49212854 0.27876106 -0.09789046
v 0.49212854 0.27876106 0.09789046
v -0.40561737 1.67256637 0.27102486
v -0.40561737 1.67256637 -0.27102486
v -1.54455368 0.83628318 0.30904997
v -1.54455368 0.83628318 -0.30904997
v -1.28230088 1.39380531 0.00000000
v -2.06043976 0.27876106 0.31831946
v -2.06043976 0.27876106 -0.31831946
v -1.57467592 0.27876106 0.49212854
v -1.57467592 0.27876106 -0.49212854
v -0.09710408 0.83628318 0.32010924
v -0.09710408 0.83628318 -0.32010924
v 1.53318584 0.00000000 -0.27876106
v 1.53318584 2.50884956 -0.27876106
v -1.90252872 1.67256637 -0.43022929
v -1.90252872 1.67256637 0.43022929
v -1.99088584 0.27876106 0.38787339
v -1.99088584 0.27876106 -0.38787339
v 0.36945721 1.67256637 -0.14161012
v 0.36945721 1.67256637 0.14161012
v 0.88000057 1.39380531 0.44387001
v 0.88000057 1.39380531 -0.44387001
v -0.09517127 1.67256637 -0.47845830
v -0.09517127 1.67256637 0.47845830
v 0.44387001 1.39380531 0.04371738
v 0.44387001 1.39380531 -0.04371738
v -1.80203848 1.39380531 0.42681232
v -1.80203848 1.39380531 -0.42681232
v -2.00546888 0.83628318 -0.03278804
v -2.00546888 0.83628318 0.03278804
v 0.44038457 0.00000000 0.29425556
v 0.44038457 0.00000000 -0.29425556
v -0.17068358 1.39380531 0.41206663
v -0.17068358 1.39380531 -0.41206663
v 0.64959802 1.67256637 -0.45069787
v 0.64959802 1.67256637 0.45069787
v 0.48548282 1.67256637 0.04781589
v 0.48548282 1.67256637 -0.04781589
v -0.47845830 1.67256637 -0.09517127
v -0.47845830 1.67256637 0.09517127
v -1.20899142 0.27876106 -0.19201903
v -1.20899142 0.27876106 0.19201903
v -0.46543302 1.39380531 0.24779416
v -0.46543302 1.39380531 -0.24779416
v -0.45918406 1.67256637 0.30947726
v -0.45918406 1.67256637 -0.30947726
v 0.52709562 0.00000000 0.05191439
v 0.52709562 0.00000000 -0.05191439
v -1.23511877 1.39380531 0.08701373
v -1.23511877 1.39380531 -0.08701373
v 1.07281979 0.83628318 0.23653661
v 1.07281979 0.83628318 -0.23653661
v -1.15166532 1.39380531 0.31538214
v -1.15166532 1.39380531 -0.31538214
v 0.50683964 0.00000000 -0.15374813
v 0.50683964 0.00000000 0.15374813
v -1.14292035 0.00000000 0.00000000
v -2.08463300 1.39380531 -0.17068358
v -2.08463300 1.39380531 0.17068358
v -0.38558531 1.67256637 -0.18668517
v -0.38558531 1.67256637 0.18668517
v -1.14533316 0.83628318 -0.12801269
v -1.14533316 0.83628318 0.12801269
v -0.41720643 0.27876106 -0.27876842
v -0.41720643 0.27876106 0.27876842
v -1.34448068 0.83628318 -0.06526030
v -1.34448068 0.83628318 0.06526030
v 0.04918205 0.27876106 0.49935376
v 0.04918205 0.27876106 -0.49935376
v 1.67256637 0.00000000 -0.41814159
v 1.67256637 0.00000000 -0.13938053
v 1.67256637 2.50884956 -0.41814159
v 1.67256637 2.50884956 -0.13938053
v -0.68253507 0.00000000 0.50683964
v -0.68253507 0.00000000 -0.50683964
v 0.08701373 1.39380531 -0.43744760
v 0.08701373 1.39380531 0.43744760
v 1.96399806 0.00000000 -0.26820014
v 1.96399806 0.00000000 -0.34507420
v 1.96399806 2.29977876 -0.26820014
v 1.96399806 2.29977876 -0.34507420
v -0.34477634 1.39380531 0.28295064
v -0.34477634 1.39380531 -0.28295064
v -1.23004482 0.27876106 0.23653270
v -1.23004482 0.27876106 -0.23653270
v -2.00857025 0.00000000 -0.40942191
v -2.00857025 0.00000000 0.40942191
v -1.87525312 0.00000000 0.48932911
v -1.87525312 0.00000000 -0.48932911
v 0.33451327 0.27876106 0.00000000
v 0.33451327 0.83628318 0.00000000
v -1.37755200 0.83628318 0.15768846
v -1.37755200 0.83628318 -0.15768846
v -2.15273024 0.27876106 -0.14565612
v -2.15273024 0.27876106 0.14565612
v 1.96837569 0.00000000 -0.35730885
v 1.96837569 0.00000000 -0.25596548
v 1.96837569 2.29977876 -0.35730885
v 1.96837569 2.29977876 -0.25596548
v -0.33451327 0.27876106 0.00000000
v -0.33451327 0.83628318 0.00000000
v -1.95070400 0.83628318 -0.18584562
v -1.95070400 0.83628318 0.18584562
v 0.34477634 1.39380531 0.28295064
v 0.34477634 1.39380531 -0.28295064
v -0.08701373 1.39380531 -0.43744760
v -0.08701373 1.39380531 0.43744760
v 1.81194691 0.00000000 -0.27876106
v 1.81194691 2.50884956 -0.27876106
v 0.68253507 0.00000000 0.50683964
v 0.68253507 0.00000000 -0.50683964
v -1.67256637 0.00000000 -0.52964602
v -1.67256637 0.00000000 0.52964602
v -1.67256637 0.27876106 -0.50176991
v -1.67256637 0.27876106 0.50176991
v -1.67256637 0.83628318 0.33451327
v -1.67256637 0.83628318 -0.33451327
v -1.67256637 1.39380531 0.44601770
v -1.67256637 1.39380531 -0.44601770
v -1.67256637 1.67256637 -0.48783186
v -1.67256637 1.67256637 0.48783186
v -0.04918205 0.27876106 0.49935376
v -0.04918205 0.27876106 -0.49935376
v 0.41720643 0.27876106 -0.27876842
v 0.41720643 0.27876106 0.27876842
v 1.14533316 0.83628318 -0.12801269
v 1.14533316 0.83628318 0.12801269
v 2.12914499 0.00000000 -0.43334708
v 2.12914499 0.00000000 -0.17992726
v 2.12914499 2.29977876 -0.43334708
v 2.12914499 2.29977876 -0.17992726
v 0.38558531 1.67256637 -0.18668517
v 0.38558531 1.67256637 0.18668517
v -0.50683964 0.00000000 -0.15374813
v -0.50683964 0.00000000 0.15374813
v 1.15166532 1.39380531 0.31538214
v 1.15166532 1.39380531 -0.31538214
v -1.07281979 0.83628318 0.23653661
v -1.07281979 0.83628318 -0.23653661
v -1.39442875 0.83628318 -0.18584562
v -1.39442875 0.83628318 0.18584562
v -1.19240251 0.27876106 -0.14565612
v -1.19240251 0.27876106 0.14565612
v -0.52709562 0.00000000 0.05191439
v -0.52709562 0.00000000 -0.05191439
v 0.45918406 1.67256637 0.30947726
v 0.45918406 1.67256637 -0.30947726
v 0.46543302 1.39380531 0.24779416
v 0.46543302 1.39380531 -0.24779416
v -1.96758074 0.83628318 0.15768846
v -1.96758074 0.83628318 -0.15768846
v -1.33656249 0.00000000 -0.40942191
v -1.33656249 0.00000000 0.40942191
v 0.47845830 1.67256637 -0.09517127
v 0.47845830 1.67256637 0.09517127
v -1.46987961 0.00000000 0.48932911
v -1.46987961 0.00000000 -0.48932911
v -0.48548282 1.67256637 0.04781589
v -0.48548282 1.67256637 -0.04781589
v -0.64959802 1.67256637 -0.45069787
v -0.64959802 1.67256637 0.45069787
v 0.17068358 1.39380531 0.41206663
v 0.17068358 1.39380531 -0.41206663
v -0.44038457 0.00000000 0.29425556
v -0.44038457 0.00000000 -0.29425556
v -2.11508793 0.27876106 0.23653270
v -2.11508793 0.27876106 -0.23653270
v -0.44387001 1.39380531 0.04371738
v -0.44387001 1.39380531 -0.04371738
v 0.09517127 1.67256637 -0.47845830
v 0.09517127 1.67256637 0.47845830
v -0.88000057 1.39380531 0.44387001
v -0.88000057 1.39380531 -0.44387001
v -0.36945721 1.67256637 -0.14161012
v -0.36945721 1.67256637 0.14161012
v 0.09710408 0.83628318 0.32010924
v 0.09710408 0.83628318 -0.32010924
v 1.28230088 1.39380531 0.00000000
v 1.56482377 0.00000000 -0.36718313
v 1.56482377 0.00000000 -0.19033899
v 1.56482377 2.50884956 -0.36718313
v 1.56482377 2.50884956 -0.19033899
v 0.40561737 1.67256637 0.27102486
v 0.40561737 1.67256637 -0.27102486
v -1.26049975 1.39380531 -0.17068358
v -1.26049975 1.39380531 0.17068358
v -2.20221239 0.00000000 0.00000000
v -0.49212854 0.27876106 -0.09789046
v -0.49212854 0.27876106 0.09789046
v -2.00065207 0.83628318 -0.06526030
v -2.00065207 0.83628318 0.06526030
v -1.08407735 1.39380531 -0.37085017
v -1.08407735 1.39380531 0.37085017
v 0.34494921 1.67256637 -0.34494921
v 0.34494921 1.67256637 0.34494921
v 1.19108810 0.27876106 0.35480491
v 1.19108810 0.27876106 -0.35480491
v -1.11923382 1.39380531 -0.34477634
v -1.11923382 1.39380531 0.34477634
v -0.62603190 1.39380531 -0.39335250
v -0.62603190 1.39380531 0.39335250
v 1.15639243 0.83628318 -0.09710408
v 1.15639243 0.83628318 0.09710408
v 0.80349515 0.83628318 0.33290250
v 0.80349515 0.83628318 -0.33290250
v 1.08595659 0.00000000 -0.46710609
v 1.08595659 0.00000000 0.46710609
v -2.13614133 0.27876106 -0.19201903
v -2.13614133 0.27876106 0.19201903
v -1.07281589 0.27876106 -0.44252156
v -1.07281589 0.27876106 0.44252156
v -1.35575220 0.00000000 -0.10332881
v -1.35575220 0.00000000 0.10332881
v -2.11001396 1.39380531 0.08701373
v -2.11001396 1.39380531 -0.08701373
v -1.10730804 1.67256637 -0.40561737
v -1.10730804 1.67256637 0.40561737
v -0.55751476 0.27876106 -0.41720643
v -0.55751476 0.27876106 0.41720643
v 2.09070797 0.00000000 -0.17422567
v 2.09070797 0.00000000 -0.43904867
v 2.09070797 2.29977876 -0.17422567
v 2.09070797 2.29977876 -0.43904867
v 2.09070797 0.11150443 0.67251106
v 2.09070797 0.11150443 0.69341814
v 2.09070797 0.25088496 0.67251106
v 2.09070797 0.25088496 0.69341814
v 0.34845132 1.67256637 0.00000000
v 1.60686284 0.00000000 -0.15583841
v 1.60686284 0.00000000 -0.40168371
v 1.60686284 2.50884956 -0.15583841
v 1.60686284 2.50884956 -0.40168371
v -1.35424691 0.27876106 0.38787339
v -1.35424691 0.27876106 -0.38787339
v -0.69062707 0.27876106 0.48016387
v -0.69062707 0.27876106 -0.48016387
v -1.33966387 0.83628318 -0.03278804
v -1.33966387 0.83628318 0.03278804
v 0.44293069 1.39380531 -0.21025129
v 0.44293069 1.39380531 0.21025129
v -1.13053875 0.00000000 0.44038457
v -1.13053875 0.00000000 -0.44038457
v -0.88409907 1.67256637 0.48548282
v -0.88409907 1.67256637 -0.48548282
v 0.40605389 1.67256637 0.22996235
v 0.40605389 1.67256637 -0.22996235
v -1.28469298 0.27876106 0.31831946
v -1.28469298 0.27876106 -0.31831946
v -1.44260403 1.67256637 -0.43022929
v -1.44260403 1.67256637 0.43022929
v 0.73295438 0.00000000 0.51946902
v 0.73295438 0.00000000 -0.51946902
v -1.54309426 1.39380531 0.42681232
v -1.54309426 1.39380531 -0.42681232
v -1.77045682 0.27876106 0.49212854
v -1.77045682 0.27876106 -0.49212854
v -1.80057906 0.83628318 0.30904997
v -1.80057906 0.83628318 -0.30904997
v 0.06526030 0.83628318 -0.32808570
v 0.06526030 0.83628318 0.32808570
v 1.32561230 0.00000000 0.20268675
v 1.32561230 0.00000000 -0.20268675
v 0.36917710 0.00000000 0.24967340
v 0.36917710 0.00000000 -0.24967340
v -0.25858226 0.83628318 0.21221297
v -0.25858226 0.83628318 -0.21221297
v -0.21221297 0.83628318 0.25858226
v -0.21221297 0.83628318 -0.25858226
v -0.46176690 0.00000000 -0.37451629
v -0.46176690 0.00000000 0.37451629
v -1.81417648 1.67256637 -0.46682598
v -1.81417648 1.67256637 0.46682598
v -1.36308912 1.67256637 -0.37709912
v -1.36308912 1.67256637 0.37709912
v -0.42686128 0.00000000 0.33600388
v -0.42686128 0.00000000 -0.33600388
v 1.04849616 0.83628318 0.25858226
v 1.04849616 0.83628318 -0.25858226
v 1.09486544 0.83628318 0.21221297
v 1.09486544 0.83628318 -0.21221297
v 0.46710609 0.00000000 0.24967340
v 0.46710609 0.00000000 -0.24967340
v -0.48932911 0.00000000 0.20268675
v -0.48932911 0.00000000 -0.20268675
v -0.64426416 0.27876106 -0.46357495
v -0.64426416 0.27876106 0.46357495
v 0.77102289 0.83628318 -0.32808570
v 0.77102289 0.83628318 0.32808570
v 0.10332881 0.00000000 0.51946902
v 0.10332881 0.00000000 -0.51946902
v -1.26309551 1.39380531 0.12947211
v -1.26309551 1.39380531 -0.12947211
v -1.85841199 0.83628318 0.27813762
v -1.85841199 0.83628318 -0.27813762
v 0.43022929 1.67256637 0.22996235
v 0.43022929 1.67256637 -0.22996235
v -1.62065199 0.00000000 0.52709562
v -1.62065199 0.00000000 -0.52709562
v 0.39335250 1.39380531 -0.21025129
v 0.39335250 1.39380531 0.21025129
v -1.51487791 0.83628318 -0.29501437
v -1.51487791 0.83628318 0.29501437
v -1.17321262 0.27876106 0.04918206
v -1.17321262 0.27876106 -0.04918205
v 0.48783186 1.67256637 0.00000000
v -1.33563694 0.27876106 0.04918206
v -1.33563694 0.27876106 -0.04918205
v -0.88819757 0.00000000 0.52709562
v -0.88819757 0.00000000 -0.52709562
v -0.65043757 0.83628318 0.27813762
v -0.65043757 0.83628318 -0.27813762
v -0.99397165 0.83628318 -0.29501437
v -0.99397165 0.83628318 0.29501437
v -0.24967340 0.00000000 -0.46710609
v -0.24967340 0.00000000 0.46710609
v 0.03278804 0.83628318 0.33290250
v 0.03278804 0.83628318 -0.33290250
v -0.32010924 0.83628318 -0.09710408
v -0.32010924 0.83628318 0.09710408
v -1.24575404 1.39380531 0.12947211
v -1.24575404 1.39380531 -0.12947211
v -1.86458540 0.27876106 -0.46357495
v -1.86458540 0.27876106 0.46357495
v -2.08198828 0.00000000 0.33600388
v -2.08198828 0.00000000 -0.33600388
v -1.14576044 1.67256637 -0.37709912
v -1.14576044 1.67256637 0.37709912
v -0.69467307 1.67256637 -0.46682598
v -0.69467307 1.67256637 0.46682598
v 0.49133397 1.67256637 -0.34494921
v 0.49133397 1.67256637 0.34494921
v 1.32841173 0.27876106 -0.09789046
v 1.32841173 0.27876106 0.09789046
v 2.05227094 0.00000000 -0.43334708
v 2.05227094 0.00000000 -0.17992726
v 2.05227094 2.29977876 -0.43334708
v 2.05227094 2.29977876 -0.17992726
v -0.35480491 0.27876106 0.35480491
v -0.35480491 0.27876106 -0.35480491
v -2.04708267 0.00000000 -0.37451629
v -2.04708267 0.00000000 0.37451629
v 1.68622805 0.00000000 -0.41747044
v 1.68622805 0.00000000 -0.14005169
v 1.68622805 2.50884956 -0.41747044
v 1.68622805 2.50884956 -0.14005169
v 0.43066582 1.67256637 0.27102486
v 0.43066582 1.67256637 -0.27102486
v -0.70827050 0.83628318 0.30904997
v -0.70827050 0.83628318 -0.30904997
v -0.44601770 1.39380531 0.00000000
v 2.36946902 0.11150443 0.67251106
v 2.36946902 0.11150443 0.69341814
v 2.36946902 0.25088496 0.67251106
v 2.36946902 0.25088496 0.69341814
v 0.73917910 0.83628318 0.32010924
v 0.73917910 0.83628318 -0.32010924
v -1.06624553 1.67256637 -0.43022929
v -1.06624553 1.67256637 0.43022929
v -1.22415657 0.27876106 0.31831946
v -1.22415657 0.27876106 -0.31831946
v -1.81822249 0.27876106 0.48016387
v -1.81822249 0.27876106 -0.48016387
v 1.80133719 0.00000000 -0.33209968
v 1.80133719 0.00000000 -0.22542244
v 1.80133719 2.50884956 -0.33209968
v 1.80133719 2.50884956 -0.22542244
v 1.61922775 0.00000000 -0.14999024
v 1.61922775 0.00000000 -0.40753188
v 1.61922775 2.50884956 -0.14999024
v 1.61922775 2.50884956 -0.40753188
v -0.73839273 0.27876106 0.49212854
v -0.73839273 0.27876106 -0.49212854
v -1.62475049 1.67256637 0.48548282
v -1.62475049 1.67256637 -0.48548282
v 0.74111191 1.67256637 -0.47845830
v 0.74111191 1.67256637 0.47845830
v 1.28015319 1.39380531 0.04371738
v 1.28015319 1.39380531 -0.04371738
v -1.37831081 0.00000000 0.44038457
v -1.37831081 0.00000000 -0.44038457
v -0.96575529 1.39380531 0.42681232
v -0.96575529 1.39380531 -0.42681232
v 1.27666776 0.00000000 0.29425556
v 1.27666776 0.00000000 -0.29425556
v -1.15460264 0.27876106 0.38787339
v -1.15460264 0.27876106 -0.38787339
v -1.16918568 0.83628318 -0.03278804
v -1.16918568 0.83628318 0.03278804
v 0.66559960 1.39380531 0.41206663
v 0.66559960 1.39380531 -0.41206663
v 1.32176600 1.67256637 0.04781589
v 1.32176600 1.67256637 -0.04781589
v 0.35782488 1.67256637 -0.09517127
v 0.35782488 1.67256637 0.09517127
v -1.95133480 0.27876106 -0.41720643
v -1.95133480 0.27876106 0.41720643
v -1.15309736 0.00000000 -0.10332881
v -1.15309736 0.00000000 0.10332881
v -1.43603368 0.27876106 -0.44252156
v -1.43603368 0.27876106 0.44252156
v -0.37270823 0.27876106 -0.19201903
v -0.37270823 0.27876106 0.19201903
v 2.21304025 0.00000000 -0.35730885
v 2.21304025 0.00000000 -0.25596548
v 2.21304025 2.29977876 -0.35730885
v 2.21304025 2.29977876 -0.25596548
v 0.37085017 1.39380531 0.24779416
v 0.37085017 1.39380531 -0.24779416
v 0.37709912 1.67256637 0.30947726
v 0.37709912 1.67256637 -0.30947726
v -1.40154151 1.67256637 -0.40561737
v -1.40154151 1.67256637 0.40561737
v -0.39883559 1.39380531 0.08701373
v -0.39883559 1.39380531 -0.08701373
v 1.36337881 0.00000000 0.05191439
v 1.36337881 0.00000000 -0.05191439
v -1.88281766 1.39380531 -0.39335250
v -1.88281766 1.39380531 0.39335250
v -1.38961574 1.39380531 -0.34477634
v -1.38961574 1.39380531 0.34477634
v -0.31538214 1.39380531 0.31538214
v -0.31538214 1.39380531 -0.31538214
v 1.80594523 0.00000000 -0.23830103
v 1.80594523 0.00000000 -0.31922110
v 1.80594523 2.50884956 -0.23830103
v 1.80594523 2.50884956 -0.31922110
v 1.34312283 0.00000000 -0.15374813
v 1.34312283 0.00000000 0.15374813
v -1.42477221 1.39380531 -0.37085017
v -1.42477221 1.39380531 0.37085017
v -0.50819749 0.83628318 -0.06526030
v -0.50819749 0.83628318 0.06526030
v -0.30663717 0.00000000 0.00000000
v -1.24834981 1.39380531 -0.17068358
v -1.24834981 1.39380531 0.17068358
v 0.45069787 1.67256637 -0.18668517
v 0.45069787 1.67256637 0.18668517
v -0.30904997 0.83628318 -0.12801269
v -0.30904997 0.83628318 0.12801269
v 2.21741788 0.00000000 -0.26820014
v 2.21741788 0.00000000 -0.34507420
v 2.21741788 2.29977876 -0.26820014
v 2.21741788 2.29977876 -0.34507420
v 0.41907676 0.27876106 -0.27876842
v 0.41907676 0.27876106 0.27876842
v 0.88546524 0.27876106 0.49935376
v 0.88546524 0.27876106 -0.49935376
v 2.50884956 0.00000000 1.14988938
v 2.50884956 0.00000000 0.52267699
v 2.50884956 0.44601770 1.14988938
v 2.50884956 0.44601770 0.52267699
v 0.92329692 1.39380531 -0.43744760
v 0.92329692 1.39380531 0.43744760
v 0.49150684 1.39380531 0.28295064
v 0.49150684 1.39380531 -0.28295064
v -2.13939236 1.67256637 -0.14161012
v -2.13939236 1.67256637 0.14161012
v 0.15374813 0.00000000 0.50683964
v 0.15374813 0.00000000 -0.50683964
v -1.62884899 1.39380531 0.44387001
v -1.62884899 1.39380531 -0.44387001
v -0.39376163 0.27876106 0.23653270
v -0.39376163 0.27876106 -0.23653270
v -1.85925154 1.67256637 -0.45069787
v -1.85925154 1.67256637 0.45069787
v -1.03896994 0.00000000 0.48932911
v -1.03896994 0.00000000 -0.48932911
v 1.58414430 0.00000000 -0.38650367
v 1.58414430 0.00000000 -0.17101846
v 1.58414430 2.50884956 -0.38650367
v 1.58414430 2.50884956 -0.17101846
v -1.17228706 0.00000000 -0.40942191
v -1.17228706 0.00000000 0.40942191
v 1.17079646 0.83628318 0.00000000
v -0.54126882 0.83628318 0.15768846
v -0.54126882 0.83628318 -0.15768846
v -1.31644706 0.27876106 -0.14565612
v -1.31644706 0.27876106 0.14565612
v -1.11442081 0.83628318 -0.18584562
v -1.11442081 0.83628318 0.18584562
v 0.50176991 0.27876106 0.00000000
v 0.50176991 0.83628318 0.00000000
v -1.43602977 0.83628318 0.23653661
v -1.43602977 0.83628318 -0.23653661
v 1.53586400 0.00000000 -0.30595286
v 1.53586400 0.00000000 -0.25156927
v 1.53586400 2.50884956 -0.30595286
v 1.53586400 2.50884956 -0.25156927
v 1.18105953 1.39380531 0.28295064
v 1.18105953 1.39380531 -0.28295064
v 0.74926945 1.39380531 -0.43744760
v 0.74926945 1.39380531 0.43744760
v 0.78710114 0.27876106 0.49935376
v 0.78710114 0.27876106 -0.49935376
v -0.83628318 0.00000000 -0.52964602
v -0.83628318 0.00000000 0.52964602
v -0.83628318 0.27876106 -0.50176991
v -0.83628318 0.27876106 0.50176991
v -0.83628318 0.83628318 0.33451327
v -0.83628318 0.83628318 -0.33451327
v -0.83628318 1.39380531 0.44601770
v -0.83628318 1.39380531 -0.44601770
v -0.83628318 1.67256637 -0.48783186
v -0.83628318 1.67256637 0.48783186
v 1.25348962 0.27876106 -0.27876842
v 1.25348962 0.27876106 0.27876842
v 0.32944355 0.00000000 -0.15374813
v 0.32944355 0.00000000 0.15374813
v -0.23653661 0.83628318 0.23653661
v -0.23653661 0.83628318 -0.23653661
v -2.17433628 0.27876106 0.00000000
v -0.55814557 0.83628318 -0.18584562
v -0.55814557 0.83628318 0.18584562
v 1.53385700 0.00000000 -0.26509938
v 1.53385700 0.00000000 -0.29242274
v 1.53385700 2.50884956 -0.26509938
v 1.53385700 2.50884956 -0.29242274
v -0.35611932 0.27876106 -0.14565612
v -0.35611932 0.27876106 0.14565612
v 0.30918756 0.00000000 0.05191439
v 0.30918756 0.00000000 -0.05191439
v -1.13129755 0.83628318 0.15768846
v -1.13129755 0.83628318 -0.15768846
v 1.00696677 1.39380531 0.41206663
v 1.00696677 1.39380531 -0.41206663
v -0.50027931 0.00000000 -0.40942191
v -0.50027931 0.00000000 0.40942191
v 1.31474149 1.67256637 -0.09517127
v 1.31474149 1.67256637 0.09517127
v -0.63359643 0.00000000 0.48932911
v -0.63359643 0.00000000 -0.48932911
v 0.35080037 1.67256637 0.04781589
v 0.35080037 1.67256637 -0.04781589
v 0.18668517 1.67256637 -0.45069787
v 0.18668517 1.67256637 0.45069787
v 1.71438053 0.11150443 0.67251106
v 1.71438053 0.11150443 0.69341814
v 1.71438053 0.25088496 0.67251106
v 1.71438053 0.25088496 0.69341814
v 0.39589862 0.00000000 0.29425556
v 0.39589862 0.00000000 -0.29425556
v -1.27880474 0.27876106 0.23653270
v -1.27880474 0.27876106 -0.23653270
v 0.93145446 1.67256637 -0.47845830
v 0.93145446 1.67256637 0.47845830
v -0.04371738 1.39380531 0.44387001
v -0.04371738 1.39380531 -0.44387001
v 1.79548902 0.00000000 -0.34446459
v 1.79548902 0.00000000 -0.21305753
v 1.79548902 2.50884956 -0.34446459
v 1.79548902 2.50884956 -0.21305753
v 0.93338727 0.83628318 0.32010924
v 0.93338727 0.83628318 -0.32010924
v -1.82631450 0.00000000 0.50683964
v -1.82631450 0.00000000 -0.50683964
v 0.39241318 1.39380531 0.04371738
v 0.39241318 1.39380531 -0.04371738
v 0.46682598 1.67256637 -0.14161012
v 0.46682598 1.67256637 0.14161012
v 1.96084071 0.00000000 -0.28080497
v 1.96084071 0.00000000 -0.33246937
v 1.96084071 2.29977876 -0.28080497
v 1.96084071 2.29977876 -0.33246937
v 1.24190055 1.67256637 0.27102486
v 1.24190055 1.67256637 -0.27102486
v -0.42421656 1.39380531 -0.17068358
v -0.42421656 1.39380531 0.17068358
v -1.36592921 0.00000000 0.00000000
v 2.01714408 0.00000000 -0.41673331
v 2.01714408 0.00000000 -0.19654103
v 2.01714408 2.29977876 -0.41673331
v 2.01714408 2.29977876 -0.19654103
v -1.36351640 0.83628318 -0.12801269
v -1.36351640 0.83628318 0.12801269
v 0.34415464 0.27876106 -0.09789046
v 0.34415464 0.27876106 0.09789046
v -2.12326424 1.67256637 -0.18668517
v -2.12326424 1.67256637 0.18668517
v -1.16436888 0.83628318 -0.06526030
v -1.16436888 0.83628318 0.06526030
v 2.19306344 0.00000000 -0.22263620
v 2.19306344 0.00000000 -0.39063813
v 2.19306344 2.29977876 -0.22263620
v 2.19306344 2.29977876 -0.39063813
v -0.24779416 1.39380531 -0.37085017
v -0.24779416 1.39380531 0.37085017
v 1.18123240 1.67256637 -0.34494921
v 1.18123240 1.67256637 0.34494921
v -0.28295064 1.39380531 -0.34477634
v -0.28295064 1.39380531 0.34477634
v -1.35718423 1.39380531 0.31538214
v -1.35718423 1.39380531 -0.31538214
v 0.21025129 1.39380531 -0.39335250
v 0.21025129 1.39380531 0.39335250
v 2.52278761 0.44601770 1.16382743
v 2.52278761 0.44601770 0.50873894
v 2.52278761 0.50176991 1.16382743
v 2.52278761 0.50176991 0.50873894
v -1.29985814 0.27876106 -0.19201903
v -1.29985814 0.27876106 0.19201903
v -0.23653270 0.27876106 -0.44252156
v -0.23653270 0.27876106 0.44252156
v -0.51946902 0.00000000 -0.10332881
v -0.51946902 0.00000000 0.10332881
v -1.27373078 1.39380531 0.08701373
v -1.27373078 1.39380531 -0.08701373
v -0.27102486 1.67256637 -0.40561737
v -0.27102486 1.67256637 0.40561737
v -2.04966550 1.67256637 0.30947726
v -2.04966550 1.67256637 -0.30947726
v 0.27876842 0.27876106 -0.41720643
v 0.27876842 0.27876106 0.41720643
v -2.04341653 1.39380531 0.24779416
v -2.04341653 1.39380531 -0.24779416
v -0.04781589 1.67256637 0.48548282
v -0.04781589 1.67256637 -0.48548282
v -0.51796372 0.27876106 0.38787339
v -0.51796372 0.27876106 -0.38787339
v 0.14565612 0.27876106 0.48016387
v 0.14565612 0.27876106 -0.48016387
v -0.50338068 0.83628318 -0.03278804
v -0.50338068 0.83628318 0.03278804
v 2.00670700 0.00000000 -0.40899264
v 2.00670700 0.00000000 -0.20428169
v 2.00670700 2.29977876 -0.40899264
v 2.00670700 2.29977876 -0.20428169
v -0.29425556 0.00000000 0.44038457
v -0.29425556 0.00000000 -0.44038457
v -0.93417364 0.27876106 0.49212854
v -0.93417364 0.27876106 -0.49212854
v -0.44840980 0.27876106 0.31831946
v -0.44840980 0.27876106 -0.31831946
v -0.60632084 1.67256637 -0.43022929
v -0.60632084 1.67256637 0.43022929
v -0.70681108 1.39380531 0.42681232
v -0.70681108 1.39380531 -0.42681232
v -0.96429588 0.83628318 0.30904997
v -0.96429588 0.83628318 -0.30904997
v -1.22654868 1.39380531 0.00000000
v 0.57770093 0.83628318 0.21221297
v 0.57770093 0.83628318 -0.21221297
v 0.90154349 0.83628318 -0.32808570
v 0.90154349 0.83628318 0.32808570
v 0.62407021 0.83628318 0.25858226
v 0.62407021 0.83628318 -0.25858226
v 0.37451629 0.00000000 -0.37451629
v 0.37451629 0.00000000 0.37451629
v 1.58893806 0.00000000 0.69690266
v 1.58893806 0.00000000 0.66902655
v 1.58893806 0.25088496 0.69690266
v 1.58893806 0.25088496 0.66902655
v -1.31776147 0.27876106 0.35480491
v -1.31776147 0.27876106 -0.35480491
v 2.14137966 0.00000000 -0.42896945
v 2.14137966 0.00000000 -0.18430489
v 2.14137966 2.29977876 -0.42896945
v 2.14137966 2.29977876 -0.18430489
v -0.97789330 1.67256637 -0.46682598
v -0.97789330 1.67256637 0.46682598
v 1.59513070 0.00000000 -0.39465174
v 1.59513070 0.00000000 -0.16287039
v 1.59513070 2.50884956 -0.39465174
v 1.59513070 2.50884956 -0.16287039
v -0.52680593 1.67256637 -0.37709912
v -0.52680593 1.67256637 0.37709912
v 0.40942191 0.00000000 0.33600388
v 0.40942191 0.00000000 -0.33600388
v 1.30338927 0.00000000 0.24967340
v 1.30338927 0.00000000 -0.24967340
v 0.34695407 0.00000000 0.20268675
v 0.34695407 0.00000000 -0.20268675
v 0.19201903 0.27876106 -0.46357495
v 0.19201903 0.27876106 0.46357495
v 1.26651248 1.67256637 0.22996235
v 1.26651248 1.67256637 -0.22996235
v 0.93961200 0.00000000 0.51946902
v 0.93961200 0.00000000 -0.51946902
v -0.42681232 1.39380531 0.12947211
v -0.42681232 1.39380531 -0.12947211
v 1.99314159 0.11150443 0.67251106
v 1.99314159 0.11150443 0.69341814
v 1.99314159 0.25088496 0.67251106
v 1.99314159 0.25088496 0.69341814
v -1.35245712 0.83628318 -0.09710408
v -1.35245712 0.83628318 0.09710408
v -1.70535441 0.83628318 0.33290250
v -1.70535441 0.83628318 -0.33290250
v -1.42289296 0.00000000 -0.46710609
v -1.42289296 0.00000000 0.46710609
v -1.02212880 0.83628318 0.27813762
v -1.02212880 0.83628318 -0.27813762
v -0.67859472 0.83628318 -0.29501437
v -0.67859472 0.83628318 0.29501437
v -0.78436880 0.00000000 0.52709562
v -0.78436880 0.00000000 -0.52709562
v 1.22963568 1.39380531 -0.21025129
v 1.22963568 1.39380531 0.21025129
v -0.49935376 0.27876106 0.04918206
v -0.49935376 0.27876106 -0.04918205
v 1.71302640 0.00000000 -0.14538221
v 1.71302640 0.00000000 -0.41213992
v 1.71302640 2.50884956 -0.14538221
v 1.71302640 2.50884956 -0.41213992
v -0.33692943 0.27876106 0.04918206
v -0.33692943 0.27876106 -0.04918205
v 1.32411505 1.67256637 0.00000000
v -0.05191439 0.00000000 0.52709562
v -0.05191439 0.00000000 -0.52709562
v 1.99707889 0.00000000 -0.40026624
v 1.99707889 0.00000000 -0.21300810
v 1.99707889 2.29977876 -0.40026624
v 1.99707889 2.29977876 -0.21300810
v -2.16039823 1.67256637 0.00000000
v -2.06591886 1.39380531 -0.21025129
v -2.06591886 1.39380531 0.21025129
v -1.77589518 0.00000000 0.51946902
v -1.77589518 0.00000000 -0.51946902
v 1.57400945 0.00000000 -0.37731798
v 1.57400945 0.00000000 -0.18020415
v 1.57400945 2.50884956 -0.37731798
v 1.57400945 2.50884956 -0.18020415
v 1.55667570 0.00000000 -0.35619673
v 1.55667570 0.00000000 -0.20132539
v 1.55667570 2.50884956 -0.35619673
v 1.55667570 2.50884956 -0.20132539
v -0.15768846 0.83628318 -0.29501437
v -0.15768846 0.83628318 0.29501437
v 0.18584562 0.83628318 0.27813762
v 0.18584562 0.83628318 -0.27813762
v 0.58660978 0.00000000 -0.46710609
v 0.58660978 0.00000000 0.46710609
v 0.86907122 0.83628318 0.33290250
v 0.86907122 0.83628318 -0.33290250
v 0.51617394 0.83628318 -0.09710408
v 0.51617394 0.83628318 0.09710408
v 1.64537458 0.00000000 -0.41546343
v 1.64537458 0.00000000 -0.14205869
v 1.64537458 2.50884956 -0.41546343
v 1.64537458 2.50884956 -0.14205869
v -0.40947086 1.39380531 0.12947211
v -0.40947086 1.39380531 -0.12947211
v -2.10279566 1.67256637 0.22996235
v -2.10279566 1.67256637 -0.22996235
v -1.02830222 0.27876106 -0.46357495
v -1.02830222 0.27876106 0.46357495
v -1.18323726 0.00000000 0.20268675
v -1.18323726 0.00000000 -0.20268675
v -2.13967245 0.00000000 0.24967340
v -2.13967245 0.00000000 -0.24967340
v -1.24570509 0.00000000 0.33600388
v -1.24570509 0.00000000 -0.33600388
v -0.30947726 1.67256637 -0.37709912
v -0.30947726 1.67256637 0.37709912
v 0.14161012 1.67256637 -0.46682598
v 0.14161012 1.67256637 0.46682598
v 0.48147828 0.27876106 0.35480491
v 0.48147828 0.27876106 -0.35480491
v -1.46035340 0.83628318 0.25858226
v -1.46035340 0.83628318 -0.25858226
v -1.73782667 0.83628318 -0.32808570
v -1.73782667 0.83628318 0.32808570
v -1.41398412 0.83628318 0.21221297
v -1.41398412 0.83628318 -0.21221297
v -1.21079947 0.00000000 -0.37451629
v -1.21079947 0.00000000 0.37451629
v 0.39026549 1.39380531 0.00000000
v 0.12801269 0.83628318 0.30904997
v 0.12801269 0.83628318 -0.30904997
v -0.22996235 1.67256637 -0.43022929
v -0.22996235 1.67256637 0.43022929
v -0.38787339 0.27876106 0.31831946
v -0.38787339 0.27876106 -0.31831946
v -0.98193931 0.27876106 0.48016387
v -0.98193931 0.27876106 -0.48016387
v 0.09789046 0.27876106 0.49212854
v 0.09789046 0.27876106 -0.49212854
v -0.54202763 0.00000000 0.44038457
v -0.54202763 0.00000000 -0.44038457
v -0.12947211 1.39380531 0.42681232
v -0.12947211 1.39380531 -0.42681232
v -0.33290250 0.83628318 -0.03278804
v -0.33290250 0.83628318 0.03278804
v -0.31831946 0.27876106 0.38787339
v -0.31831946 0.27876106 -0.38787339
v -0.78846730 1.67256637 0.48548282
v -0.78846730 1.67256637 -0.48548282
v -1.11505162 0.27876106 -0.41720643
v -1.11505162 0.27876106 0.41720643
v 0.46357495 0.27876106 -0.19201903
v 0.46357495 0.27876106 0.19201903
v 1.20713335 1.39380531 0.24779416
v 1.20713335 1.39380531 -0.24779416
v 1.21338231 1.67256637 0.30947726
v 1.21338231 1.67256637 -0.30947726
v -0.31681416 0.00000000 -0.10332881
v -0.31681416 0.00000000 0.10332881
v -0.59975049 0.27876106 -0.44252156
v -0.59975049 0.27876106 0.44252156
v 2.15312632 0.00000000 -0.42341369
v 2.15312632 0.00000000 -0.18986064
v 2.15312632 2.29977876 -0.42341369
v 2.15312632 2.29977876 -0.18986064
v -0.56525832 1.67256637 -0.40561737
v -0.56525832 1.67256637 0.40561737
v 0.43744760 1.39380531 0.08701373
v 0.43744760 1.39380531 -0.08701373
v -1.04653448 1.39380531 -0.39335250
v -1.04653448 1.39380531 0.39335250
v -0.55333256 1.39380531 -0.34477634
v -0.55333256 1.39380531 0.34477634
v 0.52090105 1.39380531 0.31538214
v 0.52090105 1.39380531 -0.31538214
v 1.97393145 0.00000000 -0.24421882
v 1.97393145 0.00000000 -0.36905552
v 1.97393145 2.29977876 -0.24421882
v 1.97393145 2.29977876 -0.36905552
v -0.58848903 1.39380531 -0.37085017
v -0.58848903 1.39380531 0.37085017
v -1.18043783 0.27876106 -0.09789046
v -1.18043783 0.27876106 0.09789046
v -2.01751558 1.67256637 -0.34494921
v -2.01751558 1.67256637 0.34494921
v 0.32808570 0.83628318 -0.06526030
v 0.32808570 0.83628318 0.06526030
v -0.41206663 1.39380531 -0.17068358
v -0.41206663 1.39380531 0.17068358
v 1.28698106 1.67256637 -0.18668517
v 1.28698106 1.67256637 0.18668517
v 0.52964602 0.00000000 0.00000000
v 0.52723322 0.83628318 -0.12801269
v 0.52723322 0.83628318 0.12801269
v -2.07818374 1.67256637 0.27102486
v -2.07818374 1.67256637 -0.27102486
v -1.30310917 1.67256637 -0.14161012
v -1.30310917 1.67256637 0.14161012
v -1.22869637 1.39380531 0.04371738
v -1.22869637 1.39380531 -0.04371738
v 0.99003131 0.00000000 0.50683964
v 0.99003131 0.00000000 -0.50683964
v -1.76967045 0.83628318 0.32010924
v -1.76967045 0.83628318 -0.32010924
v 2.22248187 0.00000000 -0.31961576
v 2.22248187 0.00000000 -0.29365857
v 2.22248187 2.29977876 -0.31961576
v 2.22248187 2.29977876 -0.29365857
v -0.79256580 1.39380531 0.44387001
v -0.79256580 1.39380531 -0.44387001
v -1.76773764 1.67256637 -0.47845830
v -1.76773764 1.67256637 0.47845830
v 0.44252156 0.27876106 0.23653270
v 0.44252156 0.27876106 -0.23653270
v -2.15102468 1.67256637 -0.09517127
v -2.15102468 1.67256637 0.09517127
v -1.23218180 0.00000000 0.29425556
v -1.23218180 0.00000000 -0.29425556
v -1.02296835 1.67256637 -0.45069787
v -1.02296835 1.67256637 0.45069787
v -1.18708356 1.67256637 0.04781589
v -1.18708356 1.67256637 -0.04781589
v -0.20268675 0.00000000 0.48932911
v -0.20268675 0.00000000 -0.48932911
v -0.33600388 0.00000000 -0.40942191
v -0.33600388 0.00000000 0.40942191
v -1.84324996 1.39380531 0.41206663
v -1.84324996 1.39380531 -0.41206663
v 0.29501437 0.83628318 0.15768846
v 0.29501437 0.83628318 -0.15768846
v -0.48016387 0.27876106 -0.14565612
v -0.48016387 0.27876106 0.14565612
v -0.27813762 0.83628318 -0.18584562
v -0.27813762 0.83628318 0.18584562
v -1.14547074 0.00000000 0.05191439
v -1.14547074 0.00000000 -0.05191439
v 1.33805310 0.27876106 0.00000000
v -0.59974658 0.83628318 0.23653661
v -0.59974658 0.83628318 -0.23653661
v 1.98061182 0.00000000 -0.23307328
v 1.98061182 0.00000000 -0.38020106
v 1.98061182 2.29977876 -0.23307328
v 1.98061182 2.29977876 -0.38020106
v -1.16572674 0.00000000 -0.15374813
v -1.16572674 0.00000000 0.15374813
v -2.08977280 0.27876106 -0.27876842
v -2.08977280 0.27876106 0.27876842
vt 0.06250000 1.00000000
vt 0.18750000 1.00000000
vt 0.06250000 0.83333333
vt 0.18750000 0.83333333
vt 0.18750000 0.50000000
vt 0.06250000 0.50000000
vt 0.18750000 0.16666667
vt 0.06250000 0.16666667
vt 0.06250000 0.00000000
vt 0.18750000 0.00000000
vt 0.13687356 0.83333333
vt 0.11312644 0.83333333
vt 0.11428891 0.16666667
vt 0.13571109 0.16666667
vt 0.13054456 0.16666667
vt 0.11945544 0.16666667
vt 0.25331539 1.00000000
vt 0.25809237 1.00000000
vt 0.25331539 0.00000000
vt 0.25809237 0.00000000
vt 0.23505278 0.50000000
vt 0.01494722 0.50000000
vt 0.12500000 0.83333333
vt 0.12500000 0.50000000
vt 0.02343750 0.50000000
vt 0.22656250 0.50000000
vt 0.01171875 0.83333333
vt 0.23828125 0.83333333
vt 0.14453125 0.50000000
vt 0.10546875 0.50000000
vt 0.03515625 1.00000000
vt 0.21484375 1.00000000
vt 0.20312500 1.00000000
vt 0.04687500 1.00000000
vt 0.01651198 0.00000000
vt 0.23348802 0.00000000
vt 0.12500000 0.50000000
vt 0.14453125 0.83333333
vt 0.10546875 0.83333333
vt 0.22968705 0.16666667
vt 0.02031295 0.16666667
vt 0.11530471 0.16666667
vt 0.13469529 0.16666667
vt 0.14382629 1.00000000
vt 0.10617371 1.00000000
vt 0.00430698 0.00000000
vt 0.24569302 0.00000000
vt 0.13335398 0.16666667
vt 0.11664602 0.16666667
vt 0.13623166 0.83333333
vt 0.11376834 0.83333333
vt 0.11552266 0.50000000
vt 0.13447734 0.50000000
vt 0.12500000 1.00000000
vt 0.11630549 0.83333333
vt 0.13369451 0.83333333
vt 0.11926836 0.00000000
vt 0.13073164 0.00000000
vt 0.01562500 0.16666667
vt 0.23437500 0.16666667
vt 0.11718750 0.50000000
vt 0.13281250 0.50000000
vt 0.02237364 0.16666667
vt 0.22762636 0.16666667
vt 0.12219771 1.00000000
vt 0.12780229 1.00000000
vt 0.14666182 0.16666667
vt 0.10333818 0.16666667
vt 0.02217128 0.16666667
vt 0.22782872 0.16666667
vt 0.01430509 0.16666667
vt 0.23569491 0.16666667
vt 0.12593888 1.00000000
vt 0.12406112 1.00000000
vt 0.13281250 0.16666667
vt 0.11718750 0.16666667
vt 0.02476557 0.00000000
vt 0.22523443 0.00000000
vt 0.25953835 1.00000000
vt 0.25331767 1.00000000
vt 0.25953835 0.00000000
vt 0.25331767 0.00000000
vt 0.02529270 0.83333333
vt 0.22470730 0.83333333
vt 0.01254425 1.00000000
vt 0.23745575 1.00000000
vt 0.25782214 1.00000000
vt 0.25446021 1.00000000
vt 0.25782214 0.00000000
vt 0.25446021 0.00000000
vt 0.25835169 1.00000000
vt 0.25403445 1.00000000
vt 0.25835169 0.00000000
vt 0.25403445 0.00000000
vt 0.13493641 0.00000000
vt 0.11506359 0.00000000
vt 0.13305572 0.16666667
vt 0.11694428 0.16666667
vt 0.10937500 0.83333333
vt 0.14062500 0.83333333
vt 0.13565452 0.16666667
vt 0.11434548 0.16666667
vt 0.25334078 1.00000000
vt 0.25827424 1.00000000
vt 0.25334078 0.00000000
vt 0.25827424 0.00000000
vt 0.12588145 0.00000000
vt 0.12411855 0.00000000
vt 0.01424568 0.83333333
vt 0.23575432 0.83333333
vt 0.12183550 0.00000000
vt 0.12816450 0.00000000
vt 0.22804039 0.00000000
vt 0.02195961 0.00000000
vt 0.21484375 0.83333333
vt 0.03515625 0.83333333
vt 0.13050568 1.00000000
vt 0.11949432 1.00000000
vt 0.25353491 1.00000000
vt 0.25984171 1.00000000
vt 0.25353491 0.00000000
vt 0.25984171 0.00000000
vt 0.00390625 0.50000000
vt 0.24609375 0.50000000
vt 0.13297587 0.50000000
vt 0.11702413 0.50000000
vt 0.19921875 0.16666667
vt 0.05078125 0.16666667
vt 0.22285206 1.00000000
vt 0.02714794 1.00000000
vt 0.12582176 0.16666667
vt 0.12417824 0.16666667
vt 0.11328216 0.00000000
vt 0.13671784 0.00000000
vt 0.17968750 0.83333333
vt 0.07031250 0.83333333
vt 0.23190387 0.83333333
vt 0.01809613 0.83333333
vt 0.22265625 0.83333333
vt 0.02734375 0.83333333
vt 0.04296875 0.00000000
vt 0.20703125 0.00000000
vt 0.17187500 0.50000000
vt 0.07812500 0.50000000
vt 0.25545369 1.00000000
vt 0.25545369 0.00000000
vt 0.75000000 1.00000000
vt 0.75000000 1.00000000
vt 0.75000000 0.00000000
vt 0.75000000 0.00000000
vt 0.12500000 0.16666667
vt 0.01193578 1.00000000
vt 0.23806422 1.00000000
vt 0.13338520 0.00000000
vt 0.11661480 0.00000000
vt 0.15026859 0.83333333
vt 0.09973141 0.83333333
vt 0.11488551 0.00000000
vt 0.13511449 0.00000000
vt 0.25882532 1.00000000
vt 0.25369245 1.00000000
vt 0.25882532 0.00000000
vt 0.25369245 0.00000000
vt 0.07421875 0.00000000
vt 0.17578125 0.00000000
vt 0.12320192 0.83333333
vt 0.12679808 0.83333333
vt 0.75000000 1.00000000
vt 0.75000000 1.00000000
vt 0.75000000 0.00000000
vt 0.75000000 0.00000000
vt 0.03515625 0.00000000
vt 0.21484375 0.00000000
vt 0.23951726 1.00000000
vt 0.01048274 1.00000000
vt 0.01685181 0.83333333
vt 0.23314819 0.83333333
vt 0.25618008 1.00000000
vt 0.25618008 0.00000000
vt 0.23781484 0.16666667
vt 0.01218516 0.16666667
vt 0.11760130 0.50000000
vt 0.13239870 0.50000000
vt 0.13955529 0.50000000
vt 0.11044471 0.50000000
vt 0.09824331 1.00000000
vt 0.15175669 1.00000000
vt 0.16406250 0.50000000
vt 0.08593750 0.50000000
vt 0.04296875 0.50000000
vt 0.20703125 0.50000000
vt 0.19140625 1.00000000
vt 0.05859375 1.00000000
vt 0.12500000 0.00000000
vt 0.24423272 0.83333333
vt 0.00576728 0.83333333
vt 0.24609375 0.83333333
vt 0.00390625 0.83333333
vt 0.11826182 0.16666667
vt 0.13173818 0.16666667
vt 0.22645758 1.00000000
vt 0.02354242 1.00000000
vt 0.01631713 0.50000000
vt 0.23368287 0.50000000
vt 0.25329975 1.00000000
vt 0.25817502 1.00000000
vt 0.25329975 0.00000000
vt 0.25817502 0.00000000
vt 0.23942881 0.50000000
vt 0.01057119 0.50000000
vt 0.23828125 0.16666667
vt 0.01171875 0.16666667
vt 0.14509460 1.00000000
vt 0.10490540 1.00000000
vt 0.13214664 0.00000000
vt 0.11785336 0.00000000
vt 0.07812500 0.83333333
vt 0.17187500 0.83333333
vt 0.14603681 1.00000000
vt 0.10396319 1.00000000
vt 0.13253059 1.00000000
vt 0.11746941 1.00000000
vt 0.15234375 1.00000000
vt 0.09765625 1.00000000
vt 0.12935489 0.50000000
vt 0.12064511 0.50000000
vt 0.02471938 0.00000000
vt 0.22528062 0.00000000
vt 0.11698832 0.50000000
vt 0.13301168 0.50000000
vt 0.13042495 0.50000000
vt 0.11957505 0.50000000
vt 0.50000000 1.00000000
vt 0.50000000 1.00000000
vt 0.50000000 0.00000000
vt 0.50000000 0.00000000
vt 0.01772142 0.00000000
vt 0.23227858 0.00000000
vt 0.09375000 1.00000000
vt 0.15625000 1.00000000
vt 0.14062957 0.50000000
vt 0.10937043 0.50000000
vt 0.11111303 0.50000000
vt 0.13888697 0.50000000
vt 0.13900717 0.50000000
vt 0.11099283 0.50000000
vt 0.13312609 1.00000000
vt 0.11687391 1.00000000
vt 0.12871949 1.00000000
vt 0.12128051 1.00000000
vt 0.23765952 0.50000000
vt 0.01234048 0.50000000
vt 0.22838476 0.16666667
vt 0.02161524 0.16666667
vt 0.13771961 1.00000000
vt 0.11228039 1.00000000
vt 0.25870299 1.00000000
vt 0.25543639 1.00000000
vt 0.25870299 0.00000000
vt 0.25543639 0.00000000
vt 0.11851828 0.16666667
vt 0.13148172 0.16666667
vt 0.02455452 0.00000000
vt 0.22544548 0.00000000
vt 0.22543724 0.83333333
vt 0.02456276 0.83333333
vt 0.13228265 0.00000000
vt 0.11771735 0.00000000
vt 0.23070796 0.83333333
vt 0.01929204 0.83333333
vt 0.21093750 1.00000000
vt 0.03906250 1.00000000
vt 0.00258801 0.50000000
vt 0.24741199 0.50000000
vt 0.12500000 0.00000000
vt 0.17578125 0.83333333
vt 0.07421875 0.83333333
vt 0.22442539 0.83333333
vt 0.02557461 0.83333333
vt 0.19140625 0.00000000
vt 0.05859375 0.00000000
vt 1.00000000 1.00000000
vt 1.00000000 1.00000000
vt 1.00000000 0.00000000
vt 1.00000000 0.00000000
vt 0.08593750 0.83333333
vt 0.16406250 0.83333333
vt 0.03906250 0.00000000
vt 0.21093750 0.00000000
vt 0.24728609 0.16666667
vt 0.00271391 0.16666667
vt 0.00781250 1.00000000
vt 0.24218750 1.00000000
vt 0.04296875 0.83333333
vt 0.20703125 0.83333333
vt 0.00583551 0.83333333
vt 0.24416449 0.83333333
vt 0.11551514 1.00000000
vt 0.13448486 1.00000000
vt 0.13296947 0.50000000
vt 0.11703053 0.50000000
vt 0.12306261 0.50000000
vt 0.12693739 0.50000000
vt 0.08203125 0.16666667
vt 0.16796875 0.16666667
vt 0.25578245 1.00000000
vt 0.25636877 1.00000000
vt 0.25578245 0.00000000
vt 0.25636877 0.00000000
vt 0.03515625 0.16666667
vt 0.21484375 0.16666667
vt 0.11369506 0.00000000
vt 0.13630494 0.00000000
vt 0.03906250 0.16666667
vt 0.21093750 0.16666667
vt 0.00222774 0.50000000
vt 0.24777226 0.50000000
vt 0.25339795 1.00000000
vt 0.25828910 1.00000000
vt 0.25339795 0.00000000
vt 0.25828910 0.00000000
vt 0.11397380 0.83333333
vt 0.13602620 0.83333333
vt 0.13189351 0.83333333
vt 0.11810649 0.83333333
vt 0.00000000 1.00000000
vt 0.01522041 0.16666667
vt 0.23477959 0.16666667
vt 0.13354921 0.00000000
vt 0.11645079 0.00000000
vt 0.12500000 0.16666667
vt 0.11328125 0.00000000
vt 0.13671875 0.00000000
vt 0.12941452 0.16666667
vt 0.12058548 0.16666667
vt 0.13814558 0.50000000
vt 0.11185442 0.50000000
vt 0.19140625 0.16666667
vt 0.05859375 0.16666667
vt 0.10611937 0.00000000
vt 0.14388063 0.00000000
vt 0.24272277 0.83333333
vt 0.00727723 0.83333333
vt 0.25419813 1.00000000
vt 0.25680654 1.00000000
vt 0.25419813 0.00000000
vt 0.25680654 0.00000000
vt 0.25666534 1.00000000
vt 0.25549717 1.00000000
vt 0.25666534 0.00000000
vt 0.25549717 0.00000000
vt 0.15043190 1.00000000
vt 0.09956810 1.00000000
vt 0.07812500 0.00000000
vt 0.17187500 0.00000000
vt 0.13039019 0.00000000
vt 0.11960981 0.00000000
vt 0.13248462 0.16666667
vt 0.11751538 0.16666667
vt 0.22383399 1.00000000
vt 0.02616601 1.00000000
vt 0.12212480 0.00000000
vt 0.12787520 0.00000000
vt 0.02728919 1.00000000
vt 0.22271081 1.00000000
vt 0.14045496 0.16666667
vt 0.10954504 0.16666667
vt 0.24448946 0.50000000
vt 0.00551054 0.50000000
vt 0.13433036 0.00000000
vt 0.11566964 0.00000000
vt 0.13161902 1.00000000
vt 0.11838098 1.00000000
vt 0.01544793 0.83333333
vt 0.23455207 0.83333333
vt 0.25859657 1.00000000
vt 0.25385200 1.00000000
vt 0.25859657 0.00000000
vt 0.25385200 0.00000000
vt 0.01278903 0.50000000
vt 0.23721097 0.50000000
vt 0.21875000 0.50000000
vt 0.03125000 0.50000000
vt 0.13126019 0.16666667
vt 0.11873981 0.16666667
vt 0.11896747 0.00000000
vt 0.13103253 0.00000000
vt 0.10762638 1.00000000
vt 0.14237362 1.00000000
vt 0.25643515 1.00000000
vt 0.25592054 1.00000000
vt 0.25643515 0.00000000
vt 0.25592054 0.00000000
vt 0.12243321 0.50000000
vt 0.12756679 0.50000000
vt 0.11629293 0.83333333
vt 0.13370707 0.83333333
vt 0.02246350 1.00000000
vt 0.00000000 1.00000000
vt 0.00000000 1.00000000
vt 0.22753650 1.00000000
vt 0.02150261 0.83333333
vt 0.22849739 0.83333333
vt 0.23486013 0.50000000
vt 0.01513987 0.50000000
vt 0.00000000 0.00000000
vt 0.00000000 0.00000000
vt 0.23050522 0.16666667
vt 0.01949478 0.16666667
vt 0.02101141 0.00000000
vt 0.22898859 0.00000000
vt 0.14749438 0.83333333
vt 0.10250562 0.83333333
vt 0.10397378 0.16666667
vt 0.14602622 0.16666667
vt 0.13435599 0.16666667
vt 0.11564401 0.16666667
vt 0.13781541 1.00000000
vt 0.11218459 1.00000000
vt 0.25611167 1.00000000
vt 0.25813667 1.00000000
vt 0.25611167 0.00000000
vt 0.25813667 0.00000000
vt 0.25438409 1.00000000
vt 0.25659107 1.00000000
vt 0.25438409 0.00000000
vt 0.25659107 0.00000000
vt 0.12500000 0.83333333
vt 0.12500000 0.50000000
vt 0.00657484 0.50000000
vt 0.24342516 0.50000000
vt 0.00438453 0.83333333
vt 0.24561547 0.83333333
vt 0.23872050 0.50000000
vt 0.01127950 0.50000000
vt 0.25818847 1.00000000
vt 0.25371365 1.00000000
vt 0.25818847 0.00000000
vt 0.25371365 0.00000000
vt 0.12500000 0.83333333
vt 0.12500000 0.50000000
vt 0.01336929 1.00000000
vt 0.23663071 1.00000000
vt 0.23248662 1.00000000
vt 0.01751338 1.00000000
vt 0.25344918 1.00000000
vt 0.25922618 1.00000000
vt 0.25344918 0.00000000
vt 0.25922618 0.00000000
vt 0.25843083 1.00000000
vt 0.25576911 1.00000000
vt 0.25843083 0.00000000
vt 0.25576911 0.00000000
vt 0.22847691 0.83333333
vt 0.02152309 0.83333333
vt 0.75000000 1.00000000
vt 0.75000000 1.00000000
vt 0.75000000 0.00000000
vt 0.75000000 0.00000000
vt 0.17578125 1.00000000
vt 0.07421875 1.00000000
vt 0.14578345 0.16666667
vt 0.10421655 0.16666667
vt 0.10739510 0.16666667
vt 0.14260490 0.16666667
vt 0.14543098 0.83333333
vt 0.10456902 0.83333333
vt 0.10164464 0.83333333
vt 0.14835536 0.83333333
vt 0.01562500 0.50000000
vt 0.23437500 0.50000000
vt 0.25980932 1.00000000
vt 0.25335119 1.00000000
vt 0.25980932 0.00000000
vt 0.25335119 0.00000000
vt 0.10937500 0.00000000
vt 0.14062500 0.00000000
vt 0.00540668 0.16666667
vt 0.24459332 0.16666667
vt 0.00000000 1.00000000
vt 0.00508167 0.50000000
vt 0.24491833 0.50000000
vt 0.12046510 1.00000000
vt 0.12953490 1.00000000
vt 0.21875000 0.16666667
vt 0.03125000 0.16666667
vt 0.12651433 1.00000000
vt 0.12348567 1.00000000
vt 0.12990480 0.50000000
vt 0.12009520 0.50000000
vt 0.24145324 0.16666667
vt 0.00854676 0.16666667
vt 0.25721104 1.00000000
vt 0.25386781 1.00000000
vt 0.25721104 0.00000000
vt 0.25386781 0.00000000
vt 0.15234375 0.00000000
vt 0.09765625 0.00000000
vt 0.14843750 0.16666667
vt 0.10156250 0.16666667
vt 0.01892881 0.83333333
vt 0.23107119 0.83333333
vt 0.11465678 0.00000000
vt 0.13534322 0.00000000
vt 0.12643876 0.00000000
vt 0.12356124 0.00000000
vt 0.11328221 0.00000000
vt 0.13671779 0.00000000
vt 0.14705644 0.16666667
vt 0.10294356 0.16666667
vt 0.00111552 0.50000000
vt 0.24888448 0.50000000
vt 0.23710480 0.83333333
vt 0.01289520 0.83333333
vt 0.13401338 1.00000000
vt 0.11598662 1.00000000
vt 0.23344245 0.16666667
vt 0.01655755 0.16666667
vt 0.12635826 0.16666667
vt 0.12364174 0.16666667
vt 0.10219021 0.00000000
vt 0.14780979 0.00000000
vt 0.13506964 0.16666667
vt 0.11493036 0.16666667
vt 0.12034826 0.00000000
vt 0.12965174 0.00000000
vt 0.22660909 0.83333333
vt 0.02339091 0.83333333
vt 0.23987784 0.83333333
vt 0.01012216 0.83333333
vt 0.01525975 0.00000000
vt 0.23474025 0.00000000
vt 0.14126078 0.50000000
vt 0.10873922 0.50000000
vt 0.00000000 0.16666667
vt 0.23362931 0.50000000
vt 0.01637069 0.50000000
vt 0.14734921 0.00000000
vt 0.10265079 0.00000000
vt 0.21875000 0.83333333
vt 0.03125000 0.83333333
vt 0.12207326 0.83333333
vt 0.12792674 0.83333333
vt 0.11740964 0.16666667
vt 0.13259036 0.16666667
vt 0.10064485 0.00000000
vt 0.14935515 0.00000000
vt 0.02354266 0.00000000
vt 0.22645734 0.00000000
vt 0.11805623 0.16666667
vt 0.13194377 0.16666667
vt 0.11454459 0.16666667
vt 0.13545541 0.16666667
vt 0.25824645 1.00000000
vt 0.25358494 1.00000000
vt 0.25824645 0.00000000
vt 0.25358494 0.00000000
vt 0.01265118 0.00000000
vt 0.23734882 0.00000000
vt 0.01171875 0.50000000
vt 0.23828125 0.50000000
vt 0.18359375 0.50000000
vt 0.06640625 0.50000000
vt 0.04296875 1.00000000
vt 0.20703125 1.00000000
vt 0.01147992 0.50000000
vt 0.23852008 0.50000000
vt 0.12312581 1.00000000
vt 0.12687419 1.00000000
vt 0.11681379 0.00000000
vt 0.13318621 0.00000000
vt 0.11593718 0.83333333
vt 0.13406282 0.83333333
vt 0.23392199 0.50000000
vt 0.01607801 0.50000000
vt 0.11342774 0.83333333
vt 0.13657226 0.83333333
vt 0.22868975 1.00000000
vt 0.02131025 1.00000000
vt 0.25739658 1.00000000
vt 0.25372663 1.00000000
vt 0.25739658 0.00000000
vt 0.25372663 0.00000000
vt 0.24853552 0.83333333
vt 0.00146448 0.83333333
vt 1.00000000 1.00000000
vt 1.00000000 1.00000000
vt 1.00000000 0.00000000
vt 1.00000000 0.00000000
vt 0.12500000 0.00000000
vt 0.25355761 1.00000000
vt 0.25903587 1.00000000
vt 0.25355761 0.00000000
vt 0.25903587 0.00000000
vt 0.13712269 0.83333333
vt 0.11287731 0.83333333
vt 0.10546875 0.16666667
vt 0.14453125 0.16666667
vt 0.13376441 1.00000000
vt 0.11623559 1.00000000
vt 0.13594360 0.00000000
vt 0.11405640 0.00000000
vt 0.14453125 0.00000000
vt 0.10546875 0.00000000
vt 0.24593570 0.16666667
vt 0.00406430 0.16666667
vt 0.17968750 1.00000000
vt 0.07031250 1.00000000
vt 0.10899255 0.50000000
vt 0.14100745 0.50000000
vt 0.02481708 0.83333333
vt 0.22518292 0.83333333
vt 0.23437500 1.00000000
vt 0.01562500 1.00000000
vt 0.14453125 1.00000000
vt 0.10546875 1.00000000
vt 0.13261762 0.50000000
vt 0.11738238 0.50000000
vt 0.13462079 0.50000000
vt 0.11537921 0.50000000
vt 0.11382359 1.00000000
vt 0.13617641 1.00000000
vt 0.22346663 1.00000000
vt 0.02653337 1.00000000
vt 0.25443667 1.00000000
vt 0.25771872 1.00000000
vt 0.25443667 0.00000000
vt 0.25771872 0.00000000
vt 0.13534449 1.00000000
vt 0.11465551 1.00000000
vt 0.02711375 1.00000000
vt 0.22288625 1.00000000
vt 0.21484375 0.50000000
vt 0.03515625 0.50000000
vt 0.25756874 1.00000000
vt 0.25360340 1.00000000
vt 0.25756874 0.00000000
vt 0.25360340 0.00000000
vt 0.25809282 1.00000000
vt 0.25423785 1.00000000
vt 0.25809282 0.00000000
vt 0.25423785 0.00000000
vt 0.22265625 0.50000000
vt 0.02734375 0.50000000
vt 0.12745073 0.16666667
vt 0.12254927 0.16666667
vt 0.14865998 1.00000000
vt 0.10134002 1.00000000
vt 0.13103696 1.00000000
vt 0.11896304 1.00000000
vt 0.25500496 1.00000000
vt 0.25591333 1.00000000
vt 0.25500496 0.00000000
vt 0.25591333 0.00000000
vt 0.11292647 0.83333333
vt 0.13707353 0.83333333
vt 0.07031250 0.50000000
vt 0.17968750 0.50000000
vt 0.14953227 1.00000000
vt 0.10046773 1.00000000
vt 0.14550304 0.00000000
vt 0.10449696 0.00000000
vt 0.23001918 0.00000000
vt 0.01998082 0.00000000
vt 0.23522037 1.00000000
vt 0.01477963 1.00000000
vt 0.10736607 0.16666667
vt 0.14263393 0.16666667
vt 0.22582690 0.83333333
vt 0.02417310 0.83333333
vt 0.12500000 0.00000000
vt 0.12590084 0.83333333
vt 0.12409916 0.83333333
vt 0.13680279 1.00000000
vt 0.11319721 1.00000000
vt 0.02556160 0.83333333
vt 0.22443840 0.83333333
vt 0.11864124 0.50000000
vt 0.13135876 0.50000000
vt 0.01397101 0.00000000
vt 0.23602899 0.00000000
vt 0.00302665 1.00000000
vt 0.24697335 1.00000000
vt 0.13235866 0.50000000
vt 0.11764134 0.50000000
vt 0.01556629 0.83333333
vt 0.23443371 0.83333333
vt 0.10883740 1.00000000
vt 0.14116260 1.00000000
vt 0.14062855 0.50000000
vt 0.10937145 0.50000000
vt 0.12166670 0.50000000
vt 0.12833330 0.50000000
vt 0.11751929 0.00000000
vt 0.13248071 0.00000000
vt 0.02232100 0.16666667
vt 0.22767900 0.16666667
vt 0.01188978 0.16666667
vt 0.23811022 0.16666667
vt 0.11322379 0.00000000
vt 0.13677621 0.00000000
vt 0.13651938 0.83333333
vt 0.11348062 0.83333333
vt 0.09375000 0.00000000
vt 0.15625000 0.00000000
vt 0.01311473 0.16666667
vt 0.23688527 0.16666667
vt 0.00781250 0.83333333
vt 0.24218750 0.83333333
vt 0.14843750 0.00000000
vt 0.10156250 0.00000000
vt 0.13285757 0.50000000
vt 0.11714243 0.50000000
vt 0.12500000 0.16666667
vt 0.13109879 0.83333333
vt 0.11890121 0.83333333
vt 0.13705238 0.83333333
vt 0.11294762 0.83333333
vt 0.17578125 0.50000000
vt 0.07421875 0.50000000
vt 0.25715614 1.00000000
vt 0.25715614 0.00000000
vt 0.11615119 0.00000000
vt 0.13384881 0.00000000
vt 0.13265592 0.83333333
vt 0.11734408 0.83333333
vt 0.01456350 0.00000000
vt 0.23543650 0.00000000
vt 0.23141232 0.16666667
vt 0.01858768 0.16666667
vt 0.07031250 0.00000000
vt 0.17968750 0.00000000
vt 0.24609375 0.16666667
vt 0.00390625 0.16666667
vt 0.13425343 0.16666667
vt 0.11574657 0.16666667
vt 0.12434954 0.50000000
vt 0.12565046 0.50000000
vt 0.22656250 1.00000000
vt 0.02343750 1.00000000
vt 0.17187500 0.16666667
vt 0.07812500 0.16666667
vt 0.02413425 0.00000000
vt 0.22586575 0.00000000
vt 0.24609375 0.00000000
vt 0.00390625 0.00000000
vt 0.11718750 0.00000000
vt 0.13281250 0.00000000
vt 0.11873287 0.83333333
vt 0.13126713 0.83333333
vt 0.14446570 0.16666667
vt 0.10553430 0.16666667
vt 0.14859644 0.00000000
vt 0.10140356 0.00000000
vt 0.24609375 1.00000000
vt 0.00390625 1.00000000
vt 0.12779848 0.16666667
vt 0.12220152 0.16666667
vt 0.24136548 0.50000000
vt 0.00863452 0.50000000
vt 0.13563535 0.16666667
vt 0.11436465 0.16666667
vt 0.01171875 1.00000000
vt 0.23828125 1.00000000
vt 0.12500000 1.00000000
vt 0.12174947 0.16666667
vt 0.12825053 0.16666667
vt 0.10705942 0.00000000
vt 0.14294058 0.00000000
vt 0.12057124 0.50000000
vt 0.12942876 0.50000000
vt 0.10156250 0.83333333
vt 0.14843750 0.83333333
vt 0.12307019 0.50000000
vt 0.12692981 0.50000000
vt 0.19140625 0.83333333
vt 0.05859375 0.83333333
vt 0.25974739 1.00000000
vt 0.25330808 1.00000000
vt 0.25974739 0.00000000
vt 0.25330808 0.00000000
vt 0.15041458 1.00000000
vt 0.09958542 1.00000000
vt 0.05468750 0.16666667
vt 0.19531250 0.16666667
vt 0.25540008 1.00000000
vt 0.25692024 1.00000000
vt 0.25540008 0.00000000
vt 0.25692024 0.00000000
vt 0.15234375 0.16666667
vt 0.09765625 0.16666667
vt 0.13255895 0.83333333
vt 0.11744105 0.83333333
vt 0.11699917 1.00000000
vt 0.13300083 1.00000000
vt 0.13515602 1.00000000
vt 0.11484398 1.00000000
vt 0.00000000 0.83333333
vt 0.00000000 0.50000000
vt 0.12953488 0.50000000
vt 0.12046512 0.50000000
vt 0.12231195 0.83333333
vt 0.12768805 0.83333333
vt 0.25714484 1.00000000
vt 0.25514521 1.00000000
vt 0.25714484 0.00000000
vt 0.25514521 0.00000000
vt 0.12500000 0.83333333
vt 0.12500000 0.50000000
vt 0.12122069 0.50000000
vt 0.12877931 0.50000000
vt 0.22265625 0.16666667
vt 0.02734375 0.16666667
vt 0.07031250 0.16666667
vt 0.17968750 0.16666667
vt 0.25607372 1.00000000
vt 0.25607372 0.00000000
vt 0.22458542 1.00000000
vt 0.02541458 1.00000000
vt 0.11279774 1.00000000
vt 0.13720226 1.00000000
vt 0.11340330 0.83333333
vt 0.13659670 0.83333333
vt 0.13285412 0.50000000
vt 0.11714588 0.50000000
vt 0.13536904 0.16666667
vt 0.11463096 0.16666667
vt 0.11370819 0.00000000
vt 0.13629181 0.00000000
vt 0.18359375 0.83333333
vt 0.06640625 0.83333333
vt 0.02343750 0.83333333
vt 0.22656250 0.83333333
vt 0.00442876 0.50000000
vt 0.24557124 0.50000000
vt 0.25798912 1.00000000
vt 0.25335445 1.00000000
vt 0.25798912 0.00000000
vt 0.25335445 0.00000000
vt 0.01794058 0.00000000
vt 0.23205942 0.00000000
vt 0.11328125 1.00000000
vt 0.13671875 1.00000000
vt 0.23936465 0.16666667
vt 0.01063535 0.16666667
vt 0.13363452 0.50000000
vt 0.11636548 0.50000000
vt 0.11972813 0.50000000
vt 0.13027187 0.50000000
vt 0.12016363 0.83333333
vt 0.12983637 0.83333333
vt 0.12890625 1.00000000
vt 0.12109375 1.00000000
vt 0.22640356 0.00000000
vt 0.02359644 0.00000000
vt 0.23053430 0.16666667
vt 0.01946570 0.16666667
vt 0.12818200 0.50000000
vt 0.12181800 0.50000000
vt 0.11317284 1.00000000
vt 0.13682716 1.00000000
vt 0.00781250 0.00000000
vt 0.24218750 0.00000000
vt 0.13778668 1.00000000
vt 0.11221332 1.00000000
vt 0.12890625 0.00000000
vt 0.12109375 0.00000000
vt 0.10086575 0.00000000
vt 0.14913425 0.00000000
vt 0.20312500 0.16666667
vt 0.04687500 0.16666667
vt 0.14843750 1.00000000
vt 0.10156250 1.00000000
vt 0.12943121 0.83333333
vt 0.12056879 0.83333333
vt 0.12890625 0.16666667
vt 0.12109375 0.16666667
vt 0.05468750 0.00000000
vt 0.19531250 0.00000000
vt 0.14358768 0.16666667
vt 0.10641232 0.16666667
vt 0.11043650 0.00000000
vt 0.13956350 0.00000000
vt 0.19921875 0.50000000
vt 0.05078125 0.50000000
vt 0.00000000 0.16666667
vt 0.25917045 1.00000000
vt 0.25481609 1.00000000
vt 0.25917045 0.00000000
vt 0.25481609 0.00000000
vt 0.22656250 0.00000000
vt 0.02343750 0.00000000
vt 0.11964480 0.16666667
vt 0.13035520 0.16666667
vt 0.12500000 1.00000000
vt 0.11718750 0.83333333
vt 0.13281250 0.83333333
vt 0.12370257 0.50000000
vt 0.12629743 0.50000000
vt 0.11188527 0.16666667
vt 0.13811473 0.16666667
vt 0.03125000 0.00000000
vt 0.21875000 0.00000000
vt 0.23848062 0.83333333
vt 0.01151938 0.83333333
vt 0.11311022 0.16666667
vt 0.13688978 0.16666667
vt 0.10267900 0.16666667
vt 0.14732100 0.16666667
vt 0.00333330 0.50000000
vt 0.24666670 0.50000000
vt 0.23437145 0.50000000
vt 0.01562855 0.50000000
vt 0.01616260 1.00000000
vt 0.23383740 1.00000000
vt 0.12143295 0.83333333
vt 0.12856705 0.83333333
vt 0.10943371 0.83333333
vt 0.14056629 0.83333333
vt 0.12197335 1.00000000
vt 0.12802665 1.00000000
vt 0.12663990 0.16666667
vt 0.12336010 0.16666667
vt 0.11102899 0.00000000
vt 0.13897101 0.00000000
vt 0.09943840 0.83333333
vt 0.15056160 0.83333333
vt 0.25330808 1.00000000
vt 0.25823596 1.00000000
vt 0.25330808 0.00000000
vt 0.25823596 0.00000000
vt 0.75000000 1.00000000
vt 0.75000000 1.00000000
vt 0.75000000 0.00000000
vt 0.75000000 0.00000000
vt 0.00000000 0.00000000
vt 0.25384680 1.00000000
vt 0.25974665 1.00000000
vt 0.25384680 0.00000000
vt 0.25974665 0.00000000
vt 0.13609888 0.83333333
vt 0.11390112 0.83333333
vt 0.14917310 0.83333333
vt 0.10082690 0.83333333
vt 0.12402637 0.50000000
vt 0.12597363 0.50000000
vt 0.01763393 0.16666667
vt 0.23236607 0.16666667
vt 0.13977963 1.00000000
vt 0.11022037 1.00000000
vt 0.14498082 0.00000000
vt 0.10501918 0.00000000
vt 0.22949696 0.00000000
vt 0.02050304 0.00000000
vt 0.13466416 0.83333333
vt 0.11533584 0.83333333
vt 0.11346791 0.00000000
vt 0.13653209 0.00000000
vt 0.22546773 1.00000000
vt 0.02453227 1.00000000
vt 0.13573693 0.16666667
vt 0.11426307 0.16666667
vt 0.13578762 0.83333333
vt 0.11421238 0.83333333
vt 0.13176340 0.50000000
vt 0.11823660 0.50000000
vt 0.05468750 0.50000000
vt 0.19531250 0.50000000
vt 0.24396304 1.00000000
vt 0.00603696 1.00000000
vt 0.22634002 1.00000000
vt 0.02365998 1.00000000
vt 0.15234375 0.50000000
vt 0.09765625 0.50000000
vt 0.16015625 0.50000000
vt 0.08984375 0.50000000
vt 0.09788625 1.00000000
vt 0.15211375 1.00000000
vt 0.11497892 0.00000000
vt 0.13502108 0.00000000
vt 0.11426102 0.00000000
vt 0.13573898 0.00000000
vt 0.15153337 1.00000000
vt 0.09846663 1.00000000
vt 0.24037921 0.50000000
vt 0.00962079 0.50000000
vt 0.24238238 0.50000000
vt 0.00761762 0.50000000
vt 0.23046875 1.00000000
vt 0.01953125 1.00000000
vt 0.14062500 1.00000000
vt 0.10937500 1.00000000
vt 0.10018292 0.83333333
vt 0.14981708 0.83333333
vt 0.01600745 0.50000000
vt 0.23399255 0.50000000
vt 0.19531250 1.00000000
vt 0.05468750 1.00000000
vt 0.12906430 0.16666667
vt 0.12093570 0.16666667
vt 0.13091107 0.50000000
vt 0.11908893 0.50000000
vt 0.23046875 0.00000000
vt 0.01953125 0.00000000
vt 0.13751141 1.00000000
vt 0.11248859 1.00000000
vt 0.01953125 0.16666667
vt 0.23046875 0.16666667
vt 0.11734714 0.50000000
vt 0.13265286 0.50000000
vt 0.12666700 0.83333333
vt 0.12333300 0.83333333
vt 0.00000000 0.00000000
vt 0.12646448 0.83333333
vt 0.12353552 0.83333333
vt 0.14631025 1.00000000
vt 0.10368975 1.00000000
vt 0.14107801 0.50000000
vt 0.10892199 0.50000000
vt 0.11352008 0.50000000
vt 0.13647992 0.50000000
vt 0.08203125 1.00000000
vt 0.16796875 1.00000000
vt 0.19140625 0.50000000
vt 0.05859375 0.50000000
vt 0.11328125 0.50000000
vt 0.13671875 0.50000000
vt 0.12912048 0.16666667
vt 0.12087952 0.16666667
vt 0.11530427 0.83333333
vt 0.13469573 0.83333333
vt 0.13136645 1.00000000
vt 0.11863355 1.00000000
vt 0.11234882 0.00000000
vt 0.13765118 0.00000000
vt 0.10145734 0.00000000
vt 0.14854266 0.00000000
vt 0.02435515 0.00000000
vt 0.22564485 0.00000000
vt 0.00292674 0.83333333
vt 0.24707326 0.83333333
vt 0.25827996 1.00000000
vt 0.25347947 1.00000000
vt 0.25827996 0.00000000
vt 0.25347947 0.00000000
vt 0.15625000 0.83333333
vt 0.09375000 0.83333333
vt 0.11780023 1.00000000
vt 0.13219977 1.00000000
vt 0.25965658 1.00000000
vt 0.25329713 1.00000000
vt 0.25965658 0.00000000
vt 0.25329713 0.00000000
vt 0.22765079 0.00000000
vt 0.02234921 0.00000000
vt 0.14137069 0.50000000
vt 0.10862931 0.50000000
vt 0.12500000 0.16666667
vt 1.00000000 1.00000000
vt 1.00000000 1.00000000
vt 1.00000000 0.00000000
vt 1.00000000 0.00000000
vt 0.23373922 0.50000000
vt 0.01626078 0.50000000
vt 0.10974025 0.00000000
vt 0.14025975 0.00000000
vt 0.13512216 0.83333333
vt 0.11487784 0.83333333
vt 0.13527305 0.83333333
vt 0.11472695 0.83333333
vt 0.25725411 1.00000000
vt 0.25495348 1.00000000
vt 0.25725411 0.00000000
vt 0.25495348 0.00000000
vt 0.25367517 1.00000000
vt 0.25981039 1.00000000
vt 0.25367517 0.00000000
vt 0.25981039 0.00000000
vt 0.14839091 0.83333333
vt 0.10160909 0.83333333
vt 0.13655304 0.00000000
vt 0.11344696 0.00000000
vt 0.02280979 0.00000000
vt 0.22719021 0.00000000
vt 0.24864174 0.16666667
vt 0.00135826 0.16666667
vt 0.13730501 1.00000000
vt 0.11269499 1.00000000
vt 0.14155755 0.16666667
vt 0.10844245 0.16666667
vt 0.24098662 1.00000000
vt 0.00901338 1.00000000
vt 0.13789520 0.83333333
vt 0.11210480 0.83333333
vt 0.12388448 0.50000000
vt 0.12611552 0.50000000
vt 0.22794356 0.16666667
vt 0.02205644 0.16666667
vt 0.24856124 0.00000000
vt 0.00143876 0.00000000
vt 0.01034322 0.00000000
vt 0.23965678 0.00000000
vt 0.11661913 0.83333333
vt 0.13338087 0.83333333
vt 0.12144404 1.00000000
vt 0.12855596 1.00000000
vt 0.11310627 0.83333333
vt 0.13689373 0.83333333
vt 0.10607119 0.83333333
vt 0.14392881 0.83333333
vt 0.25636917 1.00000000
vt 0.25458170 1.00000000
vt 0.25636917 0.00000000
vt 0.25458170 0.00000000
vt 0.22656250 0.16666667
vt 0.02343750 0.16666667
vt 0.22265625 0.00000000
vt 0.02734375 0.00000000
vt 0.11379106 0.00000000
vt 0.13620894 0.00000000
vt 0.13354676 0.16666667
vt 0.11645324 0.16666667
vt 0.24848567 1.00000000
vt 0.00151433 1.00000000
vt 0.11680532 0.16666667
vt 0.13319468 0.16666667
vt 0.11532345 0.16666667
vt 0.13467655 0.16666667
vt 0.15625000 0.16666667
vt 0.09375000 0.16666667
vt 0.25522011 1.00000000
vt 0.25696120 1.00000000
vt 0.25522011 0.00000000
vt 0.25696120 0.00000000
vt 0.00453490 1.00000000
vt 0.24546510 1.00000000
vt 0.11486831 0.16666667
vt 0.13513169 0.16666667
vt 0.11991833 0.50000000
vt 0.13008167 0.50000000
vt 0.12500000 1.00000000
vt 0.11959332 0.16666667
vt 0.13040668 0.16666667
vt 0.01562500 0.00000000
vt 0.23437500 0.00000000
vt 0.10937500 0.50000000
vt 0.14062500 0.50000000
vt 0.25478925 1.00000000
vt 0.25614265 1.00000000
vt 0.25478925 0.00000000
vt 0.25614265 0.00000000
vt 0.02335536 0.83333333
vt 0.22664464 0.83333333
vt 0.22956902 0.83333333
vt 0.02043098 0.83333333
vt 0.25000000 1.00000000
vt 0.25000000 1.00000000
vt 0.25000000 0.00000000
vt 0.25000000 0.00000000
vt 0.01760490 0.16666667
vt 0.23239510 0.16666667
vt 0.22921655 0.16666667
vt 0.02078345 0.16666667
vt 0.12237015 0.00000000
vt 0.12762985 0.00000000
vt 0.19921875 1.00000000
vt 0.05078125 1.00000000
vt 0.13558561 0.16666667
vt 0.11441439 0.16666667
vt 0.14652309 0.83333333
vt 0.10347691 0.83333333
vt 0.11553741 0.00000000
vt 0.13446259 0.00000000
vt 0.14251338 1.00000000
vt 0.10748662 1.00000000
vt 0.25952173 1.00000000
vt 0.25427888 1.00000000
vt 0.25952173 0.00000000
vt 0.25427888 0.00000000
vt 0.11163071 1.00000000
vt 0.13836929 1.00000000
vt 0.00000000 0.50000000
vt 0.13627950 0.50000000
vt 0.11372050 0.50000000
vt 0.12061547 0.83333333
vt 0.12938453 0.83333333
vt 0.11842516 0.50000000
vt 0.13157484 0.50000000
vt 0.00000000 0.83333333
vt 0.00000000 0.50000000
vt 0.13149550 0.50000000
vt 0.11850450 0.50000000
vt 0.25782373 1.00000000
vt 0.25645989 1.00000000
vt 0.25782373 0.00000000
vt 0.25645989 0.00000000
vt 0.24064401 0.16666667
vt 0.00935599 0.16666667
vt 0.02102622 0.16666667
vt 0.22897378 0.16666667
vt 0.22750562 0.83333333
vt 0.02249438 0.83333333
vt 0.10253650 1.00000000
vt 0.14746350 1.00000000
vt 0.10349739 0.83333333
vt 0.14650261 0.83333333
vt 0.14013987 0.50000000
vt 0.10986013 0.50000000
vt 0.14449478 0.16666667
vt 0.10550522 0.16666667
vt 0.10398859 0.00000000
vt 0.14601141 0.00000000
vt 0.00870707 0.83333333
vt 0.24129293 0.83333333
vt 0.01737362 1.00000000
vt 0.23262638 1.00000000
vt 0.15625000 0.50000000
vt 0.09375000 0.50000000
vt 0.12500000 0.83333333
vt 0.11221097 0.50000000
vt 0.13778903 0.50000000
vt 0.25680949 1.00000000
vt 0.25749559 1.00000000
vt 0.25680949 0.00000000
vt 0.25749559 0.00000000
vt 0.10955207 0.83333333
vt 0.14044793 0.83333333
vt 0.24338098 1.00000000
vt 0.00661902 1.00000000
vt 0.13051054 0.50000000
vt 0.11948946 0.50000000
vt 0.23454504 0.16666667
vt 0.01545496 0.16666667
vt 0.09771081 1.00000000
vt 0.15228919 1.00000000
vt 0.00287520 0.00000000
vt 0.24712480 0.00000000
vt 0.15116601 1.00000000
vt 0.09883399 1.00000000
vt 0.24460981 0.00000000
vt 0.00539019 0.00000000
vt 0.04687500 0.00000000
vt 0.20312500 0.00000000
vt 0.75000000 1.00000000
vt 0.75000000 1.00000000
vt 0.75000000 0.00000000
vt 0.75000000 0.00000000
vt 0.22456810 1.00000000
vt 0.02543190 1.00000000
vt 0.13227723 0.83333333
vt 0.11772277 0.83333333
vt 0.01888063 0.00000000
vt 0.23111937 0.00000000
vt 0.18359375 0.16666667
vt 0.06640625 0.16666667
vt 0.25754183 1.00000000
vt 0.25469946 1.00000000
vt 0.25754183 0.00000000
vt 0.25469946 0.00000000
vt 0.23685442 0.50000000
vt 0.01314558 0.50000000
vt 0.13577113 1.00000000
vt 0.11422887 1.00000000
vt 0.24558548 0.16666667
vt 0.00441452 0.16666667
vt 0.01171875 0.00000000
vt 0.23828125 0.00000000
vt 0.25565952 1.00000000
vt 0.25668280 1.00000000
vt 0.25565952 0.00000000
vt 0.25668280 0.00000000
vt 0.24145079 0.00000000
vt 0.00854921 0.00000000
vt 0.10977959 0.16666667
vt 0.14022041 0.16666667
vt 0.12500000 1.00000000
vt 0.25810614 1.00000000
vt 0.25386463 1.00000000
vt 0.25810614 0.00000000
vt 0.25386463 0.00000000
vt 0.12127538 0.50000000
vt 0.12872462 0.50000000
vt 0.01102620 0.83333333
vt 0.23897380 0.83333333
vt 0.12151060 0.00000000
vt 0.12848940 0.00000000
vt 0.12277226 0.50000000
vt 0.12722774 0.50000000
vt 0.25402550 1.00000000
vt 0.25701378 1.00000000
vt 0.25402550 0.00000000
vt 0.25701378 0.00000000
vt 0.08593750 0.16666667
vt 0.16406250 0.16666667
vt 0.01130494 0.00000000
vt 0.23869506 0.00000000
vt 0.08984375 0.16666667
vt 0.16015625 0.16666667
vt 0.13408486 0.16666667
vt 0.11591514 0.16666667
vt 0.04296875 0.16666667
vt 0.20703125 0.16666667
vt 0.75000000 1.00000000
vt 0.75000000 1.00000000
vt 0.75000000 0.00000000
vt 0.75000000 0.00000000
vt 0.11916449 0.83333333
vt 0.13083551 0.83333333
vt 0.08203125 0.83333333
vt 0.16796875 0.83333333
vt 0.11718750 1.00000000
vt 0.13281250 1.00000000
vt 0.12771391 0.16666667
vt 0.12228609 0.16666667
vt 0.08593750 0.00000000
vt 0.16406250 0.00000000
vt 0.13096263 0.00000000
vt 0.11903737 0.00000000
vt 0.03906250 0.83333333
vt 0.21093750 0.83333333
vt 0.12980152 0.16666667
vt 0.12019848 0.16666667
vt 0.18359375 0.00000000
vt 0.06640625 0.00000000
vt 0.15057461 0.83333333
vt 0.09942539 0.83333333
vt 0.19921875 0.83333333
vt 0.05078125 0.83333333
vt 0.12241199 0.50000000
vt 0.12758801 0.50000000
vt 0.25799989 1.00000000
vt 0.25403657 1.00000000
vt 0.25799989 0.00000000
vt 0.25403657 0.00000000
vt 0.16406250 1.00000000
vt 0.08593750 1.00000000
vt 0.14429204 0.83333333
vt 0.10570796 0.83333333
vt 0.14956276 0.83333333
vt 0.10043724 0.83333333
vt 0.10044548 0.00000000
vt 0.14955452 0.00000000
vt 0.14661524 0.16666667
vt 0.10338476 0.16666667
vt 0.13734048 0.50000000
vt 0.11265952 0.50000000
vt 0.12500000 0.16666667
vt 0.23599283 0.50000000
vt 0.01400717 0.50000000
vt 0.01388697 0.50000000
vt 0.23611303 0.50000000
vt 0.23437043 0.50000000
vt 0.01562957 0.50000000
vt 0.03125000 1.00000000
vt 0.21875000 1.00000000
vt 0.50000000 1.00000000
vt 0.50000000 1.00000000
vt 0.50000000 0.00000000
vt 0.50000000 0.00000000
vt 0.13546487 0.83333333
vt 0.11453513 0.83333333
vt 0.25786651 1.00000000
vt 0.25341613 1.00000000
vt 0.25786651 0.00000000
vt 0.25341613 0.00000000
vt 0.10727858 0.00000000
vt 0.14272142 0.00000000
vt 0.25965035 1.00000000
vt 0.25404859 1.00000000
vt 0.25965035 0.00000000
vt 0.25404859 0.00000000
vt 0.10028062 0.00000000
vt 0.14971938 0.00000000
vt 0.22265625 1.00000000
vt 0.02734375 1.00000000
vt 0.24246941 1.00000000
vt 0.00753059 1.00000000
vt 0.22896319 1.00000000
vt 0.02103681 1.00000000
vt 0.04687500 0.83333333
vt 0.20312500 0.83333333
vt 0.24285336 0.00000000
vt 0.00714664 0.00000000
vt 0.22990540 1.00000000
vt 0.02009460 1.00000000
vt 0.13671875 0.16666667
vt 0.11328125 0.16666667
vt 1.00000000 1.00000000
vt 1.00000000 1.00000000
vt 1.00000000 0.00000000
vt 1.00000000 0.00000000
vt 0.12214813 0.50000000
vt 0.12785187 0.50000000
vt 0.13267070 0.50000000
vt 0.11732930 0.50000000
vt 0.11237922 1.00000000
vt 0.13762078 1.00000000
vt 0.13557119 0.50000000
vt 0.11442881 0.50000000
vt 0.10868287 0.50000000
vt 0.14131713 0.50000000
vt 0.14854242 1.00000000
vt 0.10145758 1.00000000
vt 0.00673818 0.16666667
vt 0.24326182 0.16666667
vt 0.12890625 0.83333333
vt 0.12109375 0.83333333
vt 0.25336874 1.00000000
vt 0.25939429 1.00000000
vt 0.25336874 0.00000000
vt 0.25939429 0.00000000
vt 0.13076728 0.83333333
vt 0.11923272 0.83333333
vt 0.00000000 0.00000000
vt 0.18359375 1.00000000
vt 0.06640625 1.00000000
vt 0.25787041 1.00000000
vt 0.25422788 1.00000000
vt 0.25787041 0.00000000
vt 0.25422788 0.00000000
vt 0.12500000 0.00000000
vt 0.12096454 0.16666667
vt 0.12903546 0.16666667
vt 0.13632277 1.00000000
vt 0.11367723 1.00000000
vt 0.25936142 1.00000000
vt 0.25453556 1.00000000
vt 0.25936142 0.00000000
vt 0.25453556 0.00000000
vt 0.25895033 1.00000000
vt 0.25511748 1.00000000
vt 0.25895033 0.00000000
vt 0.25511748 0.00000000
vt 0.08203125 0.50000000
vt 0.16796875 0.50000000
vt 0.21093750 0.50000000
vt 0.03906250 0.50000000
vt 0.02675669 1.00000000
vt 0.22324331 1.00000000
vt 0.23544471 0.50000000
vt 0.01455529 0.50000000
vt 0.00739870 0.50000000
vt 0.24260130 0.50000000
vt 0.25984110 1.00000000
vt 0.25342679 1.00000000
vt 0.25984110 0.00000000
vt 0.25342679 0.00000000
vt 0.13718516 0.16666667
vt 0.11281484 0.16666667
vt 0.12933408 0.00000000
vt 0.12066592 0.00000000
vt 0.10814819 0.83333333
vt 0.14185181 0.83333333
vt 0.13175023 1.00000000
vt 0.11824977 1.00000000
vt 0.12962195 1.00000000
vt 0.12037805 1.00000000
vt 0.13548274 1.00000000
vt 0.11451726 1.00000000
vt 0.08984375 0.00000000
vt 0.16015625 0.00000000
vt 0.05078125 0.00000000
vt 0.19921875 0.00000000
vt 0.22473141 0.83333333
vt 0.02526859 0.83333333
vt 0.13197305 0.50000000
vt 0.11802695 0.50000000
vt 0.11757564 0.50000000
vt 0.13242436 0.50000000
vt 0.13092732 0.50000000
vt 0.11907268 0.50000000
vt 0.11306422 1.00000000
vt 0.13693578 1.00000000
vt 0.00000000 0.16666667
vt 0.20312500 0.50000000
vt 0.04687500 0.50000000
vt 0.08203125 0.00000000
vt 0.16796875 0.00000000
vt 0.15234375 0.83333333
vt 0.09765625 0.83333333
vt 0.14309613 0.83333333
vt 0.10690387 0.83333333
vt 0.19531250 0.83333333
vt 0.05468750 0.83333333
vt 0.15214794 1.00000000
vt 0.09785206 1.00000000
vt 0.17578125 0.16666667
vt 0.07421875 0.16666667
vt 0.12109375 0.50000000
vt 0.12890625 0.50000000
vt 0.16015625 0.83333333
vt 0.08984375 0.83333333
vt 0.14695961 0.00000000
vt 0.10304039 0.00000000
vt 0.11075432 0.83333333
vt 0.13924568 0.83333333
vt 0.01562500 0.83333333
vt 0.23437500 0.83333333
vt 0.24194428 0.16666667
vt 0.00805572 0.16666667
vt 0.24006359 0.00000000
vt 0.00993641 0.00000000
vt 0.11245575 1.00000000
vt 0.13754425 1.00000000
vt 0.09970730 0.83333333
vt 0.15029270 0.83333333
vt 0.25772590 1.00000000
vt 0.25349948 1.00000000
vt 0.25772590 0.00000000
vt 0.25349948 0.00000000
vt 0.10023443 0.00000000
vt 0.14976557 0.00000000
vt 0.24218750 0.16666667
vt 0.00781250 0.16666667
vt 0.11069491 0.16666667
vt 0.13930509 0.16666667
vt 0.10282872 0.16666667
vt 0.14717128 0.16666667
vt 0.22833818 0.16666667
vt 0.02166182 0.16666667
vt 0.25489785 1.00000000
vt 0.25735418 1.00000000
vt 0.25489785 0.00000000
vt 0.25735418 0.00000000
vt 0.10262636 0.16666667
vt 0.14737364 0.16666667
vt 0.12170796 0.83333333
vt 0.12829204 0.83333333
vt 0.11826218 0.00000000
vt 0.13173782 0.00000000
vt 0.00781250 0.50000000
vt 0.24218750 0.50000000
vt 0.10937500 0.16666667
vt 0.14062500 0.16666667
vt 0.00573164 0.00000000
vt 0.24426836 0.00000000
vt 0.00000000 1.00000000
vt 0.00947734 0.50000000
vt 0.24052266 0.50000000
vt 0.13015990 0.00000000
vt 0.11984010 0.00000000
vt 0.12069302 0.00000000
vt 0.12930698 0.00000000
vt 0.12641510 0.16666667
vt 0.12358490 0.16666667
vt 0.23117371 1.00000000
vt 0.01882629 1.00000000
vt 0.13212025 0.50000000
vt 0.11787975 0.50000000
vt 0.25568307 1.00000000
vt 0.25522704 1.00000000
vt 0.25568307 0.00000000
vt 0.25522704 0.00000000
vt 0.14531295 0.16666667
vt 0.10468705 0.16666667
vt 0.11448272 0.00000000
vt 0.13551728 0.00000000
vt 0.23046875 0.83333333
vt 0.01953125 0.83333333
vt 0.12324071 0.00000000
vt 0.12675929 0.00000000
vt 0.13432720 1.00000000
vt 0.11567280 1.00000000
vt 0.10848802 0.00000000
vt 0.14151198 0.00000000
vt 0.12660183 0.00000000
vt 0.12339817 0.00000000
vt 0.17187500 1.00000000
vt 0.07812500 1.00000000
vt 0.08984375 1.00000000
vt 0.16015625 1.00000000
vt 0.13375106 0.16666667
vt 0.11624894 0.16666667
vt 0.23046875 0.50000000
vt 0.01953125 0.50000000
vt 0.11328125 0.83333333
vt 0.13671875 0.83333333
vt 0.10156250 0.50000000
vt 0.14843750 0.50000000
vt 0.12680205 1.00000000
vt 0.12319795 1.00000000
vt 0.00000000 0.83333333
vt 0.13994722 0.50000000
vt 0.11005278 0.50000000
vt 0.25466080 1.00000000
vt 0.25754611 1.00000000
vt 0.25466080 0.00000000
vt 0.25754611 0.00000000
vt 0.11978236 1.00000000
vt 0.13021764 1.00000000
vt 0.11972347 0.83333333
vt 0.13027653 0.83333333
f 765/765 440/440 1012/1012
f 765/765 1012/1012 1581/1581
f 1581/1581 1012/1012 1527/1527
f 1581/1581 1527/1527 1105/1105
f 1105/1105 1527/1527 850/850
f 1105/1105 850/850 1589/1589
f 1589/1589 850/850 749/749
f 1589/1589 749/749 1455/1455
f 1455/1455 749/749 793/793
f 1455/1455 793/793 248/248
f 248/248 793/793 55/55
f 248/248 55/55 1563/1563
f 1563/1563 55/55 956/956
f 1563/1563 956/956 630/630
f 630/630 956/956 1361/1361
f 630/630 1361/1361 621/621
f 621/621 1361/1361 942/942
f 621/621 942/942 860/860
f 860/860 942/942 576/576
f 860/860 576/576 1088/1088
f 1088/1088 576/576 1107/1107
f 1088/1088 1107/1107 1396/1396
f 1396/1396 1107/1107 655/655
f 1396/1396 655/655 865/865
f 865/865 655/655 596/596
f 865/865 596/596 419/419
f 419/419 596/596 718/718
f 419/419 718/718 256/256
f 256/256 718/718 12/12
f 256/256 12/12 1006/1006
f 1006/1006 12/12 822/822
f 1006/1006 822/822 820/820
f 820/820 822/822 51/51
f 820/820 51/51 675/675
f 675/675 51/51 964/964
f 675/675 964/964 1425/1425
f 1425/1425 964/964 1070/1070
f 1425/1425 1070/1070 1263/1263
f 1263/1263 1070/1070 1030/1030
f 1263/1263 1030/1030 797/797
f 797/797 1030/1030 572/572
f 797/797 572/572 298/298
f 298/298 572/572 1103/1103
f 298/298 1103/1103 600/600
f 600/600 1103/1103 726/726
f 600/600 726/726 794/794
f 794/794 726/726 325/325
f 794/794 325/325 1048/1048
f 1048/1048 325/325 716/716
f 1048/1048 716/716 1033/1033
f 1033/1033 716/716 1591/1591
f 1033/1033 1591/1591 118/118
f 118/118 1591/1591 875/875
f 118/118 875/875 1457/1457
f 1457/1457 875/875 916/916
f 1457/1457 916/916 250/250
f 250/250 916/916 802/802
f 250/250 802/802 65/65
f 65/65 802/802 166/166
f 65/65 166/166 568/568
f 568/568 166/166 673/673
f 568/568 673/673 74/74
f 74/74 673/673 1219/1219
f 74/74 1219/1219 895/895
f 895/895 1219/1219 672/672
f 895/895 672/672 73/73
f 73/73 672/672 167/167
f 73/73 167/167 569/569
f 569/569 167/167 803/803
f 569/569 803/803 66/66
f 66/66 803/803 917/917
f 66/66 917/917 249/249
f 249/249 917/917 874/874
f 249/249 874/874 1456/1456
f 1456/1456 874/874 1592/1592
f 1456/1456 1592/1592 117/117
f 117/117 1592/1592 715/715
f 117/117 715/715 1032/1032
f 1032/1032 715/715 324/324
f 1032/1032 324/324 1049/1049
f 1049/1049 324/324 725/725
f 1049/1049 725/725 795/795
f 795/795 725/725 1104/1104
f 795/795 1104/1104 599/599
f 599/599 1104/1104 573/573
f 599/599 573/573 299/299
f 299/299 573/573 1031/1031
f 299/299 1031/1031 796/796
f 796/796 1031/1031 1069/1069
f 796/796 1069/1069 1262/1262
f 1262/1262 1069/1069 963/963
f 1262/1262 963/963 1424/1424
f 1424/1424 963/963 50/50
f 1424/1424 50/50 674/674
f 674/674 50/50 823/823
f 674/674 823/823 821/821
f 821/821 823/823 11/11
f 821/821 11/11 1005/1005
f 1005/1005 11/11 717/717
f 1005/1005 717/717 255/255
f 255/255 717/717 595/595
f 255/255 595/595 418/418
f 418/418 595/595 656/656
f 418/418 656/656 864/864
f 864/864 656/656 1108/1108
f 864/864 1108/1108 1397/1397
f 1397/1397 1108/1108 577/577
f 1397/1397 577/577 1087/1087
f 1087/1087 577/577 941/941
f 1087/1087 941/941 861/861
f 861/861 941/941 1360/1360
f 861/861 1360/1360 622/622
f 622/622 1360/1360 955/955
f 622/622 955/955 629/629
f 629/629 955/955 56/56
f 629/629 56/56 1562/1562
f 1562/1562 56/56 792/792
f 1562/1562 792/792 247/247
f 247/247 792/792 750/750
f 247/247 750/750 1454/1454
f 1454/1454 750/750 851/851
f 1454/1454 851/851 1590/1590
f 1590/1590 851/851 1528/1528
f 1590/1590 1528/1528 1106/1106
f 1106/1106 1528/1528 1011/1011
f 1106/1106 1011/1011 1580/1580
f 1580/1580 1011/1011 440/440
f 1580/1580 440/440 765/765
f 440/440 24/24 945/945
f 440/440 945/945 1012/1012
f 1012/1012 945/945 774/774
f 1012/1012 774/774 1527/1527
f 1527/1527 774/774 1392/1392
f 1527/1527 1392/1392 850/850
f 850/850 1392/1392 1281/1281
f 850/850 1281/1281 749/749
f 749/749 1281/1281 801/801
f 749/749 801/801 793/793
f 793/793 801/801 848/848
f 793/793 848/848 55/55
f 55/55 848/848 1471/1471
f 55/55 1471/1471 956/956
f 956/956 1471/1471 1192/1192
f 956/956 1192/1192 1361/1361
f 1361/1361 1192/1192 1467/1467
f 1361/1361 1467/1467 942/942
f 942/942 1467/1467 685/685
f 942/942 685/685 576/576
f 576/576 685/685 1009/1009
f 576/576 1009/1009 1107/1107
f 1107/1107 1009/1009 713/713
f 1107/1107 713/713 655/655
f 655/655 713/713 126/126
f 655/655 126/126 596/596
f 596/596 126/126 229/229
f 596/596 229/229 718/718
f 718/718 229/229 301/301
f 718/718 301/301 12/12
f 12/12 301/301 825/825
f 12/12 825/825 822/822
f 822/822 825/825 1395/1395
f 822/822 1395/1395 51/51
f 51/51 1395/1395 1468/1468
f 51/51 1468/1468 964/964
f 964/964 1468/1468 1549/1549
f 964/964 1549/1549 1070/1070
f 1070/1070 1549/1549 966/966
f 1070/1070 966/966 1030/1030
f 1030/1030 966/966 678/678
f 1030/1030 678/678 572/572
f 572/572 678/678 1002/1002
f 572/572 1002/1002 1103/1103
f 1103/1103 1002/1002 232/232
f 1103/1103 232/232 726/726
f 726/726 232/232 490/490
f 726/726 490/490 325/325
f 325/325 490/490 226/226
f 325/325 226/226 716/716
f 716/716 226/226 810/810
f 716/716 810/810 1591/1591
f 1591/1591 810/810 859/859
f 1591/1591 859/859 875/875
f 875/875 859/859 394/394
f 875/875 394/394 916/916
f 916/916 394/394 302/302
f 916/916 302/302 802/802
f 802/802 302/302 898/898
f 802/802 898/898 166/166
f 166/166 898/898 737/737
f 166/166 737/737 673/673
f 673/673 737/737 37/37
f 673/673 37/37 1219/1219
f 1219/1219 37/37 738/738
f 1219/1219 738/738 672/672
f 672/672 738/738 899/899
f 672/672 899/899 167/167
f 167/167 899/899 303/303
f 167/167 303/303 803/803
f 803/803 303/303 395/395
f 803/803 395/395 917/917
f 917/917 395/395 858/858
f 917/917 858/858 874/874
f 874/874 858/858 811/811
f 874/874 811/811 1592/1592
f 1592/1592 811/811 225/225
f 1592/1592 225/225 715/715
f 715/715 225/225 489/489
f 715/715 489/489 324/324
f 324/324 489/489 231/231
f 324/324 231/231 725/725
f 725/725 231/231 1001/1001
f 725/725 1001/1001 1104/1104
f 1104/1104 1001/1001 679/679
f 1104/1104 679/679 573/573
f 573/573 679/679 965/965
f 573/573 965/965 1031/1031
f 1031/1031 965/965 1548/1548
f 1031/1031 1548/1548 1069/1069
f 1069/1069 1548/1548 1469/1469
f 1069/1069 1469/1469 963/963
f 963/963 1469/1469 1394/1394
f 963/963 1394/1394 50/50
f 50/50 1394/1394 824/824
f 50/50 824/824 823/823
f 823/823 824/824 300/300
f 823/823 300/300 11/11
f 11/11 300/300 230/230
f 11/11 230/230 717/717
f 717/717 230/230 125/125
f 717/717 125/125 595/595
f 595/595 125/125 712/712
f 595/595 712/712 656/656
f 656/656 712/712 1010/1010
f 656/656 1010/1010 1108/1108
f 1108/1108 1010/1010 684/684
f 1108/1108 684/684 577/577
f 577/577 684/684 1466/1466
f 577/577 1466/1466 941/941
f 941/941 1466/1466 1191/1191
f 941/941 1191/1191 1360/1360
f 1360/1360 1191/1191 1470/1470
f 1360/1360 1470/1470 955/955
f 955/955 1470/1470 849/849
f 955/955 849/849 56/56
f 56/56 849/849 800/800
f 56/56 800/800 792/792
f 792/792 800/800 1282/1282
f 792/792 1282/1282 750/750
f 750/750 1282/1282 1393/1393
f 750/750 1393/1393 851/851
f 851/851 1393/1393 775/775
f 851/851 775/775 1528/1528
f 1528/1528 775/775 946/946
f 1528/1528 946/946 1011/1011
f 1011/1011 946/946 24/24
f 1011/1011 24/24 440/440
f 24/24 1347/1347 1545/1545
f 24/24 1545/1545 945/945
f 945/945 1545/1545 758/758
f 945/945 758/758 774/774
f 774/774 758/758 1029/1029
f 774/774 1029/1029 1392/1392
f 1392/1392 1029/1029 893/893
f 1392/1392 893/893 1281/1281
f 1281/1281 893/893 261/261
f 1281/1281 261/261 801/801
f 801/801 261/261 359/359
f 801/801 359/359 848/848
f 848/848 359/359 49/49
f 848/848 49/49 1471/1471
f 1471/1471 49/49 1300/1300
f 1471/1471 1300/1300 1192/1192
f 1192/1192 1300/1300 1127/1127
f 1192/1192 1127/1127 1467/1467
f 1467/1467 1127/1127 1137/1137
f 1467/1467 1137/1137 685/685
f 685/685 1137/1137 552/552
f 685/685 552/552 1009/1009
f 1009/1009 552/552 102/102
f 1009/1009 102/102 713/713
f 713/713 102/102 962/962
f 713/713 962/962 126/126
f 126/126 962/962 13/13
f 126/126 13/13 229/229
f 229/229 13/13 1169/1169
f 229/229 1169/1169 301/301
f 301/301 1169/1169 827/827
f 301/301 827/827 825/825
f 825/825 827/827 524/524
f 825/825 524/524 1395/1395
f 1395/1395 524/524 42/42
f 1395/1395 42/42 1468/1468
f 1468/1468 42/42 736/736
f 1468/1468 736/736 1549/1549
f 1549/1549 736/736 1573/1573
f 1549/1549 1573/1573 966/966
f 966/966 1573/1573 1125/1125
f 966/966 1125/1125 678/678
f 678/678 1125/1125 544/544
f 678/678 544/544 1002/1002
f 1002/1002 544/544 550/550
f 1002/1002 550/550 232/232
f 232/232 550/550 385/385
f 232/232 385/385 490/490
f 490/490 385/385 16/16
f 490/490 16/16 226/226
f 226/226 16/16 1322/1322
f 226/226 1322/1322 810/810
f 810/810 1322/1322 1422/1422
f 810/810 1422/1422 859/859
f 859/859 1422/1422 766/766
f 859/859 766/766 394/394
f 394/394 766/766 646/646
f 394/394 646/646 302/302
f 302/302 646/646 923/923
f 302/302 923/923 898/898
f 898/898 923/923 132/132
f 898/898 132/132 737/737
f 737/737 132/132 331/331
f 737/737 331/331 37/37
f 37/37 331/331 131/131
f 37/37 131/131 738/738
f 738/738 131/131 922/922
f 738/738 922/922 899/899
f 899/899 922/922 645/645
f 899/899 645/645 303/303
f 303/303 645/645 767/767
f 303/303 767/767 395/395
f 395/395 767/767 1423/1423
f 395/395 1423/1423 858/858
f 858/858 1423/1423 1321/1321
f 858/858 1321/1321 811/811
f 811/811 1321/1321 15/15
f 811/811 15/15 225/225
f 225/225 15/15 384/384
f 225/225 384/384 489/489
f 489/489 384/384 551/551
f 489/489 551/551 231/231
f 231/231 551/551 545/545
f 231/231 545/545 1001/1001
f 1001/1001 545/545 1126/1126
f 1001/1001 1126/1126 679/679
f 679/679 1126/1126 1572/1572
f 679/679 1572/1572 965/965
f 965/965 1572/1572 735/735
f 965/965 735/735 1548/1548
f 1548/1548 735/735 43/43
f 1548/1548 43/43 1469/1469
f 1469/1469 43/43 523/523
f 1469/1469 523/523 1394/1394
f 1394/1394 523/523 826/826
f 1394/1394 826/826 824/824
f 824/824 826/826 1168/1168
f 824/824 1168/1168 300/300
f 300/300 1168/1168 14/14
f 300/300 14/14 230/230
f 230/230 14/14 961/961
f 230/230 961/961 125/125
f 125/125 961/961 101/101
f 125/125 101/101 712/712
f 712/712 101/101 553/553
f 712/712 553/553 1010/1010
f 1010/1010 553/553 1138/1138
f 1010/1010 1138/1138 684/684
f 684/684 1138/1138 1128/1128
f 684/684 1128/1128 1466/1466
f 1466/1466 1128/1128 1299/1299
f 1466/1466 1299/1299 1191/1191
f 1191/1191 1299/1299 48/48
f 1191/1191 48/48 1470/1470
f 1470/1470 48/48 358/358
f 1470/1470 358/358 849/849
f 849/849 358/358 262/262
f 849/849 262/262 800/800
f 800/800 262/262 894/894
f 800/800 894/894 1282/1282
f 1282/1282 894/894 1028/1028
f 1282/1282 1028/1028 1393/1393
f 1393/1393 1028/1028 757/757
f 1393/1393 757/757 775/775
f 775/775 757/757 1544/1544
f 775/775 1544/1544 946/946
f 946/946 1544/1544 1347/1347
f 946/946 1347/1347 24/24
f 1347/1347 275/275 1567/1567
f 1347/1347 1567/1567 1545/1545
f 1545/1545 1567/1567 111/111
f 1545/1545 111/111 758/758
f 758/758 111/111 525/525
f 758/758 525/525 1029/1029
f 1029/1029 525/525 386/386
f 1029/1029 386/386 893/893
f 893/893 386/386 268/268
f 893/893 268/268 261/261
f 261/261 268/268 155/155
f 261/261 155/155 359/359
f 359/359 155/155 371/371
f 359/359 371/371 49/49
f 49/49 371/371 158/158
f 49/49 158/158 1300/1300
f 1300/1300 158/158 981/981
f 1300/1300 981/981 1127/1127
f 1127/1127 981/981 1119/1119
f 1127/1127 1119/1119 1137/1137
f 1137/1137 1119/1119 957/957
f 1137/1137 957/957 552/552
f 552/552 957/957 507/507
f 552/552 507/507 102/102
f 102/102 507/507 700/700
f 102/102 700/700 962/962
f 962/962 700/700 133/133
f 962/962 133/133 13/13
f 13/13 133/133 1082/1082
f 13/13 1082/1082 1169/1169
f 1169/1169 1082/1082 828/828
f 1169/1169 828/828 827/827
f 827/827 828/828 602/602
f 827/827 602/602 524/524
f 524/524 602/602 1556/1556
f 524/524 1556/1556 42/42
f 42/42 1556/1556 979/979
f 42/42 979/979 736/736
f 736/736 979/979 1172/1172
f 736/736 1172/1172 1573/1573
f 1573/1573 1172/1172 723/723
f 1573/1573 723/723 1125/1125
f 1125/1125 723/723 570/570
f 1125/1125 570/570 544/544
f 544/544 570/570 694/694
f 544/544 694/694 550/550
f 550/550 694/694 1529/1529
f 550/550 1529/1529 385/385
f 385/385 1529/1529 1318/1318
f 385/385 1318/1318 16/16
f 16/16 1318/1318 1541/1541
f 16/16 1541/1541 1322/1322
f 1322/1322 1541/1541 1451/1451
f 1322/1322 1451/1451 1422/1422
f 1422/1422 1451/1451 1285/1285
f 1422/1422 1285/1285 766/766
f 766/766 1285/1285 1164/1164
f 766/766 1164/1164 646/646
f 646/646 1164/1164 1560/1560
f 646/646 1560/1560 923/923
f 923/923 1560/1560 108/108
f 923/923 108/108 132/132
f 132/132 108/108 1421/1421
f 132/132 1421/1421 331/331
f 331/331 1421/1421 107/107
f 331/331 107/107 131/131
f 131/131 107/107 1561/1561
f 131/131 1561/1561 922/922
f 922/922 1561/1561 1165/1165
f 922/922 1165/1165 645/645
f 645/645 1165/1165 1286/1286
f 645/645 1286/1286 767/767
f 767/767 1286/1286 1450/1450
f 767/767 1450/1450 1423/1423
f 1423/1423 1450/1450 1540/1540
f 1423/1423 1540/1540 1321/1321
f 1321/1321 1540/1540 1317/1317
f 1321/1321 1317/1317 15/15
f 15/15 1317/1317 1530/1530
f 15/15 1530/1530 384/384
f 384/384 1530/1530 695/695
f 384/384 695/695 551/551
f 551/551 695/695 571/571
f 551/551 571/571 545/545
f 545/545 571/571 724/724
f 545/545 724/724 1126/1126
f 1126/1126 724/724 1173/1173
f 1126/1126 1173/1173 1572/1572
f 1572/1572 1173/1173 980/980
f 1572/1572 980/980 735/735
f 735/735 980/980 1557/1557
f 735/735 1557/1557 43/43
f 43/43 1557/1557 601/601
f 43/43 601/601 523/523
f 523/523 601/601 829/829
f 523/523 829/829 826/826
f 826/826 829/829 1081/1081
f 826/826 1081/1081 1168/1168
f 1168/1168 1081/1081 134/134
f 1168/1168 134/134 14/14
f 14/14 134/134 701/701
f 14/14 701/701 961/961
f 961/961 701/701 508/508
f 961/961 508/508 101/101
f 101/101 508/508 958/958
f 101/101 958/958 553/553
f 553/553 958/958 1120/1120
f 553/553 1120/1120 1138/1138
f 1138/1138 1120/1120 982/982
f 1138/1138 982/982 1128/1128
f 1128/1128 982/982 159/159
f 1128/1128 159/159 1299/1299
f 1299/1299 159/159 370/370
f 1299/1299 370/370 48/48
f 48/48 370/370 154/154
f 48/48 154/154 358/358
f 358/358 154/154 267/267
f 358/358 267/267 262/262
f 262/262 267/267 387/387
f 262/262 387/387 894/894
f 894/894 387/387 526/526
f 894/894 526/526 1028/1028
f 1028/1028 526/526 112/112
f 1028/1028 112/112 757/757
f 757/757 112/112 1566/1566
f 757/757 1566/1566 1544/1544
f 1544/1544 1566/1566 275/275
f 1544/1544 275/275 1347/1347
f 1141/1141 808/808 1413/1413
f 1141/1141 1413/1413 373/373
f 373/373 1413/1413 322/322
f 373/373 322/322 1503/1503
f 1503/1503 322/322 1226/1226
f 1503/1503 1226/1226 388/388
f 388/388 1226/1226 1109/1109
f 388/388 1109/1109 220/220
f 220/220 1109/1109 1171/1171
f 220/220 1171/1171 648/648
f 648/648 1171/1171 468/468
f 648/648 468/468 353/353
f 353/353 468/468 1340/1340
f 353/353 1340/1340 984/984
f 984/984 1340/1340 157/157
f 984/984 157/157 977/977
f 977/977 157/157 1326/1326
f 977/977 1326/1326 1234/1234
f 1234/1234 1326/1326 926/926
f 1234/1234 926/926 1486/1486
f 1486/1486 926/926 1505/1505
f 1486/1486 1505/1505 186/186
f 186/186 1505/1505 993/993
f 186/186 993/993 1239/1239
f 1239/1239 993/993 944/944
f 1239/1239 944/944 783/783
f 783/783 944/944 1080/1080
f 783/783 1080/1080 660/660
f 660/660 1080/1080 413/413
f 660/660 413/413 1403/1403
f 1403/1403 413/413 1205/1205
f 1403/1403 1205/1205 1203/1203
f 1203/1203 1205/1205 467/467
f 1203/1203 467/467 1017/1017
f 1017/1017 467/467 1338/1338
f 1017/1017 1338/1338 214/214
f 214/214 1338/1338 1482/1482
f 214/214 1482/1482 45/45
f 45/45 1482/1482 1452/1452
f 45/45 1452/1452 1175/1175
f 1175/1175 1452/1452 918/918
f 1175/1175 918/918 688/688
f 688/688 918/918 1495/1495
f 688/688 1495/1495 950/950
f 950/950 1495/1495 1094/1094
f 950/950 1094/1094 1180/1180
f 1180/1180 1094/1094 703/703
f 1180/1180 703/703 1472/1472
f 1472/1472 703/703 1068/1068
f 1472/1472 1068/1068 1459/1459
f 1459/1459 1068/1068 396/396
f 1459/1459 396/396 516/516
f 516/516 396/396 1251/1251
f 516/516 1251/1251 222/222
f 222/222 1251/1251 1307/1307
f 222/222 1307/1307 650/650
f 650/650 1307/1307 1185/1185
f 650/650 1185/1185 483/483
f 483/483 1185/1185 542/542
f 483/483 542/542 920/920
f 920/920 542/542 1015/1015
f 920/920 1015/1015 488/488
f 488/488 1015/1015 23/23
f 488/488 23/23 1276/1276
f 1276/1276 23/23 1014/1014
f 1276/1276 1014/1014 487/487
f 487/487 1014/1014 543/543
f 487/487 543/543 921/921
f 921/921 543/543 1186/1186
f 921/921 1186/1186 484/484
f 484/484 1186/1186 1308/1308
f 484/484 1308/1308 649/649
f 649/649 1308/1308 1250/1250
f 649/649 1250/1250 221/221
f 221/221 1250/1250 397/397
f 221/221 397/397 515/515
f 515/515 397/397 1067/1067
f 515/515 1067/1067 1458/1458
f 1458/1458 1067/1067 702/702
f 1458/1458 702/702 1473/1473
f 1473/1473 702/702 1093/1093
f 1473/1473 1093/1093 1181/1181
f 1181/1181 1093/1093 1496/1496
f 1181/1181 1496/1496 949/949
f 949/949 1496/1496 919/919
f 949/949 919/919 689/689
f 689/689 919/919 1453/1453
f 689/689 1453/1453 1174/1174
f 1174/1174 1453/1453 1481/1481
f 1174/1174 1481/1481 44/44
f 44/44 1481/1481 1337/1337
f 44/44 1337/1337 213/213
f 213/213 1337/1337 466/466
f 213/213 466/466 1016/1016
f 1016/1016 466/466 1206/1206
f 1016/1016 1206/1206 1204/1204
f 1204/1204 1206/1206 412/412
f 1204/1204 412/412 1402/1402
f 1402/1402 412/412 1079/1079
f 1402/1402 1079/1079 659/659
f 659/659 1079/1079 943/943
f 659/659 943/943 782/782
f 782/782 943/943 994/994
f 782/782 994/994 1238/1238
f 1238/1238 994/994 1506/1506
f 1238/1238 1506/1506 187/187
f 187/187 1506/1506 927/927
f 187/187 927/927 1485/1485
f 1485/1485 927/927 1325/1325
f 1485/1485 1325/1325 1235/1235
f 1235/1235 1325/1325 156/156
f 1235/1235 156/156 978/978
f 978/978 156/156 1339/1339
f 978/978 1339/1339 983/983
f 983/983 1339/1339 469/469
f 983/983 469/469 352/352
f 352/352 469/469 1170/1170
f 352/352 1170/1170 647/647
f 647/647 1170/1170 1110/1110
f 647/647 1110/1110 219/219
f 219/219 1110/1110 1227/1227
f 219/219 1227/1227 389/389
f 389/389 1227/1227 323/323
f 389/389 323/323 1504/1504
f 1504/1504 323/323 1412/1412
f 1504/1504 1412/1412 372/372
f 372/372 1412/1412 808/808
f 372/372 808/808 1141/1141
f 808/808 429/429 1329/1329
f 808/808 1329/1329 1413/1413
f 1413/1413 1329/1329 1139/1139
f 1413/1413 1139/1139 322/322
f 322/322 1139/1139 182/182
f 322/322 182/182 1226/1226
f 1226/1226 182/182 52/52
f 1226/1226 52/52 1109/1109
f 1109/1109 52/52 1184/1184
f 1109/1109 1184/1184 1171/1171
f 1171/1171 1184/1184 1220/1220
f 1171/1171 1220/1220 468/468
f 468/468 1220/1220 246/246
f 468/468 246/246 1340/1340
f 1340/1340 246/246 1584/1584
f 1340/1340 1584/1584 157/157
f 157/157 1584/1584 242/242
f 157/157 242/242 1326/1326
f 1326/1326 242/242 1019/1019
f 1326/1326 1019/1019 926/926
f 926/926 1019/1019 1400/1400
f 926/926 1400/1400 1505/1505
f 1505/1505 1400/1400 1057/1057
f 1505/1505 1057/1057 993/993
f 993/993 1057/1057 534/534
f 993/993 534/534 944/944
f 944/944 534/534 609/609
f 944/944 609/609 1080/1080
f 1080/1080 609/609 691/691
f 1080/1080 691/691 413/413
f 413/413 691/691 1208/1208
f 413/413 1208/1208 1205/1205
f 1205/1205 1208/1208 185/185
f 1205/1205 185/185 467/467
f 467/467 185/185 243/243
f 467/467 243/243 1338/1338
f 1338/1338 243/243 337/337
f 1338/1338 337/337 1482/1482
f 1482/1482 337/337 1346/1346
f 1482/1482 1346/1346 1452/1452
f 1452/1452 1346/1346 1020/1020
f 1452/1452 1020/1020 918/918
f 918/918 1020/1020 1399/1399
f 918/918 1399/1399 1495/1495
f 1495/1495 1399/1399 620/620
f 1495/1495 620/620 1094/1094
f 1094/1094 620/620 847/847
f 1094/1094 847/847 703/703
f 703/703 847/847 618/618
f 703/703 618/618 1068/1068
f 1068/1068 618/618 1187/1187
f 1068/1068 1187/1187 396/396
f 396/396 1187/1187 1231/1231
f 396/396 1231/1231 1251/1251
f 1251/1251 1231/1231 770/770
f 1251/1251 770/770 1307/1307
f 1307/1307 770/770 692/692
f 1307/1307 692/692 1185/1185
f 1185/1185 692/692 1287/1287
f 1185/1185 1287/1287 542/542
f 542/542 1287/1287 1095/1095
f 542/542 1095/1095 1015/1015
f 1015/1015 1095/1095 441/441
f 1015/1015 441/441 23/23
f 23/23 441/441 1096/1096
f 23/23 1096/1096 1014/1014
f 1014/1014 1096/1096 1288/1288
f 1014/1014 1288/1288 543/543
f 543/543 1288/1288 693/693
f 543/543 693/693 1186/1186
f 1186/1186 693/693 771/771
f 1186/1186 771/771 1308/1308
f 1308/1308 771/771 1230/1230
f 1308/1308 1230/1230 1250/1250
f 1250/1250 1230/1230 1188/1188
f 1250/1250 1188/1188 397/397
f 397/397 1188/1188 617/617
f 397/397 617/617 1067/1067
f 1067/1067 617/617 846/846
f 1067/1067 846/846 702/702
f 702/702 846/846 619/619
f 702/702 619/619 1093/1093
f 1093/1093 619/619 1398/1398
f 1093/1093 1398/1398 1496/1496
f 1496/1496 1398/1398 1021/1021
f 1496/1496 1021/1021 919/919
f 919/919 1021/1021 1345/1345
f 919/919 1345/1345 1453/1453
f 1453/1453 1345/1345 336/336
f 1453/1453 336/336 1481/1481
f 1481/1481 336/336 244/244
f 1481/1481 244/244 1337/1337
f 1337/1337 244/244 184/184
f 1337/1337 184/184 466/466
f 466/466 184/184 1207/1207
f 466/466 1207/1207 1206/1206
f 1206/1206 1207/1207 690/690
f 1206/1206 690/690 412/412
f 412/412 690/690 610/610
f 412/412 610/610 1079/1079
f 1079/1079 610/610 533/533
f 1079/1079 533/533 943/943
f 943/943 533/533 1056/1056
f 943/943 1056/1056 994/994
f 994/994 1056/1056 1401/1401
f 994/994 1401/1401 1506/1506
f 1506/1506 1401/1401 1018/1018
f 1506/1506 1018/1018 927/927
f 927/927 1018/1018 241/241
f 927/927 241/241 1325/1325
f 1325/1325 241/241 1583/1583
f 1325/1325 1583/1583 156/156
f 156/156 1583/1583 245/245
f 156/156 245/245 1339/1339
f 1339/1339 245/245 1221/1221
f 1339/1339 1221/1221 469/469
f 469/469 1221/1221 1183/1183
f 469/469 1183/1183 1170/1170
f 1170/1170 1183/1183 53/53
f 1170/1170 53/53 1110/1110
f 1110/1110 53/53 183/183
f 1110/1110 183/183 1227/1227
f 1227/1227 183/183 1140/1140
f 1227/1227 1140/1140 323/323
f 323/323 1140/1140 1330/1330
f 323/323 1330/1330 1412/1412
f 1412/1412 1330/1330 429/429
f 1412/1412 429/429 808/808
f 429/429 151/151 335/335
f 429/429 335/335 1329/1329
f 1329/1329 335/335 1122/1122
f 1329/1329 1122/1122 1139/1139
f 1139/1139 1122/1122 1449/1449
f 1139/1139 1449/1449 182/182
f 182/182 1449/1449 1274/1274
f 182/182 1274/1274 52/52
f 52/52 1274/1274 667/667
f 52/52 667/667 1184/1184
f 1184/1184 667/667 752/752
f 1184/1184 752/752 1220/1220
f 1220/1220 752/752 463/463
f 1220/1220 463/463 246/246
f 246/246 463/463 68/68
f 246/246 68/68 1584/1584
f 1584/1584 68/68 1517/1517
f 1584/1584 1517/1517 242/242
f 242/242 1517/1517 1525/1525
f 242/242 1525/1525 1019/1019
f 1019/1019 1525/1525 908/908
f 1019/1019 908/908 1400/1400
f 1400/1400 908/908 510/510
f 1400/1400 510/510 1057/1057
f 1057/1057 510/510 1344/1344
f 1057/1057 1344/1344 534/534
f 534/534 1344/1344 414/414
f 534/534 414/414 609/609
f 609/609 414/414 1555/1555
f 609/609 1555/1555 691/691
f 691/691 1555/1555 1210/1210
f 691/691 1210/1210 1208/1208
f 1208/1208 1210/1210 881/881
f 1208/1208 881/881 185/185
f 185/185 881/881 464/464
f 185/185 464/464 243/243
f 243/243 464/464 1090/1090
f 243/243 1090/1090 337/337
f 337/337 1090/1090 367/367
f 337/337 367/367 1346/1346
f 1346/1346 367/367 1515/1515
f 1346/1346 1515/1515 1020/1020
f 1020/1020 1515/1515 900/900
f 1020/1020 900/900 1399/1399
f 1399/1399 900/900 906/906
f 1399/1399 906/906 620/620
f 620/620 906/906 762/762
f 620/620 762/762 847/847
f 847/847 762/762 417/417
f 847/847 417/417 618/618
f 618/618 417/417 98/98
f 618/618 98/98 1187/1187
f 1187/1187 98/98 199/199
f 1187/1187 199/199 1231/1231
f 1231/1231 199/199 1142/1142
f 1231/1231 1142/1142 770/770
f 770/770 1142/1142 1000/1000
f 770/770 1000/1000 692/692
f 692/692 1000/1000 1314/1314
f 692/692 1314/1314 1287/1287
f 1287/1287 1314/1314 520/520
f 1287/1287 520/520 1095/1095
f 1095/1095 520/520 714/714
f 1095/1095 714/714 441/441
f 441/441 714/714 519/519
f 441/441 519/519 1096/1096
f 1096/1096 519/519 1313/1313
f 1096/1096 1313/1313 1288/1288
f 1288/1288 1313/1313 999/999
f 1288/1288 999/999 693/693
f 693/693 999/999 1143/1143
f 693/693 1143/1143 771/771
f 771/771 1143/1143 200/200
f 771/771 200/200 1230/1230
f 1230/1230 200/200 97/97
f 1230/1230 97/97 1188/1188
f 1188/1188 97/97 416/416
f 1188/1188 416/416 617/617
f 617/617 416/416 761/761
f 617/617 761/761 846/846
f 846/846 761/761 907/907
f 846/846 907/907 619/619
f 619/619 907/907 901/901
f 619/619 901/901 1398/1398
f 1398/1398 901/901 1516/1516
f 1398/1398 1516/1516 1021/1021
f 1021/1021 1516/1516 366/366
f 1021/1021 366/366 1345/1345
f 1345/1345 366/366 1089/1089
f 1345/1345 1089/1089 336/336
f 336/336 1089/1089 465/465
f 336/336 465/465 244/244
f 244/244 465/465 880/880
f 244/244 880/880 184/184
f 184/184 880/880 1209/1209
f 184/184 1209/1209 1207/1207
f 1207/1207 1209/1209 1554/1554
f 1207/1207 1554/1554 690/690
f 690/690 1554/1554 415/415
f 690/690 415/415 610/610
f 610/610 415/415 1343/1343
f 610/610 1343/1343 533/533
f 533/533 1343/1343 509/509
f 533/533 509/509 1056/1056
f 1056/1056 509/509 909/909
f 1056/1056 909/909 1401/1401
f 1401/1401 909/909 1526/1526
f 1401/1401 1526/1526 1018/1018
f 1018/1018 1526/1526 1518/1518
f 1018/1018 1518/1518 241/241
f 241/241 1518/1518 67/67
f 241/241 67/67 1583/1583
f 1583/1583 67/67 462/462
f 1583/1583 462/462 245/245
f 245/245 462/462 751/751
f 245/245 751/751 1221/1221
f 1221/1221 751/751 668/668
f 1221/1221 668/668 1183/1183
f 1183/1183 668/668 1275/1275
f 1183/1183 1275/1275 53/53
f 53/53 1275/1275 1448/1448
f 53/53 1448/1448 183/183
f 183/183 1448/1448 1121/1121
f 183/183 1121/1121 1140/1140
f 1140/1140 1121/1121 334/334
f 1140/1140 334/334 1330/1330
f 1330/1330 334/334 151/151
f 1330/1330 151/151 429/429
f 151/151 671/671 357/357
f 151/151 357/357 335/335
f 335/335 357/357 503/503
f 335/335 503/503 1122/1122
f 1122/1122 503/503 882/882
f 1122/1122 882/882 1449/1449
f 1449/1449 882/882 768/768
f 1449/1449 768/768 1274/1274
f 1274/1274 768/768 662/662
f 1274/1274 662/662 667/667
f 667/667 662/662 539/539
f 667/667 539/539 752/752
f 752/752 539/539 754/754
f 752/752 754/754 463/463
f 463/463 754/754 546/546
f 463/463 546/546 68/68
f 68/68 546/546 1372/1372
f 68/68 1372/1372 1517/1517
f 1517/1517 1372/1372 1511/1511
f 1517/1517 1511/1511 1525/1525
f 1525/1525 1511/1511 1341/1341
f 1525/1525 1341/1341 908/908
f 908/908 1341/1341 868/868
f 908/908 868/868 510/510
f 510/510 868/868 1036/1036
f 510/510 1036/1036 1344/1344
f 1344/1344 1036/1036 521/521
f 1344/1344 521/521 414/414
f 414/414 521/521 1494/1494
f 414/414 1494/1494 1555/1555
f 1555/1555 1494/1494 1211/1211
f 1555/1555 1211/1211 1210/1210
f 1210/1210 1211/1211 952/952
f 1210/1210 952/952 881/881
f 881/881 952/952 340/340
f 881/881 340/340 464/464
f 464/464 340/340 1366/1366
f 464/464 1366/1366 1090/1090
f 1090/1090 1366/1366 1564/1564
f 1090/1090 1564/1564 367/367
f 367/367 1564/1564 1065/1065
f 367/367 1065/1065 1515/1515
f 1515/1515 1065/1065 924/924
f 1515/1515 924/924 900/900
f 900/900 924/924 1034/1034
f 900/900 1034/1034 906/906
f 906/906 1034/1034 312/312
f 906/906 312/312 762/762
f 762/762 312/312 96/96
f 762/762 96/96 417/417
f 417/417 96/96 330/330
f 417/417 330/330 98/98
f 98/98 330/330 216/216
f 98/98 216/216 199/199
f 199/199 216/216 57/57
f 199/199 57/57 1142/1142
f 1142/1142 57/57 1542/1542
f 1142/1142 1542/1542 1000/1000
f 1000/1000 1542/1542 362/362
f 1000/1000 362/362 1314/1314
f 1314/1314 362/362 506/506
f 1314/1314 506/506 520/520
f 520/520 506/506 194/194
f 520/520 194/194 714/714
f 714/714 194/194 505/505
f 714/714 505/505 519/519
f 519/519 505/505 363/363
f 519/519 363/363 1313/1313
f 1313/1313 363/363 1543/1543
f 1313/1313 1543/1543 999/999
f 999/999 1543/1543 58/58
f 999/999 58/58 1143/1143
f 1143/1143 58/58 215/215
f 1143/1143 215/215 200/200
f 200/200 215/215 329/329
f 200/200 329/329 97/97
f 97/97 329/329 95/95
f 97/97 95/95 416/416
f 416/416 95/95 313/313
f 416/416 313/313 761/761
f 761/761 313/313 1035/1035
f 761/761 1035/1035 907/907
f 907/907 1035/1035 925/925
f 907/907 925/925 901/901
f 901/901 925/925 1066/1066
f 901/901 1066/1066 1516/1516
f 1516/1516 1066/1066 1565/1565
f 1516/1516 1565/1565 366/366
f 366/366 1565/1565 1367/1367
f 366/366 1367/1367 1089/1089
f 1089/1089 1367/1367 341/341
f 1089/1089 341/341 465/465
f 465/465 341/341 951/951
f 465/465 951/951 880/880
f 880/880 951/951 1212/1212
f 880/880 1212/1212 1209/1209
f 1209/1209 1212/1212 1493/1493
f 1209/1209 1493/1493 1554/1554
f 1554/1554 1493/1493 522/522
f 1554/1554 522/522 415/415
f 415/415 522/522 1037/1037
f 415/415 1037/1037 1343/1343
f 1343/1343 1037/1037 869/869
f 1343/1343 869/869 509/509
f 509/509 869/869 1342/1342
f 509/509 1342/1342 909/909
f 909/909 1342/1342 1512/1512
f 909/909 1512/1512 1526/1526
f 1526/1526 1512/1512 1373/1373
f 1526/1526 1373/1373 1518/1518
f 1518/1518 1373/1373 547/547
f 1518/1518 547/547 67/67
f 67/67 547/547 753/753
f 67/67 753/753 462/462
f 462/462 753/753 538/538
f 462/462 538/538 751/751
f 751/751 538/538 661/661
f 751/751 661/661 668/668
f 668/668 661/661 769/769
f 668/668 769/769 1275/1275
f 1275/1275 769/769 883/883
f 1275/1275 883/883 1448/1448
f 1448/1448 883/883 504/504
f 1448/1448 504/504 1121/1121
f 1121/1121 504/504 356/356
f 1121/1121 356/356 334/334
f 334/334 356/356 671/671
f 334/334 671/671 151/151
f 1537/1537 1189/1189 198/198
f 1537/1537 198/198 756/756
f 756/756 198/198 708/708
f 756/756 708/708 292/292
f 292/292 708/708 27/27
f 292/292 27/27 763/763
f 763/763 27/27 1497/1497
f 763/763 1497/1497 614/614
f 614/614 1497/1497 1559/1559
f 614/614 1559/1559 990/990
f 990/990 1559/1559 832/832
f 990/990 832/832 740/740
f 740/740 832/832 140/140
f 740/740 140/140 1375/1375
f 1375/1375 140/140 541/541
f 1375/1375 541/541 1354/1354
f 1354/1354 541/541 116/116
f 1354/1354 116/116 31/31
f 31/31 116/116 1319/1319
f 31/31 1319/1319 272/272
f 272/272 1319/1319 294/294
f 272/272 294/294 564/564
f 564/564 294/294 1380/1380
f 564/564 1380/1380 34/34
f 34/34 1380/1380 1328/1328
f 34/34 1328/1328 1167/1167
f 1167/1167 1328/1328 1484/1484
f 1167/1167 1484/1484 998/998
f 998/998 1484/1484 777/777
f 998/998 777/777 193/193
f 193/193 777/777 3/3
f 193/193 3/3 1/1
f 1/1 3/3 831/831
f 1/1 831/831 1416/1416
f 1416/1416 831/831 136/136
f 1416/1416 136/136 608/608
f 608/608 136/136 277/277
f 608/608 277/277 461/461
f 461/461 277/277 217/217
f 461/461 217/217 1569/1569
f 1569/1569 217/217 1309/1309
f 1569/1569 1309/1309 1022/1022
f 1022/1022 1309/1309 286/286
f 1022/1022 286/286 1336/1336
f 1336/1336 286/286 1492/1492
f 1336/1336 1492/1492 1570/1570
f 1570/1570 1492/1492 1047/1047
f 1570/1570 1047/1047 239/239
f 239/239 1047/1047 1480/1480
f 239/239 1480/1480 224/224
f 224/224 1480/1480 772/772
f 224/224 772/772 873/873
f 873/873 772/772 39/39
f 873/873 39/39 616/616
f 616/616 39/39 99/99
f 616/616 99/99 992/992
f 992/992 99/99 1576/1576
f 992/992 1576/1576 842/842
f 842/842 1576/1576 896/896
f 842/842 896/896 1311/1311
f 1311/1311 896/896 1407/1407
f 1311/1311 1407/1407 853/853
f 853/853 1407/1407 428/428
f 853/853 428/428 54/54
f 54/54 428/428 1406/1406
f 54/54 1406/1406 852/852
f 852/852 1406/1406 897/897
f 852/852 897/897 1312/1312
f 1312/1312 897/897 1577/1577
f 1312/1312 1577/1577 843/843
f 843/843 1577/1577 100/100
f 843/843 100/100 991/991
f 991/991 100/100 38/38
f 991/991 38/38 615/615
f 615/615 38/38 773/773
f 615/615 773/773 872/872
f 872/872 773/773 1479/1479
f 872/872 1479/1479 223/223
f 223/223 1479/1479 1046/1046
f 223/223 1046/1046 240/240
f 240/240 1046/1046 1491/1491
f 240/240 1491/1491 1571/1571
f 1571/1571 1491/1491 287/287
f 1571/1571 287/287 1335/1335
f 1335/1335 287/287 1310/1310
f 1335/1335 1310/1310 1023/1023
f 1023/1023 1310/1310 218/218
f 1023/1023 218/218 1568/1568
f 1568/1568 218/218 276/276
f 1568/1568 276/276 460/460
f 460/460 276/276 135/135
f 460/460 135/135 607/607
f 607/607 135/135 830/830
f 607/607 830/830 1415/1415
f 1415/1415 830/830 4/4
f 1415/1415 4/4 2/2
f 2/2 4/4 776/776
f 2/2 776/776 192/192
f 192/192 776/776 1483/1483
f 192/192 1483/1483 997/997
f 997/997 1483/1483 1327/1327
f 997/997 1327/1327 1166/1166
f 1166/1166 1327/1327 1381/1381
f 1166/1166 1381/1381 33/33
f 33/33 1381/1381 295/295
f 33/33 295/295 565/565
f 565/565 295/295 1320/1320
f 565/565 1320/1320 271/271
f 271/271 1320/1320 115/115
f 271/271 115/115 32/32
f 32/32 115/115 540/540
f 32/32 540/540 1355/1355
f 1355/1355 540/540 139/139
f 1355/1355 139/139 1374/1374
f 1374/1374 139/139 833/833
f 1374/1374 833/833 739/739
f 739/739 833/833 1558/1558
f 739/739 1558/1558 989/989
f 989/989 1558/1558 1498/1498
f 989/989 1498/1498 613/613
f 613/613 1498/1498 28/28
f 613/613 28/28 764/764
f 764/764 28/28 709/709
f 764/764 709/709 293/293
f 293/293 709/709 197/197
f 293/293 197/197 755/755
f 755/755 197/197 1189/1189
f 755/755 1189/1189 1537/1537
f 1189/1189 799/799 123/123
f 1189/1189 123/123 198/198
f 198/198 123/123 1531/1531
f 198/198 1531/1531 708/708
f 708/708 1531/1531 560/560
f 708/708 560/560 27/27
f 27/27 560/560 470/470
f 27/27 470/470 1497/1497
f 1497/1497 470/470 1575/1575
f 1497/1497 1575/1575 1559/1559
f 1559/1559 1575/1575 25/25
f 1559/1559 25/25 832/832
f 832/832 25/25 644/644
f 832/832 644/644 140/140
f 140/140 644/644 383/383
f 140/140 383/383 541/541
f 541/541 383/383 634/634
f 541/541 634/634 116/116
f 116/116 634/634 1437/1437
f 116/116 1437/1437 1319/1319
f 1319/1319 1437/1437 190/190
f 1319/1319 190/190 294/294
f 294/294 190/190 1476/1476
f 294/294 1476/1476 1380/1380
f 1380/1380 1476/1476 885/885
f 1380/1380 885/885 1328/1328
f 1328/1328 885/885 967/967
f 1328/1328 967/967 1484/1484
f 1484/1484 967/967 1025/1025
f 1484/1484 1025/1025 777/777
f 777/777 1025/1025 6/6
f 777/777 6/6 3/3
f 3/3 6/6 563/563
f 3/3 563/563 831/831
f 831/831 563/563 657/657
f 831/831 657/657 136/136
f 136/136 657/657 720/720
f 136/136 720/720 277/277
f 277/277 720/720 144/144
f 277/277 144/144 217/217
f 217/217 144/144 1434/1434
f 217/217 1434/1434 1309/1309
f 1309/1309 1434/1434 189/189
f 1309/1309 189/189 286/286
f 286/286 189/189 976/976
f 286/286 976/976 1492/1492
f 1492/1492 976/976 1218/1218
f 1492/1492 1218/1218 1047/1047
f 1047/1047 1218/1218 974/974
f 1047/1047 974/974 1480/1480
f 1480/1480 974/974 1578/1578
f 1480/1480 1578/1578 772/772
f 772/772 1578/1578 30/30
f 772/772 30/30 39/39
f 39/39 30/30 1146/1146
f 39/39 1146/1146 99/99
f 99/99 1146/1146 1026/1026
f 99/99 1026/1026 1576/1576
f 1576/1576 1026/1026 61/61
f 1576/1576 61/61 896/896
f 896/896 61/61 1489/1489
f 896/896 1489/1489 1407/1407
f 1407/1407 1489/1489 809/809
f 1407/1407 809/809 428/428
f 428/428 809/809 1490/1490
f 428/428 1490/1490 1406/1406
f 1406/1406 1490/1490 62/62
f 1406/1406 62/62 897/897
f 897/897 62/62 1027/1027
f 897/897 1027/1027 1577/1577
f 1577/1577 1027/1027 1147/1147
f 1577/1577 1147/1147 100/100
f 100/100 1147/1147 29/29
f 100/100 29/29 38/38
f 38/38 29/29 1579/1579
f 38/38 1579/1579 773/773
f 773/773 1579/1579 973/973
f 773/773 973/973 1479/1479
f 1479/1479 973/973 1217/1217
f 1479/1479 1217/1217 1046/1046
f 1046/1046 1217/1217 975/975
f 1046/1046 975/975 1491/1491
f 1491/1491 975/975 188/188
f 1491/1491 188/188 287/287
f 287/287 188/188 1435/1435
f 287/287 1435/1435 1310/1310
f 1310/1310 1435/1435 143/143
f 1310/1310 143/143 218/218
f 218/218 143/143 719/719
f 218/218 719/719 276/276
f 276/276 719/719 658/658
f 276/276 658/658 135/135
f 135/135 658/658 562/562
f 135/135 562/562 830/830
f 830/830 562/562 5/5
f 830/830 5/5 4/4
f 4/4 5/5 1024/1024
f 4/4 1024/1024 776/776
f 776/776 1024/1024 968/968
f 776/776 968/968 1483/1483
f 1483/1483 968/968 884/884
f 1483/1483 884/884 1327/1327
f 1327/1327 884/884 1475/1475
f 1327/1327 1475/1475 1381/1381
f 1381/1381 1475/1475 191/191
f 1381/1381 191/191 295/295
f 295/295 191/191 1436/1436
f 295/295 1436/1436 1320/1320
f 1320/1320 1436/1436 633/633
f 1320/1320 633/633 115/115
f 115/115 633/633 382/382
f 115/115 382/382 540/540
f 540/540 382/382 643/643
f 540/540 643/643 139/139
f 139/139 643/643 26/26
f 139/139 26/26 833/833
f 833/833 26/26 1574/1574
f 833/833 1574/1574 1558/1558
f 1558/1558 1574/1574 471/471
f 1558/1558 471/471 1498/1498
f 1498/1498 471/471 561/561
f 1498/1498 561/561 28/28
f 28/28 561/561 1532/1532
f 28/28 1532/1532 709/709
f 709/709 1532/1532 124/124
f 709/709 124/124 197/197
f 197/197 124/124 799/799
f 197/197 799/799 1189/1189
f 799/799 535/535 734/734
f 799/799 734/734 123/123
f 123/123 734/734 1514/1514
f 123/123 1514/1514 1531/1531
f 1531/1531 1514/1514 212/212
f 1531/1531 212/212 560/560
f 560/560 212/212 59/59
f 560/560 59/59 470/470
f 470/470 59/59 1007/1007
f 470/470 1007/1007 1575/1575
f 1575/1575 1007/1007 1116/1116
f 1575/1575 1116/1116 25/25
f 25/25 1116/1116 813/813
f 25/25 813/813 644/644
f 644/644 813/813 486/486
f 644/644 486/486 383/383
f 383/383 486/486 310/310
f 383/383 310/310 634/634
f 634/634 310/310 314/314
f 634/634 314/314 1437/1437
f 1437/1437 314/314 1301/1301
f 1437/1437 1301/1301 190/190
f 190/190 1301/1301 871/871
f 190/190 871/871 1476/1476
f 1476/1476 871/871 128/128
f 1476/1476 128/128 885/885
f 885/885 128/128 784/784
f 885/885 784/784 967/967
f 967/967 784/784 339/339
f 967/967 339/339 1025/1025
f 1025/1025 339/339 8/8
f 1025/1025 8/8 6/6
f 6/6 8/8 1255/1255
f 6/6 1255/1255 563/563
f 563/563 1255/1255 814/814
f 563/563 814/814 657/657
f 657/657 814/814 1488/1488
f 657/657 1488/1488 720/720
f 720/720 1488/1488 742/742
f 720/720 742/742 144/144
f 144/144 742/742 304/304
f 144/144 304/304 1434/1434
f 1434/1434 304/304 1293/1293
f 1434/1434 1293/1293 189/189
f 189/189 1293/1293 1297/1297
f 189/189 1297/1297 976/976
f 976/976 1297/1297 1130/1130
f 976/976 1130/1130 1218/1218
f 1218/1218 1130/1130 791/791
f 1218/1218 791/791 974/974
f 974/974 791/791 500/500
f 974/974 500/500 1578/1578
f 1578/1578 500/500 597/597
f 1578/1578 597/597 30/30
f 30/30 597/597 1533/1533
f 30/30 1533/1533 1146/1146
f 1146/1146 1533/1533 1387/1387
f 1146/1146 1387/1387 1026/1026
f 1026/1026 1387/1387 76/76
f 1026/1026 76/76 61/61
f 61/61 76/76 877/877
f 61/61 877/877 1489/1489
f 1489/1489 877/877 1058/1058
f 1489/1489 1058/1058 809/809
f 809/809 1058/1058 876/876
f 809/809 876/876 1490/1490
f 1490/1490 876/876 75/75
f 1490/1490 75/75 62/62
f 62/62 75/75 1386/1386
f 62/62 1386/1386 1027/1027
f 1027/1027 1386/1386 1534/1534
f 1027/1027 1534/1534 1147/1147
f 1147/1147 1534/1534 598/598
f 1147/1147 598/598 29/29
f 29/29 598/598 499/499
f 29/29 499/499 1579/1579
f 1579/1579 499/499 790/790
f 1579/1579 790/790 973/973
f 973/973 790/790 1129/1129
f 973/973 1129/1129 1217/1217
f 1217/1217 1129/1129 1298/1298
f 1217/1217 1298/1298 975/975
f 975/975 1298/1298 1294/1294
f 975/975 1294/1294 188/188
f 188/188 1294/1294 305/305
f 188/188 305/305 1435/1435
f 1435/1435 305/305 741/741
f 1435/1435 741/741 143/143
f 143/143 741/741 1487/1487
f 143/143 1487/1487 719/719
f 719/719 1487/1487 815/815
f 719/719 815/815 658/658
f 658/658 815/815 1254/1254
f 658/658 1254/1254 562/562
f 562/562 1254/1254 7/7
f 562/562 7/7 5/5
f 5/5 7/7 338/338
f 5/5 338/338 1024/1024
f 1024/1024 338/338 785/785
f 1024/1024 785/785 968/968
f 968/968 785/785 127/127
f 968/968 127/127 884/884
f 884/884 127/127 870/870
f 884/884 870/870 1475/1475
f 1475/1475 870/870 1302/1302
f 1475/1475 1302/1302 191/191
f 191/191 1302/1302 315/315
f 191/191 315/315 1436/1436
f 1436/1436 315/315 311/311
f 1436/1436 311/311 633/633
f 633/633 311/311 485/485
f 633/633 485/485 382/382
f 382/382 485/485 812/812
f 382/382 812/812 643/643
f 643/643 812/812 1115/1115
f 643/643 1115/1115 26/26
f 26/26 1115/1115 1008/1008
f 26/26 1008/1008 1574/1574
f 1574/1574 1008/1008 60/60
f 1574/1574 60/60 471/471
f 471/471 60/60 211/211
f 471/471 211/211 561/561
f 561/561 211/211 1513/1513
f 561/561 1513/1513 1532/1532
f 1532/1532 1513/1513 733/733
f 1532/1532 733/733 124/124
f 124/124 733/733 535/535
f 124/124 535/535 799/799
f 535/535 1013/1013 746/746
f 535/535 746/746 734/734
f 734/734 746/746 862/862
f 734/734 862/862 1514/1514
f 1514/1514 862/862 1266/1266
f 1514/1514 1266/1266 212/212
f 212/212 1266/1266 1144/1144
f 212/212 1144/1144 59/59
f 59/59 1144/1144 1004/1004
f 59/59 1004/1004 1007/1007
f 1007/1007 1004/1004 892/892
f 1007/1007 892/892 1116/1116
f 1116/1116 892/892 1118/1118
f 1116/1116 1118/1118 813/813
f 813/813 1118/1118 902/902
f 813/813 902/902 486/486
f 486/486 902/902 172/172
f 486/486 172/172 310/310
f 310/310 172/172 288/288
f 310/310 288/288 314/314
f 314/314 288/288 141/141
f 314/314 141/141 1301/1301
f 1301/1301 141/141 1242/1242
f 1301/1301 1242/1242 871/871
f 871/871 1242/1242 1462/1462
f 871/871 1462/1462 128/128
f 128/128 1462/1462 878/878
f 128/128 878/878 784/784
f 784/784 878/878 281/281
f 784/784 281/281 339/339
f 339/339 281/281 9/9
f 339/339 9/9 8/8
f 8/8 9/9 1324/1324
f 8/8 1324/1324 1255/1255
f 1255/1255 1324/1324 731/731
f 1255/1255 731/731 814/814
f 814/814 731/731 164/164
f 814/814 164/164 1488/1488
f 1488/1488 164/164 354/354
f 1488/1488 354/354 742/742
f 742/742 354/354 1477/1477
f 742/742 1477/1477 304/304
f 304/304 1477/1477 1315/1315
f 304/304 1315/1315 1293/1293
f 1293/1293 1315/1315 1460/1460
f 1293/1293 1460/1460 1297/1297
f 1297/1297 1460/1460 704/704
f 1297/1297 704/704 1130/1130
f 1130/1130 704/704 498/498
f 1130/1130 498/498 791/791
f 791/791 498/498 711/711
f 791/791 711/711 500/500
f 500/500 711/711 604/604
f 500/500 604/604 597/597
f 597/597 604/604 476/476
f 597/597 476/476 1533/1533
f 1533/1533 476/476 332/332
f 1533/1533 332/332 1387/1387
f 1387/1387 332/332 747/747
f 1387/1387 747/747 76/76
f 76/76 747/747 867/867
f 76/76 867/867 877/877
f 877/877 867/867 590/590
f 877/877 590/590 1058/1058
f 1058/1058 590/590 866/866
f 1058/1058 866/866 876/876
f 876/876 866/866 748/748
f 876/876 748/748 75/75
f 75/75 748/748 333/333
f 75/75 333/333 1386/1386
f 1386/1386 333/333 477/477
f 1386/1386 477/477 1534/1534
f 1534/1534 477/477 603/603
f 1534/1534 603/603 598/598
f 598/598 603/603 710/710
f 598/598 710/710 499/499
f 499/499 710/710 497/497
f 499/499 497/497 790/790
f 790/790 497/497 705/705
f 790/790 705/705 1129/1129
f 1129/1129 705/705 1461/1461
f 1129/1129 1461/1461 1298/1298
f 1298/1298 1461/1461 1316/1316
f 1298/1298 1316/1316 1294/1294
f 1294/1294 1316/1316 1478/1478
f 1294/1294 1478/1478 305/305
f 305/305 1478/1478 355/355
f 305/305 355/355 741/741
f 741/741 355/355 165/165
f 741/741 165/165 1487/1487
f 1487/1487 165/165 732/732
f 1487/1487 732/732 815/815
f 815/815 732/732 1323/1323
f 815/815 1323/1323 1254/1254
f 1254/1254 1323/1323 10/10
f 1254/1254 10/10 7/7
f 7/7 10/10 280/280
f 7/7 280/280 338/338
f 338/338 280/280 879/879
f 338/338 879/879 785/785
f 785/785 879/879 1463/1463
f 785/785 1463/1463 127/127
f 127/127 1463/1463 1243/1243
f 127/127 1243/1243 870/870
f 870/870 1243/1243 142/142
f 870/870 142/142 1302/1302
f 1302/1302 142/142 289/289
f 1302/1302 289/289 315/315
f 315/315 289/289 173/173
f 315/315 173/173 311/311
f 311/311 173/173 903/903
f 311/311 903/903 485/485
f 485/485 903/903 1117/1117
f 485/485 1117/1117 812/812
f 812/812 1117/1117 891/891
f 812/812 891/891 1115/1115
f 1115/1115 891/891 1003/1003
f 1115/1115 1003/1003 1008/1008
f 1008/1008 1003/1003 1145/1145
f 1008/1008 1145/1145 60/60
f 60/60 1145/1145 1267/1267
f 60/60 1267/1267 211/211
f 211/211 1267/1267 863/863
f 211/211 863/863 1513/1513
f 1513/1513 863/863 745/745
f 1513/1513 745/745 733/733
f 733/733 745/745 1013/1013
f 733/733 1013/1013 535/535
f 326/326 1582/1582 585/585
f 326/326 585/585 1124/1124
f 1124/1124 585/585 1040/1040
f 1124/1124 1040/1040 682/682
f 682/682 1040/1040 432/432
f 682/682 432/432 1135/1135
f 1135/1135 432/432 296/296
f 1135/1135 296/296 970/970
f 970/970 296/296 343/343
f 970/970 343/343 1377/1377
f 1377/1377 343/343 1213/1213
f 1377/1377 1213/1213 1092/1092
f 1092/1092 1213/1213 530/530
f 1092/1092 530/530 175/175
f 175/175 530/530 905/905
f 175/175 905/905 152/152
f 152/152 905/905 514/514
f 152/152 514/514 442/442
f 442/442 514/514 109/109
f 442/442 109/109 666/666
f 666/666 109/109 686/686
f 666/666 686/686 914/914
f 914/914 686/686 176/176
f 914/914 176/176 445/445
f 445/445 176/176 138/138
f 445/445 138/138 1547/1547
f 1547/1547 138/138 270/270
f 1547/1547 270/270 1385/1385
f 1385/1385 270/270 1155/1155
f 1385/1385 1155/1155 579/579
f 579/579 1155/1155 402/402
f 579/579 402/402 398/398
f 398/398 402/402 1202/1202
f 398/398 1202/1202 202/202
f 202/202 1202/1202 528/528
f 202/202 528/528 960/960
f 960/960 528/528 670/670
f 960/960 670/670 819/819
f 819/819 670/670 611/611
f 819/819 611/611 361/361
f 361/361 611/611 83/83
f 361/361 83/83 1438/1438
f 1438/1438 83/83 676/676
f 1438/1438 676/676 130/130
f 130/130 676/676 279/279
f 130/130 279/279 364/364
f 364/364 279/279 1465/1465
f 364/364 1465/1465 631/631
f 631/631 1465/1465 266/266
f 631/631 266/266 624/624
f 624/624 266/266 1152/1152
f 624/624 1152/1152 1249/1249
f 1249/1249 1152/1152 455/455
f 1249/1249 455/455 972/972
f 972/972 455/455 501/501
f 972/972 501/501 1379/1379
f 1379/1379 501/501 374/374
f 1379/1379 374/374 1215/1215
f 1215/1215 374/374 1283/1283
f 1215/1215 1283/1283 85/85
f 85/85 1283/1283 196/196
f 85/85 196/196 1229/1229
f 1229/1229 196/196 798/798
f 1229/1229 798/798 480/480
f 480/480 798/798 195/195
f 480/480 195/195 1228/1228
f 1228/1228 195/195 1284/1284
f 1228/1228 1284/1284 86/86
f 86/86 1284/1284 375/375
f 86/86 375/375 1216/1216
f 1216/1216 375/375 502/502
f 1216/1216 502/502 1378/1378
f 1378/1378 502/502 454/454
f 1378/1378 454/454 971/971
f 971/971 454/454 1153/1153
f 971/971 1153/1153 1248/1248
f 1248/1248 1153/1153 265/265
f 1248/1248 265/265 623/623
f 623/623 265/265 1464/1464
f 623/623 1464/1464 632/632
f 632/632 1464/1464 278/278
f 632/632 278/278 365/365
f 365/365 278/278 677/677
f 365/365 677/677 129/129
f 129/129 677/677 84/84
f 129/129 84/84 1439/1439
f 1439/1439 84/84 612/612
f 1439/1439 612/612 360/360
f 360/360 612/612 669/669
f 360/360 669/669 818/818
f 818/818 669/669 527/527
f 818/818 527/527 959/959
f 959/959 527/527 1201/1201
f 959/959 1201/1201 201/201
f 201/201 1201/1201 403/403
f 201/201 403/403 401/401
f 401/401 403/403 1154/1154
f 401/401 1154/1154 578/578
f 578/578 1154/1154 269/269
f 578/578 269/269 1384/1384
f 1384/1384 269/269 137/137
f 1384/1384 137/137 1546/1546
f 1546/1546 137/137 177/177
f 1546/1546 177/177 444/444
f 444/444 177/177 687/687
f 444/444 687/687 915/915
f 915/915 687/687 110/110
f 915/915 110/110 665/665
f 665/665 110/110 513/513
f 665/665 513/513 443/443
f 443/443 513/513 904/904
f 443/443 904/904 153/153
f 153/153 904/904 529/529
f 153/153 529/529 174/174
f 174/174 529/529 1214/1214
f 174/174 1214/1214 1091/1091
f 1091/1091 1214/1214 342/342
f 1091/1091 342/342 1376/1376
f 1376/1376 342/342 297/297
f 1376/1376 297/297 969/969
f 969/969 297/297 433/433
f 969/969 433/433 1136/1136
f 1136/1136 433/433 1041/1041
f 1136/1136 1041/1041 683/683
f 683/683 1041/1041 584/584
f 683/683 584/584 1123/1123
f 1123/1123 584/584 1582/1582
f 1123/1123 1582/1582 326/326
f 1582/1582 1182/1182 511/511
f 1582/1582 511/511 585/585
f 585/585 511/511 316/316
f 585/585 316/316 1040/1040
f 1040/1040 316/316 910/910
f 1040/1040 910/910 432/432
f 432/432 910/910 834/834
f 432/432 834/834 296/296
f 296/296 834/834 369/369
f 296/296 369/369 343/343
f 343/343 369/369 430/430
f 343/343 430/430 1213/1213
f 1213/1213 430/430 988/988
f 1213/1213 988/988 530/530
f 530/530 988/988 760/760
f 530/530 760/760 905/905
f 905/905 760/760 986/986
f 905/905 986/986 514/514
f 514/514 986/986 210/210
f 514/514 210/210 109/109
f 109/109 210/210 566/566
f 109/109 566/566 686/686
f 686/686 566/566 252/252
f 686/686 252/252 176/176
f 176/176 252/252 1261/1261
f 176/176 1261/1261 138/138
f 138/138 1261/1261 1350/1350
f 138/138 1350/1350 270/270
f 270/270 1350/1350 1441/1441
f 270/270 1441/1441 1155/1155
f 1155/1155 1441/1441 405/405
f 1155/1155 405/405 402/402
f 402/402 405/405 913/913
f 402/402 913/913 1202/1202
f 1202/1202 913/913 995/995
f 1202/1202 995/995 528/528
f 528/528 995/995 1064/1064
f 528/528 1064/1064 670/670
f 670/670 1064/1064 537/537
f 670/670 537/537 611/611
f 611/611 537/537 203/203
f 611/611 203/203 83/83
f 83/83 203/203 575/575
f 83/83 575/575 676/676
f 676/676 575/575 1353/1353
f 676/676 1353/1353 279/279
f 279/279 1353/1353 22/22
f 279/279 22/22 1465/1465
f 1465/1465 22/22 1349/1349
f 1465/1465 1349/1349 266/266
f 266/266 1349/1349 380/380
f 266/266 380/380 1152/1152
f 1152/1152 380/380 435/435
f 1152/1152 435/435 455/455
f 455/455 435/435 1538/1538
f 455/455 1538/1538 501/501
f 501/501 1538/1538 1442/1442
f 501/501 1442/1442 374/374
f 374/374 1442/1442 481/481
f 374/374 481/481 1283/1283
f 1283/1283 481/481 273/273
f 1283/1283 273/273 196/196
f 196/196 273/273 1190/1190
f 196/196 1190/1190 798/798
f 798/798 1190/1190 274/274
f 798/798 274/274 195/195
f 195/195 274/274 482/482
f 195/195 482/482 1284/1284
f 1284/1284 482/482 1443/1443
f 1284/1284 1443/1443 375/375
f 375/375 1443/1443 1539/1539
f 375/375 1539/1539 502/502
f 502/502 1539/1539 434/434
f 502/502 434/434 454/454
f 454/454 434/434 381/381
f 454/454 381/381 1153/1153
f 1153/1153 381/381 1348/1348
f 1153/1153 1348/1348 265/265
f 265/265 1348/1348 21/21
f 265/265 21/21 1464/1464
f 1464/1464 21/21 1352/1352
f 1464/1464 1352/1352 278/278
f 278/278 1352/1352 574/574
f 278/278 574/574 677/677
f 677/677 574/574 204/204
f 677/677 204/204 84/84
f 84/84 204/204 536/536
f 84/84 536/536 612/612
f 612/612 536/536 1063/1063
f 612/612 1063/1063 669/669
f 669/669 1063/1063 996/996
f 669/669 996/996 527/527
f 527/527 996/996 912/912
f 527/527 912/912 1201/1201
f 1201/1201 912/912 404/404
f 1201/1201 404/404 403/403
f 403/403 404/404 1440/1440
f 403/403 1440/1440 1154/1154
f 1154/1154 1440/1440 1351/1351
f 1154/1154 1351/1351 269/269
f 269/269 1351/1351 1260/1260
f 269/269 1260/1260 137/137
f 137/137 1260/1260 251/251
f 137/137 251/251 177/177
f 177/177 251/251 567/567
f 177/177 567/567 687/687
f 687/687 567/567 209/209
f 687/687 209/209 110/110
f 110/110 209/209 985/985
f 110/110 985/985 513/513
f 513/513 985/985 759/759
f 513/513 759/759 904/904
f 904/904 759/759 987/987
f 904/904 987/987 529/529
f 529/529 987/987 431/431
f 529/529 431/431 1214/1214
f 1214/1214 431/431 368/368
f 1214/1214 368/368 342/342
f 342/342 368/368 835/835
f 342/342 835/835 297/297
f 297/297 835/835 911/911
f 297/297 911/911 433/433
f 433/433 911/911 317/317
f 433/433 317/317 1041/1041
f 1041/1041 317/317 512/512
f 1041/1041 512/512 584/584
f 584/584 512/512 1182/1182
f 584/584 1182/1182 1582/1582
f 1182/1182 886/886 1086/1086
f 1182/1182 1086/1086 511/511
f 511/511 1086/1086 291/291
f 511/511 291/291 316/316
f 316/316 291/291 606/606
f 316/316 606/606 910/910
f 910/910 606/606 478/478
f 910/910 478/478 834/834
f 834/834 478/478 1404/1404
f 834/834 1404/1404 369/369
f 369/369 1404/1404 1500/1500
f 369/369 1500/1500 430/430
f 430/430 1500/1500 1198/1198
f 430/430 1198/1198 988/988
f 988/988 1198/1198 845/845
f 988/988 845/845 760/760
f 760/760 845/845 698/698
f 760/760 698/698 986/986
f 986/986 698/698 706/706
f 986/986 706/706 210/210
f 210/210 706/706 71/71
f 210/210 71/71 566/566
f 566/566 71/71 1233/1233
f 566/566 1233/1233 252/252
f 252/252 1233/1233 518/518
f 252/252 518/518 1261/1261
f 1261/1261 518/518 1160/1160
f 1261/1261 1160/1160 1350/1350
f 1350/1350 1160/1160 730/730
f 1350/1350 730/730 1441/1441
f 1441/1441 730/730 409/409
f 1441/1441 409/409 405/405
f 405/405 409/409 41/41
f 405/405 41/41 913/913
f 913/913 41/41 1199/1199
f 913/913 1199/1199 995/995
f 995/995 1199/1199 254/254
f 995/995 254/254 1064/1064
f 1064/1064 254/254 1098/1098
f 1064/1064 1098/1098 537/537
f 537/537 1098/1098 696/696
f 537/537 696/696 203/203
f 203/203 696/696 63/63
f 203/203 63/63 575/575
f 575/575 63/63 69/69
f 575/575 69/69 1353/1353
f 1353/1353 69/69 1520/1520
f 1353/1353 1520/1520 22/22
f 22/22 1520/1520 1163/1163
f 22/22 1163/1163 1349/1349
f 1349/1349 1163/1163 857/857
f 1349/1349 857/857 380/380
f 380/380 857/857 947/947
f 380/380 947/947 435/435
f 435/435 947/947 327/327
f 435/435 327/327 1538/1538
f 1538/1538 327/327 181/181
f 1538/1538 181/181 1442/1442
f 1442/1442 181/181 492/492
f 1442/1442 492/492 481/481
f 481/481 492/492 1265/1265
f 481/481 1265/1265 273/273
f 273/273 1265/1265 1474/1474
f 273/273 1474/1474 1190/1190
f 1190/1190 1474/1474 1264/1264
f 1190/1190 1264/1264 274/274
f 274/274 1264/1264 491/491
f 274/274 491/491 482/482
f 482/482 491/491 180/180
f 482/482 180/180 1443/1443
f 1443/1443 180/180 328/328
f 1443/1443 328/328 1539/1539
f 1539/1539 328/328 948/948
f 1539/1539 948/948 434/434
f 434/434 948/948 856/856
f 434/434 856/856 381/381
f 381/381 856/856 1162/1162
f 381/381 1162/1162 1348/1348
f 1348/1348 1162/1162 1519/1519
f 1348/1348 1519/1519 21/21
f 21/21 1519/1519 70/70
f 21/21 70/70 1352/1352
f 1352/1352 70/70 64/64
f 1352/1352 64/64 574/574
f 574/574 64/64 697/697
f 574/574 697/697 204/204
f 204/204 697/697 1097/1097
f 204/204 1097/1097 536/536
f 536/536 1097/1097 253/253
f 536/536 253/253 1063/1063
f 1063/1063 253/253 1200/1200
f 1063/1063 1200/1200 996/996
f 996/996 1200/1200 40/40
f 996/996 40/40 912/912
f 912/912 40/40 408/408
f 912/912 408/408 404/404
f 404/404 408/408 729/729
f 404/404 729/729 1440/1440
f 1440/1440 729/729 1161/1161
f 1440/1440 1161/1161 1351/1351
f 1351/1351 1161/1161 517/517
f 1351/1351 517/517 1260/1260
f 1260/1260 517/517 1232/1232
f 1260/1260 1232/1232 251/251
f 251/251 1232/1232 72/72
f 251/251 72/72 567/567
f 567/567 72/72 707/707
f 567/567 707/707 209/209
f 209/209 707/707 699/699
f 209/209 699/699 985/985
f 985/985 699/699 844/844
f 985/985 844/844 759/759
f 759/759 844/844 1197/1197
f 759/759 1197/1197 987/987
f 987/987 1197/1197 1499/1499
f 987/987 1499/1499 431/431
f 431/431 1499/1499 1405/1405
f 431/431 1405/1405 368/368
f 368/368 1405/1405 479/479
f 368/368 479/479 835/835
f 835/835 479/479 605/605
f 835/835 605/605 911/911
f 911/911 605/605 290/290
f 911/911 290/290 317/317
f 317/317 290/290 1085/1085
f 317/317 1085/1085 512/512
f 512/512 1085/1085 886/886
f 512/512 886/886 1182/1182
f 886/886 1414/1414 1100/1100
f 886/886 1100/1100 1086/1086
f 1086/1086 1100/1100 1236/1236
f 1086/1086 1236/1236 291/291
f 291/291 1236/1236 46/46
f 291/291 46/46 606/606
f 606/606 46/46 1535/1535
f 606/606 1535/1535 478/478
f 478/478 1535/1535 1383/1383
f 478/478 1383/1383 1404/1404
f 1404/1404 1383/1383 1273/1273
f 1404/1404 1273/1273 1500/1500
f 1500/1500 1273/1273 1502/1502
f 1500/1500 1502/1502 1198/1198
f 1198/1198 1502/1502 1295/1295
f 1198/1198 1295/1295 845/845
f 845/845 1295/1295 558/558
f 845/845 558/558 698/698
f 698/698 558/558 680/680
f 698/698 680/680 706/706
f 706/706 680/680 531/531
f 706/706 531/531 71/71
f 71/71 531/531 35/35
f 71/71 35/35 1233/1233
f 1233/1233 35/35 237/237
f 1233/1233 237/237 518/518
f 518/518 237/237 1252/1252
f 518/518 1252/1252 1160/1160
f 1160/1160 1252/1252 664/664
f 1160/1160 664/664 730/730
f 730/730 664/664 410/410
f 730/730 410/410 409/409
f 409/409 410/410 114/114
f 409/409 114/114 41/41
f 41/41 114/114 1083/1083
f 41/41 1083/1083 1199/1199
f 1199/1199 1083/1083 548/548
f 1199/1199 548/548 254/254
f 254/254 548/548 743/743
f 254/254 743/743 1098/1098
f 1098/1098 743/743 263/263
f 1098/1098 263/263 696/696
f 696/696 263/263 77/77
f 696/696 77/77 63/63
f 63/63 77/77 227/227
f 63/63 227/227 69/69
f 69/69 227/227 1038/1038
f 69/69 1038/1038 1520/1520
f 1520/1520 1038/1038 855/855
f 1520/1520 855/855 1163/1163
f 1163/1163 855/855 1055/1055
f 1163/1163 1055/1055 857/857
f 857/857 1055/1055 954/954
f 857/857 954/954 947/947
f 947/947 954/954 840/840
f 947/947 840/840 327/327
f 327/327 840/840 727/727
f 327/327 727/727 181/181
f 181/181 727/727 1101/1101
f 181/181 1101/1101 492/492
f 492/492 1101/1101 1241/1241
f 492/492 1241/1241 1265/1265
f 1265/1265 1241/1241 936/936
f 1265/1265 936/936 1474/1474
f 1474/1474 936/936 1240/1240
f 1474/1474 1240/1240 1264/1264
f 1264/1264 1240/1240 1102/1102
f 1264/1264 1102/1102 491/491
f 491/491 1102/1102 728/728
f 491/491 728/728 180/180
f 180/180 728/728 841/841
f 180/180 841/841 328/328
f 328/328 841/841 953/953
f 328/328 953/953 948/948
f 948/948 953/953 1054/1054
f 948/948 1054/1054 856/856
f 856/856 1054/1054 854/854
f 856/856 854/854 1162/1162
f 1162/1162 854/854 1039/1039
f 1162/1162 1039/1039 1519/1519
f 1519/1519 1039/1039 228/228
f 1519/1519 228/228 70/70
f 70/70 228/228 78/78
f 70/70 78/78 64/64
f 64/64 78/78 264/264
f 64/64 264/264 697/697
f 697/697 264/264 744/744
f 697/697 744/744 1097/1097
f 1097/1097 744/744 549/549
f 1097/1097 549/549 253/253
f 253/253 549/549 1084/1084
f 253/253 1084/1084 1200/1200
f 1200/1200 1084/1084 113/113
f 1200/1200 113/113 40/40
f 40/40 113/113 411/411
f 40/40 411/411 408/408
f 408/408 411/411 663/663
f 408/408 663/663 729/729
f 729/729 663/663 1253/1253
f 729/729 1253/1253 1161/1161
f 1161/1161 1253/1253 238/238
f 1161/1161 238/238 517/517
f 517/517 238/238 36/36
f 517/517 36/36 1232/1232
f 1232/1232 36/36 532/532
f 1232/1232 532/532 72/72
f 72/72 532/532 681/681
f 72/72 681/681 707/707
f 707/707 681/681 559/559
f 707/707 559/559 699/699
f 699/699 559/559 1296/1296
f 699/699 1296/1296 844/844
f 844/844 1296/1296 1501/1501
f 844/844 1501/1501 1197/1197
f 1197/1197 1501/1501 1272/1272
f 1197/1197 1272/1272 1499/1499
f 1499/1499 1272/1272 1382/1382
f 1499/1499 1382/1382 1405/1405
f 1405/1405 1382/1382 1536/1536
f 1405/1405 1536/1536 479/479
f 479/479 1536/1536 47/47
f 479/479 47/47 605/605
f 605/605 47/47 1237/1237
f 605/605 1237/1237 290/290
f 290/290 1237/1237 1099/1099
f 290/290 1099/1099 1085/1085
f 1085/1085 1099/1099 1414/1414
f 1085/1085 1414/1414 886/886
f 816/816 817/817 309/309
f 816/816 309/309 307/307
f 307/307 309/309 350/350
f 307/307 350/350 348/348
f 348/348 350/350 1134/1134
f 348/348 1134/1134 1132/1132
f 1132/1132 1134/1134 1073/1073
f 1132/1132 1073/1073 1071/1071
f 1071/1071 1073/1073 1258/1258
f 1071/1071 1258/1258 1256/1256
f 1256/1256 1258/1258 89/89
f 1256/1256 89/89 87/87
f 87/87 89/89 641/641
f 87/87 641/641 639/639
f 639/639 641/641 93/93
f 639/639 93/93 91/91
f 91/91 93/93 378/378
f 91/91 378/378 376/376
f 376/376 378/378 162/162
f 376/376 162/162 160/160
f 160/160 162/162 594/594
f 160/160 594/594 592/592
f 592/592 594/594 449/449
f 592/592 449/449 447/447
f 447/447 449/449 1411/1411
f 447/447 1411/1411 1409/1409
f 1409/1409 1411/1411 81/81
f 1409/1409 81/81 79/79
f 79/79 81/81 1052/1052
f 79/79 1052/1052 1050/1050
f 1050/1050 1052/1052 780/780
f 1050/1050 780/780 778/778
f 778/778 780/780 474/474
f 778/778 474/474 472/472
f 472/472 474/474 1446/1446
f 472/472 1446/1446 1444/1444
f 1444/1444 1446/1446 122/122
f 1444/1444 122/122 120/120
f 120/120 122/122 1078/1078
f 120/120 1078/1078 1076/1076
f 1076/1076 1078/1078 940/940
f 1076/1076 940/940 938/938
f 938/938 940/940 1370/1370
f 938/938 1370/1370 1368/1368
f 1368/1368 1370/1370 1178/1178
f 1368/1368 1178/1178 1176/1176
f 1176/1176 1178/1178 1428/1428
f 1176/1176 1428/1428 1426/1426
f 1426/1426 1428/1428 889/889
f 1426/1426 889/889 887/887
f 887/887 889/889 1432/1432
f 887/887 1432/1432 1430/1430
f 1430/1430 1432/1432 259/259
f 1430/1430 259/259 257/257
f 257/257 259/259 452/452
f 257/257 452/452 450/450
f 450/450 452/452 423/423
f 450/450 423/423 421/421
f 421/421 423/423 1195/1195
f 421/421 1195/1195 1193/1193
f 1193/1193 1195/1195 1225/1225
f 1193/1193 1225/1225 1223/1223
f 1223/1223 1225/1225 722/722
f 1223/1223 722/722 721/721
f 721/721 722/722 1224/1224
f 721/721 1224/1224 1222/1222
f 1222/1222 1224/1224 1196/1196
f 1222/1222 1196/1196 1194/1194
f 1194/1194 1196/1196 422/422
f 1194/1194 422/422 420/420
f 420/420 422/422 453/453
f 420/420 453/453 451/451
f 451/451 453/453 260/260
f 451/451 260/260 258/258
f 258/258 260/260 1433/1433
f 258/258 1433/1433 1431/1431
f 1431/1431 1433/1433 890/890
f 1431/1431 890/890 888/888
f 888/888 890/890 1429/1429
f 888/888 1429/1429 1427/1427
f 1427/1427 1429/1429 1179/1179
f 1427/1427 1179/1179 1177/1177
f 1177/1177 1179/1179 1371/1371
f 1177/1177 1371/1371 1369/1369
f 1369/1369 1371/1371 939/939
f 1369/1369 939/939 937/937
f 937/937 939/939 1077/1077
f 937/937 1077/1077 1075/1075
f 1075/1075 1077/1077 121/121
f 1075/1075 121/121 119/119
f 119/119 121/121 1447/1447
f 119/119 1447/1447 1445/1445
f 1445/1445 1447/1447 475/475
f 1445/1445 475/475 473/473
f 473/473 475/475 781/781
f 473/473 781/781 779/779
f 779/779 781/781 1053/1053
f 779/779 1053/1053 1051/1051
f 1051/1051 1053/1053 82/82
f 1051/1051 82/82 80/80
f 80/80 82/82 1410/1410
f 80/80 1410/1410 1408/1408
f 1408/1408 1410/1410 448/448
f 1408/1408 448/448 446/446
f 446/446 448/448 593/593
f 446/446 593/593 591/591
f 591/591 593/593 163/163
f 591/591 163/163 161/161
f 161/161 163/163 379/379
f 161/161 379/379 377/377
f 377/377 379/379 94/94
f 377/377 94/94 92/92
f 92/92 94/94 642/642
f 92/92 642/642 640/640
f 640/640 642/642 90/90
f 640/640 90/90 88/88
f 88/88 90/90 1259/1259
f 88/88 1259/1259 1257/1257
f 1257/1257 1259/1259 1074/1074
f 1257/1257 1074/1074 1072/1072
f 1072/1072 1074/1074 1133/1133
f 1072/1072 1133/1133 1131/1131
f 1131/1131 1133/1133 351/351
f 1131/1131 351/351 349/349
f 349/349 351/351 308/308
f 349/349 308/308 306/306
f 306/306 308/308 817/817
f 306/306 817/817 816/816
f 145/145 146/146 1552/1552
f 145/145 1552/1552 1550/1550
f 1550/1550 1552/1552 654/654
f 1550/1550 654/654 652/652
f 652/652 654/654 1151/1151
f 652/652 1151/1151 1149/1149
f 1149/1149 1151/1151 1113/1113
f 1149/1149 1113/1113 1111/1111
f 1111/1111 1113/1113 427/427
f 1111/1111 427/427 425/425
f 425/425 427/427 347/347
f 425/425 347/347 345/345
f 345/345 347/347 1292/1292
f 345/345 1292/1292 1290/1290
f 1290/1290 1292/1292 495/495
f 1290/1290 495/495 493/493
f 493/493 495/495 582/582
f 493/493 582/582 580/580
f 580/580 582/582 637/637
f 580/580 637/637 635/635
f 635/635 637/637 1509/1509
f 635/635 1509/1509 1507/1507
f 1507/1507 1509/1509 1364/1364
f 1507/1507 1364/1364 1362/1362
f 1362/1362 1364/1364 838/838
f 1362/1362 838/838 836/836
f 836/836 838/838 20/20
f 836/836 20/20 18/18
f 18/18 20/20 208/208
f 18/18 208/208 206/206
f 206/206 208/208 931/931
f 206/206 931/931 929/929
f 929/929 931/931 106/106
f 929/929 106/106 104/104
f 104/104 106/106 321/321
f 104/104 321/321 319/319
f 319/319 321/321 1044/1044
f 319/319 1044/1044 1042/1042
f 1042/1042 1044/1044 556/556
f 1042/1042 556/556 554/554
f 554/554 556/556 438/438
f 554/554 438/438 436/436
f 436/436 438/438 1279/1279
f 436/436 1279/1279 1277/1277
f 1277/1277 1279/1279 1333/1333
f 1277/1277 1333/1333 1331/1331
f 1331/1331 1333/1333 1419/1419
f 1331/1331 1419/1419 1417/1417
f 1417/1417 1419/1419 628/628
f 1417/1417 628/628 626/626
f 626/626 628/628 1588/1588
f 626/626 1588/1588 1586/1586
f 1586/1586 1588/1588 1524/1524
f 1586/1586 1524/1524 1522/1522
f 1522/1522 1524/1524 806/806
f 1522/1522 806/806 804/804
f 804/804 806/806 789/789
f 804/804 789/789 787/787
f 787/787 789/789 1271/1271
f 787/787 1271/1271 1269/1269
f 1269/1269 1271/1271 392/392
f 1269/1269 392/392 390/390
f 390/390 392/392 179/179
f 390/390 179/179 178/178
f 178/178 179/179 393/393
f 178/178 393/393 391/391
f 391/391 393/393 1270/1270
f 391/391 1270/1270 1268/1268
f 1268/1268 1270/1270 788/788
f 1268/1268 788/788 786/786
f 786/786 788/788 807/807
f 786/786 807/807 805/805
f 805/805 807/807 1523/1523
f 805/805 1523/1523 1521/1521
f 1521/1521 1523/1523 1587/1587
f 1521/1521 1587/1587 1585/1585
f 1585/1585 1587/1587 627/627
f 1585/1585 627/627 625/625
f 625/625 627/627 1420/1420
f 625/625 1420/1420 1418/1418
f 1418/1418 1420/1420 1334/1334
f 1418/1418 1334/1334 1332/1332
f 1332/1332 1334/1334 1280/1280
f 1332/1332 1280/1280 1278/1278
f 1278/1278 1280/1280 439/439
f 1278/1278 439/439 437/437
f 437/437 439/439 557/557
f 437/437 557/557 555/555
f 555/555 557/557 1045/1045
f 555/555 1045/1045 1043/1043
f 1043/1043 1045/1045 320/320
f 1043/1043 320/320 318/318
f 318/318 320/320 105/105
f 318/318 105/105 103/103
f 103/103 105/105 930/930
f 103/103 930/930 928/928
f 928/928 930/930 207/207
f 928/928 207/207 205/205
f 205/205 207/207 19/19
f 205/205 19/19 17/17
f 17/17 19/19 839/839
f 17/17 839/839 837/837
f 837/837 839/839 1365/1365
f 837/837 1365/1365 1363/1363
f 1363/1363 1365/1365 1510/1510
f 1363/1363 1510/1510 1508/1508
f 1508/1508 1510/1510 638/638
f 1508/1508 638/638 636/636
f 636/636 638/638 583/583
f 636/636 583/583 581/581
f 581/581 583/583 496/496
f 581/581 496/496 494/494
f 494/494 496/496 1291/1291
f 494/494 1291/1291 1289/1289
f 1289/1289 1291/1291 346/346
f 1289/1289 346/346 344/344
f 344/344 346/346 426/426
f 344/344 426/426 424/424
f 424/424 426/426 1114/1114
f 424/424 1114/1114 1112/1112
f 1112/1112 1114/1114 1150/1150
f 1112/1112 1150/1150 1148/1148
f 1148/1148 1150/1150 653/653
f 1148/1148 653/653 651/651
f 651/651 653/653 1553/1553
f 651/651 1553/1553 1551/1551
f 1551/1551 1553/1553 146/146
f 1551/1551 146/146 145/145
f 406/406 407/407 399/399
f 1156/1156 406/406 399/399
f 399/399 407/407 400/400
f 400/400 1156/1156 399/399
f 406/406 1159/1159 407/407
f 1158/1158 406/406 1156/1156
f 1158/1158 1159/1159 406/406
f 407/407 1159/1159 400/400
f 1157/1157 1156/1156 400/400
f 400/400 1159/1159 1157/1157
f 1157/1157 1158/1158 1156/1156
f 1159/1159 1158/1158 1157/1157
f 235/235 236/236 233/233
f 1303/1303 235/235 233/233
f 233/233 236/236 234/234
f 234/234 1303/1303 233/233
f 235/235 1306/1306 236/236
f 1305/1305 235/235 1303/1303
f 1305/1305 1306/1306 235/235
f 236/236 1306/1306 234/234
f 1304/1304 1303/1303 234/234
f 234/234 1306/1306 1304/1304
f 1304/1304 1305/1305 1303/1303
f 1306/1306 1305/1305 1304/1304
f 459/459 458/458 457/457
f 587/587 459/459 457/457
f 457/457 458/458 456/456
f 456/456 587/587 457/457
f 459/459 588/588 458/458
f 589/589 459/459 587/587
f 589/589 588/588 459/459
f 458/458 588/588 456/456
f 586/586 587/587 456/456
f 456/456 588/588 586/586
f 586/586 589/589 587/587
f 588/588 589/589 586/586
f 150/150 149/149 148/148
f 283/283 150/150 148/148
f 148/148 149/149 147/147
f 147/147 283/283 148/148
f 150/150 284/284 149/149
f 285/285 150/150 283/283
f 285/285 284/284 150/150
f 149/149 284/284 147/147
f 282/282 283/283 147/147
f 147/147 284/284 282/282
f 282/282 285/285 283/283
f 284/284 285/285 282/282
f 1247/1247 1246/1246 1245/1245
f 1389/1389 1247/1247 1245/1245
f 1245/1245 1246/1246 1244/1244
f 1244/1244 1389/1389 1245/1245
f 1247/1247 1390/1390 1246/1246
f 1391/1391 1247/1247 1389/1389
f 1391/1391 1390/1390 1247/1247
f 1246/1246 1390/1390 1244/1244
f 1388/1388 1389/1389 1244/1244
f 1244/1244 1390/1390 1388/1388
f 1388/1388 1391/1391 1389/1389
f 1390/1390 1391/1391 1388/1388
f 935/935 934/934 933/933
f 1060/1060 935/935 933/933
f 933/933 934/934 932/932
f 932/932 1060/1060 933/933
f 935/935 1061/1061 934/934
f 1062/1062 935/935 1060/1060
f 1062/1062 1061/1061 935/935
f 934/934 1061/1061 932/932
f 1059/1059 1060/1060 932/932
f 932/932 1061/1061 1059/1059
f 1059/1059 1062/1062 1060/1060
f 1061/1061 1062/1062 1059/1059
f 1358/1358 1359/1359 1356/1356
f 168/168 1358/1358 1356/1356
f 1356/1356 1359/1359 1357/1357
f 1357/1357 168/168 1356/1356
f 1358/1358 171/171 1359/1359
f 170/170 1358/1358 168/168
f 170/170 171/171 1358/1358
f 1359/1359 171/171 1357/1357
f 169/169 168/168 1357/1357
f 1357/1357 171/171 169/169
f 169/169 170/170 168/168
f 171/171 170/170 169/169