# https://github.com/mikedh/trimesh
mtllib material_0.mtl
usemtl material_0
v 0.00000000 6.00000000 -2.40000000
v 0.00000000 2.00000000 -3.60000000
v 0.00000000 10.00000000 3.20000000
v 0.00000000 0.00000000 -3.80000000
v 0.00000000 -0.00000000 3.80000000
v 0.00000000 10.00000000 -3.20000000
v 0.00000000 2.00000000 3.60000000
v 0.00000000 6.00000000 2.40000000
v 0.00000000 12.00000000 3.50000000
v 0.00000000 12.00000000 -3.50000000
v 11.40000000 -0.00000000 5.00000000
v 11.40000000 1.80000000 5.00000000
v 11.40000000 -0.00000000 4.80000000
v 11.40000000 1.80000000 4.80000000
v -2.20000000 0.00000000 0.00000000
v 12.60000000 -0.00000000 5.00000000
v 12.60000000 1.80000000 5.00000000
v 12.60000000 -0.00000000 4.80000000
v 12.60000000 1.80000000 4.80000000
v 9.20000000 10.00000000 0.00000000
v 2.40000000 6.00000000 0.00000000
v 2.40000000 2.00000000 0.00000000
v -15.80000000 0.00000000 0.00000000
v 7.00000000 1.80000000 4.82500000
v 7.00000000 0.80000000 4.82500000
v 7.00000000 1.80000000 4.97500000
v 7.00000000 0.80000000 4.97500000
v 3.60000000 6.00000000 0.00000000
v 3.60000000 2.00000000 0.00000000
v 15.00000000 0.00000000 -1.25000000
v 15.00000000 16.50000000 -1.25000000
v 15.00000000 1.80000000 4.82500000
v 15.00000000 0.80000000 4.82500000
v 15.00000000 1.80000000 4.97500000
v 15.00000000 0.80000000 4.97500000
v 15.00000000 0.00000000 -3.15000000
v 15.00000000 16.50000000 -3.15000000
v -3.20000000 10.00000000 0.00000000
v -8.80000000 10.00000000 0.00000000
v 6.00000000 6.00000000 -2.40000000
v 6.00000000 2.00000000 -3.60000000
v 6.00000000 10.00000000 3.20000000
v 6.00000000 0.00000000 -3.80000000
v 6.00000000 -0.00000000 3.80000000
v 6.00000000 10.00000000 -3.20000000
v 6.00000000 2.00000000 3.60000000
v 6.00000000 6.00000000 2.40000000
v 6.00000000 -0.00000000 3.75000000
v 6.00000000 3.20000000 3.75000000
v 6.00000000 12.00000000 3.50000000
v 6.00000000 12.00000000 -3.50000000
v 6.00000000 -0.00000000 8.25000000
v 6.00000000 3.20000000 8.25000000
v -15.60000000 2.00000000 0.00000000
v 3.80000000 0.00000000 0.00000000
v -14.40000000 6.00000000 0.00000000
v 8.40000000 6.00000000 0.00000000
v -9.80000000 0.00000000 0.00000000
v 13.00000000 0.00000000 -2.00000000
v 13.00000000 18.00000000 -2.00000000
v 9.60000000 2.00000000 0.00000000
v -12.00000000 6.00000000 -2.40000000
v -12.00000000 2.00000000 -3.60000000
v -12.00000000 10.00000000 3.20000000
v -12.00000000 0.00000000 -3.80000000
v -12.00000000 -0.00000000 3.80000000
v -12.00000000 10.00000000 -3.20000000
v -12.00000000 2.00000000 3.60000000
v -12.00000000 6.00000000 2.40000000
v -12.00000000 12.00000000 3.50000000
v -12.00000000 12.00000000 -3.50000000
v 2.80000000 10.00000000 0.00000000
v -2.80000000 10.00000000 0.00000000
v 12.00000000 0.00000000 -3.00000000
v 12.00000000 18.00000000 -3.00000000
v 12.00000000 0.00000000 -1.00000000
v 12.00000000 18.00000000 -1.00000000
v -9.60000000 6.00000000 0.00000000
v -9.60000000 2.00000000 0.00000000
v 9.80000000 0.00000000 0.00000000
v -8.40000000 6.00000000 0.00000000
v -8.40000000 2.00000000 0.00000000
v -15.20000000 10.00000000 0.00000000
v -3.80000000 0.00000000 0.00000000
v 11.00000000 0.00000000 -2.00000000
v 11.00000000 18.00000000 -2.00000000
v -6.00000000 6.00000000 -2.40000000
v -6.00000000 2.00000000 -3.60000000
v -6.00000000 10.00000000 3.20000000
v -6.00000000 0.00000000 -3.80000000
v -6.00000000 -0.00000000 3.80000000
v -6.00000000 10.00000000 -3.20000000
v -6.00000000 2.00000000 3.60000000
v -6.00000000 6.00000000 2.40000000
v -6.00000000 12.00000000 3.50000000
v -6.00000000 12.00000000 -3.50000000
v -8.20000000 0.00000000 0.00000000
v 3.20000000 10.00000000 0.00000000
v 18.00000000 -0.00000000 3.75000000
v 18.00000000 3.20000000 3.75000000
v 18.00000000 -0.00000000 8.25000000
v 18.00000000 3.20000000 8.25000000
v -3.60000000 6.00000000 0.00000000
v -3.60000000 2.00000000 0.00000000
v -2.40000000 6.00000000 0.00000000
v -2.40000000 2.00000000 0.00000000
v 9.00000000 1.80000000 4.82500000
v 9.00000000 0.80000000 4.82500000
v 9.00000000 1.80000000 4.97500000
v 9.00000000 0.80000000 4.97500000
v -9.20000000 10.00000000 0.00000000
v 2.20000000 0.00000000 0.00000000
v 17.00000000 1.80000000 4.82500000
v 17.00000000 0.80000000 4.82500000
v 17.00000000 1.80000000 4.97500000
v 17.00000000 0.80000000 4.97500000
v 7.33939201 12.00000000 3.23357836
v 7.33939201 12.00000000 -3.23357836
v -10.66060799 12.00000000 3.23357836
v -10.66060799 12.00000000 -3.23357836
v -4.66060799 12.00000000 3.23357836
v -4.66060799 12.00000000 -3.23357836
v 1.33939201 12.00000000 3.23357836
v 1.33939201 12.00000000 -3.23357836
v 8.66070276 10.00000000 1.77782475
v 8.66070276 10.00000000 -1.77782475
v -9.33929724 10.00000000 1.77782475
v -9.33929724 10.00000000 -1.77782475
v -3.33929724 10.00000000 1.77782475
v -3.33929724 10.00000000 -1.77782475
v 2.66070276 10.00000000 1.77782475
v 2.66070276 10.00000000 -1.77782475
v 12.99518473 0.00000000 -1.90198286
v 12.99518473 18.00000000 -1.90198286
v 12.99518473 0.00000000 -2.09801714
v 12.99518473 18.00000000 -2.09801714
v 3.21716237 2.00000000 2.28381582
v 3.21716237 2.00000000 -2.28381582
v 6.68281613 12.00000000 -3.43274848
v 6.68281613 12.00000000 3.43274848
v -14.78283763 2.00000000 2.28381582
v -14.78283763 2.00000000 -2.28381582
v -11.31718387 12.00000000 -3.43274848
v -11.31718387 12.00000000 3.43274848
v -8.78283763 2.00000000 2.28381582
v -8.78283763 2.00000000 -2.28381582
v -5.31718387 12.00000000 -3.43274848
v -5.31718387 12.00000000 3.43274848
v -2.78283763 2.00000000 2.28381582
v -2.78283763 2.00000000 -2.28381582
v 0.68281613 12.00000000 -3.43274848
v 0.68281613 12.00000000 3.43274848
v 11.90198286 0.00000000 -2.99518473
v 11.90198286 18.00000000 -2.99518473
v 11.90198286 0.00000000 -1.00481527
v 11.90198286 18.00000000 -1.00481527
v -3.78268912 6.00000000 0.91844024
v -3.78268912 6.00000000 -0.91844024
v 2.21731088 6.00000000 0.91844024
v 2.21731088 6.00000000 -0.91844024
v 8.21731088 6.00000000 0.91844024
v 8.21731088 6.00000000 -0.91844024
v -9.78268912 6.00000000 0.91844024
v -9.78268912 6.00000000 -0.91844024
v -3.52636655 10.00000000 2.03005851
v -3.52636655 10.00000000 -2.03005851
v 2.47363345 10.00000000 2.03005851
v 2.47363345 10.00000000 -2.03005851
v 8.47363345 10.00000000 2.03005851
v 8.47363345 10.00000000 -2.03005851
v -9.52636655 10.00000000 2.03005851
v -9.52636655 10.00000000 -2.03005851
v 6.23524114 6.00000000 2.38844334
v 6.23524114 6.00000000 -2.38844334
v -11.76475886 6.00000000 2.38844334
v -11.76475886 6.00000000 -2.38844334
v -5.76475886 6.00000000 2.38844334
v -5.76475886 6.00000000 -2.38844334
v 0.23524114 6.00000000 2.38844334
v 0.23524114 6.00000000 -2.38844334
v -1.50846956 10.00000000 2.82214805
v -1.50846956 10.00000000 -2.82214805
v 4.49153044 10.00000000 2.82214805
v 4.49153044 10.00000000 -2.82214805
v -13.50846956 10.00000000 2.82214805
v -13.50846956 10.00000000 -2.82214805
v 14.12231444 0.00000000 -2.56354926
v 14.12231444 16.50000000 -2.56354926
v 14.12231444 0.00000000 -1.83645074
v 14.12231444 16.50000000 -1.83645074
v -7.50846956 10.00000000 2.82214805
v -7.50846956 10.00000000 -2.82214805
v 3.45441559 2.00000000 2.54558441
v 3.45441559 2.00000000 -2.54558441
v -15.18459113 10.00000000 -0.31365485
v -15.18459113 10.00000000 0.31365485
v -14.54558441 2.00000000 2.54558441
v -14.54558441 2.00000000 -2.54558441
v -9.18459113 10.00000000 -0.31365485
v -9.18459113 10.00000000 0.31365485
v -8.54558441 2.00000000 2.54558441
v -8.54558441 2.00000000 -2.54558441
v -3.18459113 10.00000000 -0.31365485
v -3.18459113 10.00000000 0.31365485
v -2.54558441 2.00000000 2.54558441
v -2.54558441 2.00000000 -2.54558441
v 2.81540887 10.00000000 -0.31365485
v 2.81540887 10.00000000 0.31365485
v -10.66663144 6.00000000 1.99552707
v -10.66663144 6.00000000 -1.99552707
v 14.32824856 0.00000000 -1.52824856
v 14.32824856 16.50000000 -1.52824856
v 14.32824856 0.00000000 -2.87175144
v 14.32824856 16.50000000 -2.87175144
v -4.66663144 6.00000000 1.99552707
v -4.66663144 6.00000000 -1.99552707
v 1.33336856 6.00000000 1.99552707
v 1.33336856 6.00000000 -1.99552707
v 7.33336856 6.00000000 1.99552707
v 7.33336856 6.00000000 -1.99552707
v -6.62428903 10.00000000 3.13851290
v -6.62428903 10.00000000 -3.13851290
v -0.62428903 10.00000000 3.13851290
v -0.62428903 10.00000000 -3.13851290
v 5.37571097 10.00000000 3.13851290
v 5.37571097 10.00000000 -3.13851290
v -12.62428903 10.00000000 3.13851290
v -12.62428903 10.00000000 -3.13851290
v 5.30331677 6.00000000 2.29665681
v 5.30331677 6.00000000 -2.29665681
v -12.69668323 6.00000000 2.29665681
v -12.69668323 6.00000000 -2.29665681
v -6.69668323 6.00000000 2.29665681
v -6.69668323 6.00000000 -2.29665681
v -0.69668323 6.00000000 2.29665681
v -0.69668323 6.00000000 -2.29665681
v 9.48314654 12.00000000 0.34305999
v 9.48314654 12.00000000 -0.34305999
v -8.51685346 12.00000000 0.34305999
v -8.51685346 12.00000000 -0.34305999
v -2.51685346 12.00000000 0.34305999
v -2.51685346 12.00000000 -0.34305999
v 3.48314654 12.00000000 0.34305999
v 3.48314654 12.00000000 -0.34305999
v -9.35130080 -0.00000000 1.79130760
v -9.35130080 0.00000000 -1.79130760
v -3.35130080 -0.00000000 1.79130760
v -3.35130080 0.00000000 -1.79130760
v 11.36560672 0.00000000 -2.77301045
v 11.36560672 18.00000000 -2.77301045
v 11.36560672 0.00000000 -1.22698955
v 11.36560672 18.00000000 -1.22698955
v 2.64869920 -0.00000000 1.79130760
v 2.64869920 0.00000000 -1.79130760
v -15.35130080 -0.00000000 1.79130760
v -15.35130080 0.00000000 -1.79130760
v -9.34929118 12.00000000 1.01599637
v -9.34929118 12.00000000 -1.01599637
v -3.34929118 12.00000000 1.01599637
v -3.34929118 12.00000000 -1.01599637
v 2.65070882 12.00000000 1.01599637
v 2.65070882 12.00000000 -1.01599637
v -15.34929118 12.00000000 1.01599637
v -15.34929118 12.00000000 -1.01599637
v -3.00670940 2.00000000 2.00005284
v -3.00670940 2.00000000 -2.00005284
v -8.91014364 12.00000000 1.94449582
v -8.91014364 12.00000000 -1.94449582
v 2.99329060 2.00000000 2.00005284
v 2.99329060 2.00000000 -2.00005284
v -2.91014364 12.00000000 1.94449582
v -2.91014364 12.00000000 -1.94449582
v 8.99329060 2.00000000 2.00005284
v 8.99329060 2.00000000 -2.00005284
v 3.08985636 12.00000000 1.94449582
v 3.08985636 12.00000000 -1.94449582
v -9.00670940 2.00000000 2.00005284
v -9.00670940 2.00000000 -2.00005284
v -14.91014364 12.00000000 1.94449582
v -14.91014364 12.00000000 -1.94449582
v -12.92891097 10.00000000 -3.06220907
v -12.92891097 10.00000000 3.06220907
v 9.72698407 0.00000000 -0.74134322
v 9.72698407 -0.00000000 0.74134322
v -6.92891097 10.00000000 -3.06220907
v -6.92891097 10.00000000 3.06220907
v -8.27301593 0.00000000 -0.74134322
v -8.27301593 -0.00000000 0.74134322
v -0.92891097 10.00000000 -3.06220907
v -0.92891097 10.00000000 3.06220907
v -2.27301593 0.00000000 -0.74134322
v -2.27301593 -0.00000000 0.74134322
v 5.07108903 10.00000000 -3.06220907
v 5.07108903 10.00000000 3.06220907
v 3.72698407 0.00000000 -0.74134322
v 3.72698407 -0.00000000 0.74134322
v 12.19509032 0.00000000 -2.98078528
v 12.19509032 18.00000000 -2.98078528
v 12.19509032 0.00000000 -1.01921472
v 12.19509032 18.00000000 -1.01921472
v 14.05457451 0.00000000 -2.10688372
v 14.05457451 16.50000000 -2.10688372
v 14.05457451 0.00000000 -2.29311628
v 14.05457451 16.50000000 -2.29311628
v -7.04502484 2.00000000 -3.44498521
v -7.04502484 2.00000000 3.44498521
v 14.72422956 0.00000000 -1.29090668
v 14.72422956 16.50000000 -1.29090668
v 14.72422956 0.00000000 -3.10909332
v 14.72422956 16.50000000 -3.10909332
v -1.04502484 2.00000000 -3.44498521
v -1.04502484 2.00000000 3.44498521
v 4.95497516 2.00000000 -3.44498521
v 4.95497516 2.00000000 3.44498521
v -13.04502484 2.00000000 -3.44498521
v -13.04502484 2.00000000 3.44498521
v -5.53178323 6.00000000 -2.35388467
v -5.53178323 6.00000000 2.35388467
v 0.46821677 6.00000000 -2.35388467
v 0.46821677 6.00000000 2.35388467
v 15.78989613 0.00000000 -1.67220828
v 15.78989613 16.50000000 -1.67220828
v 15.78989613 0.00000000 -2.72779172
v 15.78989613 16.50000000 -2.72779172
v 6.46821677 6.00000000 -2.35388467
v 6.46821677 6.00000000 2.35388467
v -11.53178323 6.00000000 -2.35388467
v -11.53178323 6.00000000 2.35388467
v 11.04305966 0.00000000 -2.29028468
v 11.04305966 18.00000000 -2.29028468
v 11.04305966 0.00000000 -1.70971532
v 11.04305966 18.00000000 -1.70971532
v -9.88338897 6.00000000 -1.13135217
v -9.88338897 6.00000000 1.13135217
v -3.88338897 6.00000000 -1.13135217
v -3.88338897 6.00000000 1.13135217
v 2.11661103 6.00000000 -1.13135217
v 2.11661103 6.00000000 1.13135217
v 11.16853039 0.00000000 -1.44442977
v 11.16853039 18.00000000 -1.44442977
v 11.16853039 0.00000000 -2.55557023
v 11.16853039 18.00000000 -2.55557023
v 8.11661103 6.00000000 -1.13135217
v 8.11661103 6.00000000 1.13135217
v -5.62753487 0.00000000 -3.78170196
v -5.62753487 -0.00000000 3.78170196
v -6.34305999 12.00000000 -3.48314654
v -6.34305999 12.00000000 3.48314654
v 0.37246513 0.00000000 -3.78170196
v 0.37246513 -0.00000000 3.78170196
v -0.34305999 12.00000000 -3.48314654
v -0.34305999 12.00000000 3.48314654
v 6.37246513 0.00000000 -3.78170196
v 6.37246513 -0.00000000 3.78170196
v -11.62753487 0.00000000 -3.78170196
v -11.62753487 -0.00000000 3.78170196
v 5.65694001 12.00000000 -3.48314654
v 5.65694001 12.00000000 3.48314654
v -12.34305999 12.00000000 -3.48314654
v -12.34305999 12.00000000 3.48314654
v 0.74134322 0.00000000 -3.72698407
v 0.74134322 -0.00000000 3.72698407
v 6.74134322 0.00000000 -3.72698407
v 6.74134322 -0.00000000 3.72698407
v -11.25865678 0.00000000 -3.72698407
v -11.25865678 -0.00000000 3.72698407
v -5.25865678 0.00000000 -3.72698407
v -5.25865678 -0.00000000 3.72698407
v 8.35388467 6.00000000 -0.46821677
v 8.35388467 6.00000000 0.46821677
v -9.64611533 6.00000000 -0.46821677
v -9.64611533 6.00000000 0.46821677
v 14.81466419 0.00000000 -3.13174602
v 14.81466419 16.50000000 -3.13174602
v 14.81466419 0.00000000 -1.26825398
v 14.81466419 16.50000000 -1.26825398
v -3.64611533 6.00000000 -0.46821677
v -3.64611533 6.00000000 0.46821677
v 2.35388467 6.00000000 -0.46821677
v 2.35388467 6.00000000 0.46821677
v 12.77301045 0.00000000 -1.36560672
v 12.77301045 18.00000000 -1.36560672
v 12.77301045 0.00000000 -2.63439328
v 12.77301045 18.00000000 -2.63439328
v -1.77782475 10.00000000 -2.66070276
v -1.77782475 10.00000000 2.66070276
v 4.22217525 10.00000000 -2.66070276
v 4.22217525 10.00000000 2.66070276
v -13.77782475 10.00000000 -2.66070276
v -13.77782475 10.00000000 2.66070276
v -7.77782475 10.00000000 -2.66070276
v -7.77782475 10.00000000 2.66070276
v -9.17491655 2.00000000 1.69702825
v -9.17491655 2.00000000 -1.69702825
v -3.17491655 2.00000000 1.69702825
v -3.17491655 2.00000000 -1.69702825
v 2.82508345 2.00000000 1.69702825
v 2.82508345 2.00000000 -1.69702825
v -15.17491655 2.00000000 1.69702825
v -15.17491655 2.00000000 -1.69702825
v -3.29446341 12.00000000 2.22037649
v -3.29446341 12.00000000 -2.22037649
v 2.70553659 12.00000000 2.22037649
v 2.70553659 12.00000000 -2.22037649
v 8.70553659 12.00000000 2.22037649
v 8.70553659 12.00000000 -2.22037649
v -9.29446341 12.00000000 2.22037649
v -9.29446341 12.00000000 -2.22037649
v -6.70232516 2.00000000 -3.53082701
v -6.70232516 2.00000000 3.53082701
v -0.70232516 2.00000000 -3.53082701
v -0.70232516 2.00000000 3.53082701
v 5.29767484 2.00000000 -3.53082701
v 5.29767484 2.00000000 3.53082701
v -12.70232516 2.00000000 -3.53082701
v -12.70232516 2.00000000 3.53082701
v -1.99552707 6.00000000 -1.33336856
v -1.99552707 6.00000000 1.33336856
v 4.00447293 6.00000000 -1.33336856
v 4.00447293 6.00000000 1.33336856
v -13.99552707 6.00000000 -1.33336856
v -13.99552707 6.00000000 1.33336856
v -7.99552707 6.00000000 -1.33336856
v -7.99552707 6.00000000 1.33336856
v 12.98078528 0.00000000 -2.19509032
v 12.98078528 18.00000000 -2.19509032
v 12.98078528 0.00000000 -1.80490968
v 12.98078528 18.00000000 -1.80490968
v 14.05000000 0.00000000 -2.20000000
v 14.05000000 16.50000000 -2.20000000
v -3.08672443 12.00000000 1.64988858
v -3.08672443 12.00000000 -1.64988858
v 2.91327557 12.00000000 1.64988858
v 2.91327557 12.00000000 -1.64988858
v -15.08672443 12.00000000 1.64988858
v -15.08672443 12.00000000 -1.64988858
v -9.08672443 12.00000000 1.64988858
v -9.08672443 12.00000000 -1.64988858
v -7.64988858 12.00000000 3.08672443
v -7.64988858 12.00000000 -3.08672443
v -1.64988858 12.00000000 3.08672443
v -1.64988858 12.00000000 -3.08672443
v 4.35011142 12.00000000 3.08672443
v 4.35011142 12.00000000 -3.08672443
v -13.64988858 12.00000000 3.08672443
v -13.64988858 12.00000000 -3.08672443
v -12.91844024 6.00000000 -2.21731088
v -12.91844024 6.00000000 2.21731088
v -1.45419704 -0.00000000 3.51074222
v -1.45419704 0.00000000 -3.51074222
v -6.91844024 6.00000000 -2.21731088
v -6.91844024 6.00000000 2.21731088
v 4.54580296 -0.00000000 3.51074222
v 4.54580296 0.00000000 -3.51074222
v -13.45419704 -0.00000000 3.51074222
v -13.45419704 0.00000000 -3.51074222
v -0.91844024 6.00000000 -2.21731088
v -0.91844024 6.00000000 2.21731088
v -7.45419704 -0.00000000 3.51074222
v -7.45419704 0.00000000 -3.51074222
v 5.08155976 6.00000000 -2.21731088
v 5.08155976 6.00000000 2.21731088
v 11.61731657 0.00000000 -2.92387953
v 11.61731657 18.00000000 -2.92387953
v 11.61731657 0.00000000 -1.07612047
v 11.61731657 18.00000000 -1.07612047
v -10.77541302 10.00000000 -2.95641450
v -10.77541302 10.00000000 2.95641450
v -4.77541302 10.00000000 -2.95641450
v -4.77541302 10.00000000 2.95641450
v 1.22458698 10.00000000 -2.95641450
v 1.22458698 10.00000000 2.95641450
v 7.22458698 10.00000000 -2.95641450
v 7.22458698 10.00000000 2.95641450
v 15.93174602 0.00000000 -2.01466419
v 15.93174602 16.50000000 -2.01466419
v 15.93174602 0.00000000 -2.38533581
v 15.93174602 16.50000000 -2.38533581
v 2.84041547 -0.00000000 2.11116689
v 2.84041547 0.00000000 -2.11116689
v -15.15958453 -0.00000000 2.11116689
v -15.15958453 0.00000000 -2.11116689
v -9.15958453 -0.00000000 2.11116689
v -9.15958453 0.00000000 -2.11116689
v -3.15958453 -0.00000000 2.11116689
v -3.15958453 0.00000000 -2.11116689
v 4.47745612 6.00000000 -1.85522509
v 4.47745612 6.00000000 1.85522509
v -13.52254388 6.00000000 -1.85522509
v -13.52254388 6.00000000 1.85522509
v -7.52254388 6.00000000 -1.85522509
v -7.52254388 6.00000000 1.85522509
v -1.52254388 6.00000000 -1.85522509
v -1.52254388 6.00000000 1.85522509
v -8.46917299 2.00000000 0.70232516
v -8.46917299 2.00000000 -0.70232516
v 7.85522509 6.00000000 1.52254388
v 7.85522509 6.00000000 -1.52254388
v -10.14477491 6.00000000 1.52254388
v -10.14477491 6.00000000 -1.52254388
v -2.46917299 2.00000000 0.70232516
v -2.46917299 2.00000000 -0.70232516
v -4.14477491 6.00000000 1.52254388
v -4.14477491 6.00000000 -1.52254388
v 3.53082701 2.00000000 0.70232516
v 3.53082701 2.00000000 -0.70232516
v 1.85522509 6.00000000 1.52254388
v 1.85522509 6.00000000 -1.52254388
v 9.53082701 2.00000000 0.70232516
v 9.53082701 2.00000000 -0.70232516
v -8.36362672 0.00000000 -1.10308177
v -8.36362672 -0.00000000 1.10308177
v -2.36362672 0.00000000 -1.10308177
v -2.36362672 -0.00000000 1.10308177
v 3.63637328 0.00000000 -1.10308177
v 3.63637328 -0.00000000 1.10308177
v 9.63637328 0.00000000 -1.10308177
v 9.63637328 -0.00000000 1.10308177
v 1.10308177 0.00000000 -3.63637328
v 1.10308177 -0.00000000 3.63637328
v 7.10308177 0.00000000 -3.63637328
v 7.10308177 -0.00000000 3.63637328
v -10.89691823 0.00000000 -3.63637328
v -10.89691823 -0.00000000 3.63637328
v -4.89691823 0.00000000 -3.63637328
v -4.89691823 -0.00000000 3.63637328
v -3.51074222 -0.00000000 1.45419704
v -3.51074222 0.00000000 -1.45419704
v 4.05550418 12.00000000 2.91014364
v 4.05550418 12.00000000 -2.91014364
v -8.38844334 6.00000000 -0.23524114
v -8.38844334 6.00000000 0.23524114
v 2.48925778 -0.00000000 1.45419704
v 2.48925778 0.00000000 -1.45419704
v -13.94449582 12.00000000 2.91014364
v -13.94449582 12.00000000 -2.91014364
v -15.51074222 -0.00000000 1.45419704
v -15.51074222 0.00000000 -1.45419704
v -2.38844334 6.00000000 -0.23524114
v -2.38844334 6.00000000 0.23524114
v -7.94449582 12.00000000 2.91014364
v -7.94449582 12.00000000 -2.91014364
v -9.51074222 -0.00000000 1.45419704
v -9.51074222 0.00000000 -1.45419704
v 3.61155666 6.00000000 -0.23524114
v 3.61155666 6.00000000 0.23524114
v -1.94449582 12.00000000 2.91014364
v -1.94449582 12.00000000 -2.91014364
v -14.38844334 6.00000000 -0.23524114
v -14.38844334 6.00000000 0.23524114
v -2.21829804 0.00000000 -0.37246513
v -2.21829804 -0.00000000 0.37246513
v 3.78170196 0.00000000 -0.37246513
v 3.78170196 -0.00000000 0.37246513
v 9.78170196 0.00000000 -0.37246513
v 9.78170196 -0.00000000 0.37246513
v -8.21829804 0.00000000 -0.37246513
v -8.21829804 -0.00000000 0.37246513
v -7.69702825 2.00000000 3.17491655
v -7.69702825 2.00000000 -3.17491655
v -1.69702825 2.00000000 3.17491655
v -1.69702825 2.00000000 -3.17491655
v 4.30297175 2.00000000 3.17491655
v 4.30297175 2.00000000 -3.17491655
v -13.69702825 2.00000000 3.17491655
v -13.69702825 2.00000000 -3.17491655
v -8.55501479 2.00000000 1.04502484
v -8.55501479 2.00000000 -1.04502484
v -2.55501479 2.00000000 1.04502484
v -2.55501479 2.00000000 -1.04502484
v 3.44498521 2.00000000 1.04502484
v 3.44498521 2.00000000 -1.04502484
v 15.73435993 0.00000000 -2.80267362
v 15.73435993 16.50000000 -2.80267362
v 15.73435993 0.00000000 -1.59732638
v 15.73435993 16.50000000 -1.59732638
v 9.44498521 2.00000000 1.04502484
v 9.44498521 2.00000000 -1.04502484
v 12.47139674 0.00000000 -2.88192126
v 12.47139674 18.00000000 -2.88192126
v 12.47139674 0.00000000 -1.11807874
v 12.47139674 18.00000000 -1.11807874
v -2.00005284 2.00000000 -2.99329060
v -2.00005284 2.00000000 2.99329060
v 3.99994716 2.00000000 -2.99329060
v 3.99994716 2.00000000 2.99329060
v -14.00005284 2.00000000 -2.99329060
v -14.00005284 2.00000000 2.99329060
v 14.47220828 0.00000000 -2.98989613
v 14.47220828 16.50000000 -2.98989613
v 14.47220828 0.00000000 -1.41010387
v 14.47220828 16.50000000 -1.41010387
v -8.00005284 2.00000000 -2.99329060
v -8.00005284 2.00000000 2.99329060
v 3.31299423 -0.00000000 2.68700577
v 3.31299423 0.00000000 -2.68700577
v -14.68700577 -0.00000000 2.68700577
v -14.68700577 0.00000000 -2.68700577
v -8.68700577 -0.00000000 2.68700577
v -8.68700577 0.00000000 -2.68700577
v -2.68700577 -0.00000000 2.68700577
v -2.68700577 0.00000000 -2.68700577
v 9.43274848 12.00000000 -0.68281613
v 9.43274848 12.00000000 0.68281613
v -8.56725152 12.00000000 -0.68281613
v -8.56725152 12.00000000 0.68281613
v -2.56725152 12.00000000 -0.68281613
v -2.56725152 12.00000000 0.68281613
v 3.43274848 12.00000000 -0.68281613
v 3.43274848 12.00000000 0.68281613
v 11.44442977 0.00000000 -1.16853039
v 11.44442977 18.00000000 -1.16853039
v 11.44442977 0.00000000 -2.83146961
v 11.44442977 18.00000000 -2.83146961
v 15.44782690 0.00000000 -3.03782520
v 15.44782690 16.50000000 -3.03782520
v 15.44782690 0.00000000 -1.36217480
v 15.44782690 16.50000000 -1.36217480
v 15.60267362 0.00000000 -2.93435993
v 15.60267362 16.50000000 -2.93435993
v 15.60267362 0.00000000 -1.46564007
v 15.60267362 16.50000000 -1.46564007
v 2.93743972 -0.00000000 2.41069448
v 2.93743972 0.00000000 -2.41069448
v 8.93743972 -0.00000000 2.41069448
v 8.93743972 0.00000000 -2.41069448
v -9.06256028 -0.00000000 2.41069448
v -9.06256028 0.00000000 -2.41069448
v -3.06256028 -0.00000000 2.41069448
v -3.06256028 0.00000000 -2.41069448
v -12.35286171 2.00000000 3.58266502
v -12.35286171 2.00000000 -3.58266502
v -8.03005851 10.00000000 -2.47363345
v -8.03005851 10.00000000 2.47363345
v -7.69705627 6.00000000 1.69705627
v -7.69705627 6.00000000 -1.69705627
v -6.35286171 2.00000000 3.58266502
v -6.35286171 2.00000000 -3.58266502
v -2.03005851 10.00000000 -2.47363345
v -2.03005851 10.00000000 2.47363345
v -1.69705627 6.00000000 1.69705627
v -1.69705627 6.00000000 -1.69705627
v -0.35286171 2.00000000 3.58266502
v -0.35286171 2.00000000 -3.58266502
v 3.96994149 10.00000000 -2.47363345
v 3.96994149 10.00000000 2.47363345
v 4.30294373 6.00000000 1.69705627
v 4.30294373 6.00000000 -1.69705627
v -14.03005851 10.00000000 -2.47363345
v -14.03005851 10.00000000 2.47363345
v 5.64713829 2.00000000 3.58266502
v 5.64713829 2.00000000 -3.58266502
v -13.69705627 6.00000000 1.69705627
v -13.69705627 6.00000000 -1.69705627
v -3.13851290 10.00000000 0.62428903
v -3.13851290 10.00000000 -0.62428903
v 2.86148710 10.00000000 0.62428903
v 2.86148710 10.00000000 -0.62428903
v -15.13851290 10.00000000 0.62428903
v -15.13851290 10.00000000 -0.62428903
v -9.13851290 10.00000000 0.62428903
v -9.13851290 10.00000000 -0.62428903
v 2.67403368 2.00000000 1.37766036
v 2.67403368 2.00000000 -1.37766036
v -15.32596632 2.00000000 1.37766036
v -15.32596632 2.00000000 -1.37766036
v -9.32596632 2.00000000 1.37766036
v -9.32596632 2.00000000 -1.37766036
v -3.32596632 2.00000000 1.37766036
v -3.32596632 2.00000000 -1.37766036
v 2.95641450 10.00000000 -1.22458698
v 2.95641450 10.00000000 1.22458698
v 8.95641450 10.00000000 -1.22458698
v 8.95641450 10.00000000 1.22458698
v -9.04358550 10.00000000 -1.22458698
v -9.04358550 10.00000000 1.22458698
v 11.29289322 0.00000000 -1.29289322
v 11.29289322 18.00000000 -1.29289322
v 11.29289322 0.00000000 -2.70710678
v 11.29289322 18.00000000 -2.70710678
v -3.04358550 10.00000000 -1.22458698
v -3.04358550 10.00000000 1.22458698
v -8.93779093 10.00000000 0.92891097
v -8.93779093 10.00000000 -0.92891097
v 3.17785195 10.00000000 1.50846956
v 3.17785195 10.00000000 -1.50846956
v -13.01599637 12.00000000 3.34929118
v -13.01599637 12.00000000 -3.34929118
v -14.82214805 10.00000000 1.50846956
v -14.82214805 10.00000000 -1.50846956
v -2.93779093 10.00000000 0.92891097
v -2.93779093 10.00000000 -0.92891097
v -7.01599637 12.00000000 3.34929118
v -7.01599637 12.00000000 -3.34929118
v -8.82214805 10.00000000 1.50846956
v -8.82214805 10.00000000 -1.50846956
v 3.06220907 10.00000000 0.92891097
v 3.06220907 10.00000000 -0.92891097
v -1.01599637 12.00000000 3.34929118
v -1.01599637 12.00000000 -3.34929118
v -2.82214805 10.00000000 1.50846956
v -2.82214805 10.00000000 -1.50846956
v 9.06220907 10.00000000 0.92891097
v 9.06220907 10.00000000 -0.92891097
v 4.98400363 12.00000000 3.34929118
v 4.98400363 12.00000000 -3.34929118
v 14.09090668 0.00000000 -1.92422956
v 14.09090668 16.50000000 -1.92422956
v 14.09090668 0.00000000 -2.47577044
v 14.09090668 16.50000000 -2.47577044
v 4.62233964 2.00000000 3.32596632
v 4.62233964 2.00000000 -3.32596632
v -13.37766036 2.00000000 3.32596632
v -13.37766036 2.00000000 -3.32596632
v -7.37766036 2.00000000 3.32596632
v -7.37766036 2.00000000 -3.32596632
v -1.37766036 2.00000000 3.32596632
v -1.37766036 2.00000000 -3.32596632
v -11.68634515 10.00000000 3.18459113
v -11.68634515 10.00000000 -3.18459113
v -5.68634515 10.00000000 3.18459113
v -5.68634515 10.00000000 -3.18459113
v 0.31365485 10.00000000 3.18459113
v 0.31365485 10.00000000 -3.18459113
v 6.31365485 10.00000000 3.18459113
v 6.31365485 10.00000000 -3.18459113
v 15.36354926 0.00000000 -1.32231444
v 15.36354926 16.50000000 -1.32231444
v 15.36354926 0.00000000 -3.07768556
v 15.36354926 16.50000000 -3.07768556
v -14.29665681 6.00000000 0.69668323
v -14.29665681 6.00000000 -0.69668323
v -14.11116689 -0.00000000 3.15958453
v -14.11116689 0.00000000 -3.15958453
v 3.77962351 12.00000000 -2.70553659
v 3.77962351 12.00000000 2.70553659
v -8.29665681 6.00000000 0.69668323
v -8.29665681 6.00000000 -0.69668323
v -8.11116689 -0.00000000 3.15958453
v -8.11116689 0.00000000 -3.15958453
v -14.22037649 12.00000000 -2.70553659
v -14.22037649 12.00000000 2.70553659
v -2.29665681 6.00000000 0.69668323
v -2.29665681 6.00000000 -0.69668323
v -2.11116689 -0.00000000 3.15958453
v -2.11116689 0.00000000 -3.15958453
v -8.22037649 12.00000000 -2.70553659
v -8.22037649 12.00000000 2.70553659
v 3.70334319 6.00000000 0.69668323
v 3.70334319 6.00000000 -0.69668323
v 3.88883311 -0.00000000 3.15958453
v 3.88883311 0.00000000 -3.15958453
v -2.22037649 12.00000000 -2.70553659
v -2.22037649 12.00000000 2.70553659
v -4.86864783 6.00000000 -2.11661103
v -4.86864783 6.00000000 2.11661103
v 12.92387953 0.00000000 -1.61731657
v 12.92387953 18.00000000 -1.61731657
v 12.92387953 0.00000000 -2.38268343
v 12.92387953 18.00000000 -2.38268343
v 1.13135217 6.00000000 -2.11661103
v 1.13135217 6.00000000 2.11661103
v 7.13135217 6.00000000 -2.11661103
v 7.13135217 6.00000000 2.11661103
v -10.86864783 6.00000000 -2.11661103
v -10.86864783 6.00000000 2.11661103
v -2.28381582 2.00000000 2.78283763
v -2.28381582 2.00000000 -2.78283763
v 3.71618418 2.00000000 2.78283763
v 3.71618418 2.00000000 -2.78283763
v -14.28381582 2.00000000 2.78283763
v -14.28381582 2.00000000 -2.78283763
v -8.28381582 2.00000000 2.78283763
v -8.28381582 2.00000000 -2.78283763
v -14.47487373 12.00000000 2.47487373
v -14.47487373 12.00000000 -2.47487373
v -8.47487373 12.00000000 2.47487373
v -8.47487373 12.00000000 -2.47487373
v -2.47487373 12.00000000 2.47487373
v -2.47487373 12.00000000 -2.47487373
v 3.52512627 12.00000000 2.47487373
v 3.52512627 12.00000000 -2.47487373
v 14.90688372 0.00000000 -1.25457451
v 14.90688372 16.50000000 -1.25457451
v 14.90688372 0.00000000 -3.14542549
v 14.90688372 16.50000000 -3.14542549
v 2.76642164 12.00000000 -1.33939201
v 2.76642164 12.00000000 1.33939201
v -15.23357836 12.00000000 -1.33939201
v -15.23357836 12.00000000 1.33939201
v 12.29028468 0.00000000 -1.04305966
v 12.29028468 18.00000000 -1.04305966
v 12.29028468 0.00000000 -2.95694034
v 12.29028468 18.00000000 -2.95694034
v -9.23357836 12.00000000 -1.33939201
v -9.23357836 12.00000000 1.33939201
v -3.23357836 12.00000000 -1.33939201
v -3.23357836 12.00000000 1.33939201
v -14.41069448 0.00000000 -2.93743972
v -14.41069448 -0.00000000 2.93743972
v -13.79130760 -0.00000000 3.35130080
v -13.79130760 0.00000000 -3.35130080
v -8.41069448 0.00000000 -2.93743972
v -8.41069448 -0.00000000 2.93743972
v -7.79130760 -0.00000000 3.35130080
v -7.79130760 0.00000000 -3.35130080
v -2.41069448 0.00000000 -2.93743972
v -2.41069448 -0.00000000 2.93743972
v 15.83782520 0.00000000 -2.64782690
v 15.83782520 16.50000000 -2.64782690
v 15.83782520 0.00000000 -1.75217310
v 15.83782520 16.50000000 -1.75217310
v -1.79130760 -0.00000000 3.35130080
v -1.79130760 0.00000000 -3.35130080
v 3.58930552 0.00000000 -2.93743972
v 3.58930552 -0.00000000 2.93743972
v 4.20869240 -0.00000000 3.35130080
v 4.20869240 0.00000000 -3.35130080
v -9.58266502 2.00000000 0.35286171
v -9.58266502 2.00000000 -0.35286171
v -9.73725830 10.00000000 -2.26274170
v -9.73725830 10.00000000 2.26274170
v -3.58266502 2.00000000 0.35286171
v -3.58266502 2.00000000 -0.35286171
v -3.73725830 10.00000000 -2.26274170
v -3.73725830 10.00000000 2.26274170
v 2.41733498 2.00000000 0.35286171
v 2.41733498 2.00000000 -0.35286171
v 2.26274170 10.00000000 -2.26274170
v 2.26274170 10.00000000 2.26274170
v -15.58266502 2.00000000 0.35286171
v -15.58266502 2.00000000 -0.35286171
v 8.26274170 10.00000000 -2.26274170
v 8.26274170 10.00000000 2.26274170
v 12.88192126 0.00000000 -2.47139674
v 12.88192126 18.00000000 -2.47139674
v 12.88192126 0.00000000 -1.52860326
v 12.88192126 18.00000000 -1.52860326
v 9.70000000 1.80000000 4.82500000
v 9.70000000 0.80000000 4.82500000
v 9.70000000 1.80000000 4.97500000
v 9.70000000 0.80000000 4.97500000
v -8.50000000 12.00000000 0.00000000
v 14.30000000 1.80000000 4.82500000
v 14.30000000 0.80000000 4.82500000
v 14.30000000 1.80000000 4.97500000
v 14.30000000 0.80000000 4.97500000
v -9.50000000 12.00000000 0.00000000
v -2.50000000 12.00000000 0.00000000
v 12.30000000 1.80000000 4.82500000
v 12.30000000 0.80000000 4.82500000
v 12.30000000 1.80000000 4.97500000
v 12.30000000 0.80000000 4.97500000
v 18.10000000 3.60000000 8.35000000
v 18.10000000 3.20000000 8.35000000
v 18.10000000 3.60000000 3.65000000
v 18.10000000 3.20000000 3.65000000
v -3.50000000 12.00000000 0.00000000
v 3.50000000 12.00000000 0.00000000
v 5.90000000 3.60000000 8.35000000
v 5.90000000 3.20000000 8.35000000
v 5.90000000 3.60000000 3.65000000
v 5.90000000 3.20000000 3.65000000
v 2.50000000 12.00000000 0.00000000
v 11.70000000 1.80000000 4.82500000
v 11.70000000 0.80000000 4.82500000
v 11.70000000 1.80000000 4.97500000
v 11.70000000 0.80000000 4.97500000
v 9.50000000 12.00000000 0.00000000
v -15.50000000 12.00000000 0.00000000
v 11.11807874 0.00000000 -2.47139674
v 11.11807874 18.00000000 -2.47139674
v 11.11807874 0.00000000 -1.52860326
v 11.11807874 18.00000000 -1.52860326
v -8.26274170 10.00000000 -2.26274170
v -8.26274170 10.00000000 2.26274170
v -8.41733498 2.00000000 0.35286171
v -8.41733498 2.00000000 -0.35286171
v -2.26274170 10.00000000 -2.26274170
v -2.26274170 10.00000000 2.26274170
v -2.41733498 2.00000000 0.35286171
v -2.41733498 2.00000000 -0.35286171
v 3.73725830 10.00000000 -2.26274170
v 3.73725830 10.00000000 2.26274170
v 3.58266502 2.00000000 0.35286171
v 3.58266502 2.00000000 -0.35286171
v -14.26274170 10.00000000 -2.26274170
v -14.26274170 10.00000000 2.26274170
v 9.58266502 2.00000000 0.35286171
v 9.58266502 2.00000000 -0.35286171
v -4.20869240 -0.00000000 3.35130080
v -4.20869240 0.00000000 -3.35130080
v -3.58930552 0.00000000 -2.93743972
v -3.58930552 -0.00000000 2.93743972
v 1.79130760 -0.00000000 3.35130080
v 1.79130760 0.00000000 -3.35130080
v 2.41069448 0.00000000 -2.93743972
v 2.41069448 -0.00000000 2.93743972
v 7.79130760 -0.00000000 3.35130080
v 7.79130760 0.00000000 -3.35130080
v 8.41069448 0.00000000 -2.93743972
v 8.41069448 -0.00000000 2.93743972
v 14.16217480 0.00000000 -2.64782690
v 14.16217480 16.50000000 -2.64782690
v 14.16217480 0.00000000 -1.75217310
v 14.16217480 16.50000000 -1.75217310
v -10.20869240 -0.00000000 3.35130080
v -10.20869240 0.00000000 -3.35130080
v -9.58930552 0.00000000 -2.93743972
v -9.58930552 -0.00000000 2.93743972
v 3.23357836 12.00000000 -1.33939201
v 3.23357836 12.00000000 1.33939201
v 15.09311628 0.00000000 -1.25457451
v 15.09311628 16.50000000 -1.25457451
v 15.09311628 0.00000000 -3.14542549
v 15.09311628 16.50000000 -3.14542549
v 9.23357836 12.00000000 -1.33939201
v 9.23357836 12.00000000 1.33939201
v -8.76642164 12.00000000 -1.33939201
v -8.76642164 12.00000000 1.33939201
v 11.70971532 0.00000000 -1.04305966
v 11.70971532 18.00000000 -1.04305966
v 11.70971532 0.00000000 -2.95694034
v 11.70971532 18.00000000 -2.95694034
v -2.76642164 12.00000000 -1.33939201
v -2.76642164 12.00000000 1.33939201
v -3.52512627 12.00000000 2.47487373
v -3.52512627 12.00000000 -2.47487373
v 2.47487373 12.00000000 2.47487373
v 2.47487373 12.00000000 -2.47487373
v 8.47487373 12.00000000 2.47487373
v 8.47487373 12.00000000 -2.47487373
v -9.52512627 12.00000000 2.47487373
v -9.52512627 12.00000000 -2.47487373
v 8.28381582 2.00000000 2.78283763
v 8.28381582 2.00000000 -2.78283763
v -9.71618418 2.00000000 2.78283763
v -9.71618418 2.00000000 -2.78283763
v -3.71618418 2.00000000 2.78283763
v -3.71618418 2.00000000 -2.78283763
v 2.28381582 2.00000000 2.78283763
v 2.28381582 2.00000000 -2.78283763
v -13.13135217 6.00000000 -2.11661103
v -13.13135217 6.00000000 2.11661103
v -7.13135217 6.00000000 -2.11661103
v -7.13135217 6.00000000 2.11661103
v -1.13135217 6.00000000 -2.11661103
v -1.13135217 6.00000000 2.11661103
v 11.07612047 0.00000000 -1.61731657
v 11.07612047 18.00000000 -1.61731657
v 11.07612047 0.00000000 -2.38268343
v 11.07612047 18.00000000 -2.38268343
v 4.86864783 6.00000000 -2.11661103
v 4.86864783 6.00000000 2.11661103
v 2.22037649 12.00000000 -2.70553659
v 2.22037649 12.00000000 2.70553659
v -3.88883311 -0.00000000 3.15958453
v -3.88883311 0.00000000 -3.15958453
v -3.70334319 6.00000000 0.69668323
v -3.70334319 6.00000000 -0.69668323
v 8.22037649 12.00000000 -2.70553659
v 8.22037649 12.00000000 2.70553659
v 2.11116689 -0.00000000 3.15958453
v 2.11116689 0.00000000 -3.15958453
v 2.29665681 6.00000000 0.69668323
v 2.29665681 6.00000000 -0.69668323
v -9.77962351 12.00000000 -2.70553659
v -9.77962351 12.00000000 2.70553659
v 8.11116689 -0.00000000 3.15958453
v 8.11116689 0.00000000 -3.15958453
v 8.29665681 6.00000000 0.69668323
v 8.29665681 6.00000000 -0.69668323
v -3.77962351 12.00000000 -2.70553659
v -3.77962351 12.00000000 2.70553659
v -9.88883311 -0.00000000 3.15958453
v -9.88883311 0.00000000 -3.15958453
v -9.70334319 6.00000000 0.69668323
v -9.70334319 6.00000000 -0.69668323
v 14.63645074 0.00000000 -1.32231444
v 14.63645074 16.50000000 -1.32231444
v 14.63645074 0.00000000 -3.07768556
v 14.63645074 16.50000000 -3.07768556
v -6.31365485 10.00000000 3.18459113
v -6.31365485 10.00000000 -3.18459113
v -0.31365485 10.00000000 3.18459113
v -0.31365485 10.00000000 -3.18459113
v 5.68634515 10.00000000 3.18459113
v 5.68634515 10.00000000 -3.18459113
v -12.31365485 10.00000000 3.18459113
v -12.31365485 10.00000000 -3.18459113
v 1.37766036 2.00000000 3.32596632
v 1.37766036 2.00000000 -3.32596632
v 15.90909332 0.00000000 -1.92422956
v 15.90909332 16.50000000 -1.92422956
v 15.90909332 0.00000000 -2.47577044
v 15.90909332 16.50000000 -2.47577044
v 7.37766036 2.00000000 3.32596632
v 7.37766036 2.00000000 -3.32596632
v -10.62233964 2.00000000 3.32596632
v -10.62233964 2.00000000 -3.32596632
v -4.62233964 2.00000000 3.32596632
v -4.62233964 2.00000000 -3.32596632
v -4.98400363 12.00000000 3.34929118
v -4.98400363 12.00000000 -3.34929118
v -9.06220907 10.00000000 0.92891097
v -9.06220907 10.00000000 -0.92891097
v 2.82214805 10.00000000 1.50846956
v 2.82214805 10.00000000 -1.50846956
v 1.01599637 12.00000000 3.34929118
v 1.01599637 12.00000000 -3.34929118
v -3.06220907 10.00000000 0.92891097
v -3.06220907 10.00000000 -0.92891097
v 8.82214805 10.00000000 1.50846956
v 8.82214805 10.00000000 -1.50846956
v 7.01599637 12.00000000 3.34929118
v 7.01599637 12.00000000 -3.34929118
v -9.17785195 10.00000000 1.50846956
v -9.17785195 10.00000000 -1.50846956
v 2.93779093 10.00000000 0.92891097
v 2.93779093 10.00000000 -0.92891097
v -10.98400363 12.00000000 3.34929118
v -10.98400363 12.00000000 -3.34929118
v -15.06220907 10.00000000 0.92891097
v -15.06220907 10.00000000 -0.92891097
v -3.17785195 10.00000000 1.50846956
v -3.17785195 10.00000000 -1.50846956
v 3.04358550 10.00000000 -1.22458698
v 3.04358550 10.00000000 1.22458698
v -14.95641450 10.00000000 -1.22458698
v -14.95641450 10.00000000 1.22458698
v 12.70710678 0.00000000 -1.29289322
v 12.70710678 18.00000000 -1.29289322
v 12.70710678 0.00000000 -2.70710678
v 12.70710678 18.00000000 -2.70710678
v -8.95641450 10.00000000 -1.22458698
v -8.95641450 10.00000000 1.22458698
v -2.95641450 10.00000000 -1.22458698
v -2.95641450 10.00000000 1.22458698
v 3.32596632 2.00000000 1.37766036
v 3.32596632 2.00000000 -1.37766036
v 9.32596632 2.00000000 1.37766036
v 9.32596632 2.00000000 -1.37766036
v -8.67403368 2.00000000 1.37766036
v -8.67403368 2.00000000 -1.37766036
v -2.67403368 2.00000000 1.37766036
v -2.67403368 2.00000000 -1.37766036
v 9.13851290 10.00000000 0.62428903
v 9.13851290 10.00000000 -0.62428903
v -8.86148710 10.00000000 0.62428903
v -8.86148710 10.00000000 -0.62428903
v -2.86148710 10.00000000 0.62428903
v -2.86148710 10.00000000 -0.62428903
v 3.13851290 10.00000000 0.62428903
v 3.13851290 10.00000000 -0.62428903
v -9.96994149 10.00000000 -2.47363345
v -9.96994149 10.00000000 2.47363345
v -5.64713829 2.00000000 3.58266502
v -5.64713829 2.00000000 -3.58266502
v -4.30294373 6.00000000 1.69705627
v -4.30294373 6.00000000 -1.69705627
v -3.96994149 10.00000000 -2.47363345
v -3.96994149 10.00000000 2.47363345
v 0.35286171 2.00000000 3.58266502
v 0.35286171 2.00000000 -3.58266502
v 1.69705627 6.00000000 1.69705627
v 1.69705627 6.00000000 -1.69705627
v 2.03005851 10.00000000 -2.47363345
v 2.03005851 10.00000000 2.47363345
v 6.35286171 2.00000000 3.58266502
v 6.35286171 2.00000000 -3.58266502
v 7.69705627 6.00000000 1.69705627
v 7.69705627 6.00000000 -1.69705627
v -11.64713829 2.00000000 3.58266502
v -11.64713829 2.00000000 -3.58266502
v 8.03005851 10.00000000 -2.47363345
v 8.03005851 10.00000000 2.47363345
v -10.30294373 6.00000000 1.69705627
v -10.30294373 6.00000000 -1.69705627
v 3.06256028 -0.00000000 2.41069448
v 3.06256028 0.00000000 -2.41069448
v -14.93743972 -0.00000000 2.41069448
v -14.93743972 0.00000000 -2.41069448
v -8.93743972 -0.00000000 2.41069448
v -8.93743972 0.00000000 -2.41069448
v -2.93743972 -0.00000000 2.41069448
v -2.93743972 0.00000000 -2.41069448
v 14.39732638 0.00000000 -2.93435993
v 14.39732638 16.50000000 -2.93435993
v 14.39732638 0.00000000 -1.46564007
v 14.39732638 16.50000000 -1.46564007
v 14.55217310 0.00000000 -3.03782520
v 14.55217310 16.50000000 -3.03782520
v 14.55217310 0.00000000 -1.36217480
v 14.55217310 16.50000000 -1.36217480
v 12.55557023 0.00000000 -1.16853039
v 12.55557023 18.00000000 -1.16853039
v 12.55557023 0.00000000 -2.83146961
v 12.55557023 18.00000000 -2.83146961
v -3.43274848 12.00000000 -0.68281613
v -3.43274848 12.00000000 0.68281613
v 2.56725152 12.00000000 -0.68281613
v 2.56725152 12.00000000 0.68281613
v -15.43274848 12.00000000 -0.68281613
v -15.43274848 12.00000000 0.68281613
v -9.43274848 12.00000000 -0.68281613
v -9.43274848 12.00000000 0.68281613
v 2.68700577 -0.00000000 2.68700577
v 2.68700577 0.00000000 -2.68700577
v 8.68700577 -0.00000000 2.68700577
v 8.68700577 0.00000000 -2.68700577
v -9.31299423 -0.00000000 2.68700577
v -9.31299423 0.00000000 -2.68700577
v -3.31299423 -0.00000000 2.68700577
v -3.31299423 0.00000000 -2.68700577
v 8.00005284 2.00000000 -2.99329060
v 8.00005284 2.00000000 2.99329060
v -9.99994716 2.00000000 -2.99329060
v -9.99994716 2.00000000 2.99329060
v 15.52779172 0.00000000 -2.98989613
v 15.52779172 16.50000000 -2.98989613
v 15.52779172 0.00000000 -1.41010387
v 15.52779172 16.50000000 -1.41010387
v -3.99994716 2.00000000 -2.99329060
v -3.99994716 2.00000000 2.99329060
v 2.00005284 2.00000000 -2.99329060
v 2.00005284 2.00000000 2.99329060
v 11.52860326 0.00000000 -2.88192126
v 11.52860326 18.00000000 -2.88192126
v 11.52860326 0.00000000 -1.11807874
v 11.52860326 18.00000000 -1.11807874
v -9.44498521 2.00000000 1.04502484
v -9.44498521 2.00000000 -1.04502484
v -3.44498521 2.00000000 1.04502484
v -3.44498521 2.00000000 -1.04502484
v 14.26564007 0.00000000 -2.80267362
v 14.26564007 16.50000000 -2.80267362
v 14.26564007 0.00000000 -1.59732638
v 14.26564007 16.50000000 -1.59732638
v 2.55501479 2.00000000 1.04502484
v 2.55501479 2.00000000 -1.04502484
v -15.44498521 2.00000000 1.04502484
v -15.44498521 2.00000000 -1.04502484
v -4.30297175 2.00000000 3.17491655
v -4.30297175 2.00000000 -3.17491655
v 1.69702825 2.00000000 3.17491655
v 1.69702825 2.00000000 -3.17491655
v 7.69702825 2.00000000 3.17491655
v 7.69702825 2.00000000 -3.17491655
v -10.30297175 2.00000000 3.17491655
v -10.30297175 2.00000000 -3.17491655
v -15.78170196 0.00000000 -0.37246513
v -15.78170196 -0.00000000 0.37246513
v -9.78170196 0.00000000 -0.37246513
v -9.78170196 -0.00000000 0.37246513
v -3.78170196 0.00000000 -0.37246513
v -3.78170196 -0.00000000 0.37246513
v 2.21829804 0.00000000 -0.37246513
v 2.21829804 -0.00000000 0.37246513
v 1.94449582 12.00000000 2.91014364
v 1.94449582 12.00000000 -2.91014364
v -3.61155666 6.00000000 -0.23524114
v -3.61155666 6.00000000 0.23524114
v 9.51074222 -0.00000000 1.45419704
v 9.51074222 0.00000000 -1.45419704
v 7.94449582 12.00000000 2.91014364
v 7.94449582 12.00000000 -2.91014364
v -8.48925778 -0.00000000 1.45419704
v -8.48925778 0.00000000 -1.45419704
v 2.38844334 6.00000000 -0.23524114
v 2.38844334 6.00000000 0.23524114
v -10.05550418 12.00000000 2.91014364
v -10.05550418 12.00000000 -2.91014364
v -2.48925778 -0.00000000 1.45419704
v -2.48925778 0.00000000 -1.45419704
v 8.38844334 6.00000000 -0.23524114
v 8.38844334 6.00000000 0.23524114
v -4.05550418 12.00000000 2.91014364
v -4.05550418 12.00000000 -2.91014364
v -9.61155666 6.00000000 -0.23524114
v -9.61155666 6.00000000 0.23524114
v 3.51074222 -0.00000000 1.45419704
v 3.51074222 0.00000000 -1.45419704
v 4.89691823 0.00000000 -3.63637328
v 4.89691823 -0.00000000 3.63637328
v -13.10308177 0.00000000 -3.63637328
v -13.10308177 -0.00000000 3.63637328
v -7.10308177 0.00000000 -3.63637328
v -7.10308177 -0.00000000 3.63637328
v -1.10308177 0.00000000 -3.63637328
v -1.10308177 -0.00000000 3.63637328
v -9.63637328 0.00000000 -1.10308177
v -9.63637328 -0.00000000 1.10308177
v -3.63637328 0.00000000 -1.10308177
v -3.63637328 -0.00000000 1.10308177
v 2.36362672 0.00000000 -1.10308177
v 2.36362672 -0.00000000 1.10308177
v -15.63637328 0.00000000 -1.10308177
v -15.63637328 -0.00000000 1.10308177
v -9.53082701 2.00000000 0.70232516
v -9.53082701 2.00000000 -0.70232516
v -1.85522509 6.00000000 1.52254388
v -1.85522509 6.00000000 -1.52254388
v -3.53082701 2.00000000 0.70232516
v -3.53082701 2.00000000 -0.70232516
v 4.14477491 6.00000000 1.52254388
v 4.14477491 6.00000000 -1.52254388
v -13.85522509 6.00000000 1.52254388
v -13.85522509 6.00000000 -1.52254388
v 2.46917299 2.00000000 0.70232516
v 2.46917299 2.00000000 -0.70232516
v -15.53082701 2.00000000 0.70232516
v -15.53082701 2.00000000 -0.70232516
v -7.85522509 6.00000000 1.52254388
v -7.85522509 6.00000000 -1.52254388
v 1.52254388 6.00000000 -1.85522509
v 1.52254388 6.00000000 1.85522509
v 7.52254388 6.00000000 -1.85522509
v 7.52254388 6.00000000 1.85522509
v -10.47745612 6.00000000 -1.85522509
v -10.47745612 6.00000000 1.85522509
v -4.47745612 6.00000000 -1.85522509
v -4.47745612 6.00000000 1.85522509
v 3.15958453 -0.00000000 2.11116689
v 3.15958453 0.00000000 -2.11116689
v 9.15958453 -0.00000000 2.11116689
v 9.15958453 0.00000000 -2.11116689
v -8.84041547 -0.00000000 2.11116689
v -8.84041547 0.00000000 -2.11116689
v -2.84041547 -0.00000000 2.11116689
v -2.84041547 0.00000000 -2.11116689
v -7.22458698 10.00000000 -2.95641450
v -7.22458698 10.00000000 2.95641450
v -1.22458698 10.00000000 -2.95641450
v -1.22458698 10.00000000 2.95641450
v 14.06825398 0.00000000 -2.01466419
v 14.06825398 16.50000000 -2.01466419
v 14.06825398 0.00000000 -2.38533581
v 14.06825398 16.50000000 -2.38533581
v 4.77541302 10.00000000 -2.95641450
v 4.77541302 10.00000000 2.95641450
v -13.22458698 10.00000000 -2.95641450
v -13.22458698 10.00000000 2.95641450
v 12.38268343 0.00000000 -2.92387953
v 12.38268343 18.00000000 -2.92387953
v 12.38268343 0.00000000 -1.07612047
v 12.38268343 18.00000000 -1.07612047
v -5.08155976 6.00000000 -2.21731088
v -5.08155976 6.00000000 2.21731088
v 7.45419704 -0.00000000 3.51074222
v 7.45419704 0.00000000 -3.51074222
v -10.54580296 -0.00000000 3.51074222
v -10.54580296 0.00000000 -3.51074222
v 0.91844024 6.00000000 -2.21731088
v 0.91844024 6.00000000 2.21731088
v -4.54580296 -0.00000000 3.51074222
v -4.54580296 0.00000000 -3.51074222
v 6.91844024 6.00000000 -2.21731088
v 6.91844024 6.00000000 2.21731088
v -11.08155976 6.00000000 -2.21731088
v -11.08155976 6.00000000 2.21731088
v 1.45419704 -0.00000000 3.51074222
v 1.45419704 0.00000000 -3.51074222
v -4.35011142 12.00000000 3.08672443
v -4.35011142 12.00000000 -3.08672443
v 1.64988858 12.00000000 3.08672443
v 1.64988858 12.00000000 -3.08672443
v 7.64988858 12.00000000 3.08672443
v 7.64988858 12.00000000 -3.08672443
v -10.35011142 12.00000000 3.08672443
v -10.35011142 12.00000000 -3.08672443
v 9.08672443 12.00000000 1.64988858
v 9.08672443 12.00000000 -1.64988858
v -8.91327557 12.00000000 1.64988858
v -8.91327557 12.00000000 -1.64988858
v -2.91327557 12.00000000 1.64988858
v -2.91327557 12.00000000 -1.64988858
v 3.08672443 12.00000000 1.64988858
v 3.08672443 12.00000000 -1.64988858
v 15.95000000 0.00000000 -2.20000000
v 15.95000000 16.50000000 -2.20000000
v 11.01921472 0.00000000 -2.19509032
v 11.01921472 18.00000000 -2.19509032
v 11.01921472 0.00000000 -1.80490968
v 11.01921472 18.00000000 -1.80490968
v 7.99552707 6.00000000 -1.33336856
v 7.99552707 6.00000000 1.33336856
v -10.00447293 6.00000000 -1.33336856
v -10.00447293 6.00000000 1.33336856
v -4.00447293 6.00000000 -1.33336856
v -4.00447293 6.00000000 1.33336856
v 1.99552707 6.00000000 -1.33336856
v 1.99552707 6.00000000 1.33336856
v -11.29767484 2.00000000 -3.53082701
v -11.29767484 2.00000000 3.53082701
v -5.29767484 2.00000000 -3.53082701
v -5.29767484 2.00000000 3.53082701
v 0.70232516 2.00000000 -3.53082701
v 0.70232516 2.00000000 3.53082701
v 6.70232516 2.00000000 -3.53082701
v 6.70232516 2.00000000 3.53082701
v -14.70553659 12.00000000 2.22037649
v -14.70553659 12.00000000 -2.22037649
v -8.70553659 12.00000000 2.22037649
v -8.70553659 12.00000000 -2.22037649
v -2.70553659 12.00000000 2.22037649
v -2.70553659 12.00000000 -2.22037649
v 3.29446341 12.00000000 2.22037649
v 3.29446341 12.00000000 -2.22037649
v -2.82508345 2.00000000 1.69702825
v -2.82508345 2.00000000 -1.69702825
v 3.17491655 2.00000000 1.69702825
v 3.17491655 2.00000000 -1.69702825
v 9.17491655 2.00000000 1.69702825
v 9.17491655 2.00000000 -1.69702825
v -8.82508345 2.00000000 1.69702825
v -8.82508345 2.00000000 -1.69702825
v 7.77782475 10.00000000 -2.66070276
v 7.77782475 10.00000000 2.66070276
v 11.22698955 0.00000000 -1.36560672
v 11.22698955 18.00000000 -1.36560672
v 11.22698955 0.00000000 -2.63439328
v 11.22698955 18.00000000 -2.63439328
v -10.22217525 10.00000000 -2.66070276
v -10.22217525 10.00000000 2.66070276
v -4.22217525 10.00000000 -2.66070276
v -4.22217525 10.00000000 2.66070276
v 1.77782475 10.00000000 -2.66070276
v 1.77782475 10.00000000 2.66070276
v -2.35388467 6.00000000 -0.46821677
v -2.35388467 6.00000000 0.46821677
v 3.64611533 6.00000000 -0.46821677
v 3.64611533 6.00000000 0.46821677
v -14.35388467 6.00000000 -0.46821677
v -14.35388467 6.00000000 0.46821677
v -8.35388467 6.00000000 -0.46821677
v -8.35388467 6.00000000 0.46821677
v 15.18533581 0.00000000 -3.13174602
v 15.18533581 16.50000000 -3.13174602
v 15.18533581 0.00000000 -1.26825398
v 15.18533581 16.50000000 -1.26825398
v 5.25865678 0.00000000 -3.72698407
v 5.25865678 -0.00000000 3.72698407
v -12.74134322 0.00000000 -3.72698407
v -12.74134322 -0.00000000 3.72698407
v -6.74134322 0.00000000 -3.72698407
v -6.74134322 -0.00000000 3.72698407
v -0.74134322 0.00000000 -3.72698407
v -0.74134322 -0.00000000 3.72698407
v -12.37246513 0.00000000 -3.78170196
v -12.37246513 -0.00000000 3.78170196
v -5.65694001 12.00000000 -3.48314654
v -5.65694001 12.00000000 3.48314654
v -6.37246513 0.00000000 -3.78170196
v -6.37246513 -0.00000000 3.78170196
v 0.34305999 12.00000000 -3.48314654
v 0.34305999 12.00000000 3.48314654
v -0.37246513 0.00000000 -3.78170196
v -0.37246513 -0.00000000 3.78170196
v 6.34305999 12.00000000 -3.48314654
v 6.34305999 12.00000000 3.48314654
v -11.65694001 12.00000000 -3.48314654
v -11.65694001 12.00000000 3.48314654
v 5.62753487 0.00000000 -3.78170196
v 5.62753487 -0.00000000 3.78170196
v -8.11661103 6.00000000 -1.13135217
v -8.11661103 6.00000000 1.13135217
v 12.83146961 0.00000000 -1.44442977
v 12.83146961 18.00000000 -1.44442977
v 12.83146961 0.00000000 -2.55557023
v 12.83146961 18.00000000 -2.55557023
v -2.11661103 6.00000000 -1.13135217
v -2.11661103 6.00000000 1.13135217
v 3.88338897 6.00000000 -1.13135217
v 3.88338897 6.00000000 1.13135217
v -14.11661103 6.00000000 -1.13135217
v -14.11661103 6.00000000 1.13135217
v 12.95694034 0.00000000 -2.29028468
v 12.95694034 18.00000000 -2.29028468
v 12.95694034 0.00000000 -1.70971532
v 12.95694034 18.00000000 -1.70971532
v -12.46821677 6.00000000 -2.35388467
v -12.46821677 6.00000000 2.35388467
v -6.46821677 6.00000000 -2.35388467
v -6.46821677 6.00000000 2.35388467
v -0.46821677 6.00000000 -2.35388467
v -0.46821677 6.00000000 2.35388467
v 5.53178323 6.00000000 -2.35388467
v 5.53178323 6.00000000 2.35388467
v 14.21010387 0.00000000 -1.67220828
v 14.21010387 16.50000000 -1.67220828
v 14.21010387 0.00000000 -2.72779172
v 14.21010387 16.50000000 -2.72779172
v -10.95497516 2.00000000 -3.44498521
v -10.95497516 2.00000000 3.44498521
v -4.95497516 2.00000000 -3.44498521
v -4.95497516 2.00000000 3.44498521
v 1.04502484 2.00000000 -3.44498521
v 1.04502484 2.00000000 3.44498521
v 7.04502484 2.00000000 -3.44498521
v 7.04502484 2.00000000 3.44498521
v 15.27577044 0.00000000 -1.29090668
v 15.27577044 16.50000000 -1.29090668
v 15.27577044 0.00000000 -3.10909332
v 15.27577044 16.50000000 -3.10909332
v 15.94542549 0.00000000 -2.10688372
v 15.94542549 16.50000000 -2.10688372
v 15.94542549 0.00000000 -2.29311628
v 15.94542549 16.50000000 -2.29311628
v 11.80490968 0.00000000 -2.98078528
v 11.80490968 18.00000000 -2.98078528
v 11.80490968 0.00000000 -1.01921472
v 11.80490968 18.00000000 -1.01921472
v -3.72698407 0.00000000 -0.74134322
v -3.72698407 -0.00000000 0.74134322
v -5.07108903 10.00000000 -3.06220907
v -5.07108903 10.00000000 3.06220907
v 2.27301593 0.00000000 -0.74134322
v 2.27301593 -0.00000000 0.74134322
v 0.92891097 10.00000000 -3.06220907
v 0.92891097 10.00000000 3.06220907
v -15.72698407 0.00000000 -0.74134322
v -15.72698407 -0.00000000 0.74134322
v 6.92891097 10.00000000 -3.06220907
v 6.92891097 10.00000000 3.06220907
v -9.72698407 0.00000000 -0.74134322
v -9.72698407 -0.00000000 0.74134322
v -11.07108903 10.00000000 -3.06220907
v -11.07108903 10.00000000 3.06220907
v -14.99329060 2.00000000 2.00005284
v -14.99329060 2.00000000 -2.00005284
v -3.08985636 12.00000000 1.94449582
v -3.08985636 12.00000000 -1.94449582
v -8.99329060 2.00000000 2.00005284
v -8.99329060 2.00000000 -2.00005284
v 2.91014364 12.00000000 1.94449582
v 2.91014364 12.00000000 -1.94449582
v -2.99329060 2.00000000 2.00005284
v -2.99329060 2.00000000 -2.00005284
v 8.91014364 12.00000000 1.94449582
v 8.91014364 12.00000000 -1.94449582
v 3.00670940 2.00000000 2.00005284
v 3.00670940 2.00000000 -2.00005284
v -9.08985636 12.00000000 1.94449582
v -9.08985636 12.00000000 -1.94449582
v -8.65070882 12.00000000 1.01599637
v -8.65070882 12.00000000 -1.01599637
v -2.65070882 12.00000000 1.01599637
v -2.65070882 12.00000000 -1.01599637
v 3.34929118 12.00000000 1.01599637
v 3.34929118 12.00000000 -1.01599637
v 9.34929118 12.00000000 1.01599637
v 9.34929118 12.00000000 -1.01599637
v -8.64869920 -0.00000000 1.79130760
v -8.64869920 0.00000000 -1.79130760
v -2.64869920 -0.00000000 1.79130760
v -2.64869920 0.00000000 -1.79130760
v 12.63439328 0.00000000 -2.77301045
v 12.63439328 18.00000000 -2.77301045
v 12.63439328 0.00000000 -1.22698955
v 12.63439328 18.00000000 -1.22698955
v 3.35130080 -0.00000000 1.79130760
v 3.35130080 0.00000000 -1.79130760
v 9.35130080 -0.00000000 1.79130760
v 9.35130080 0.00000000 -1.79130760
v -3.48314654 12.00000000 0.34305999
v -3.48314654 12.00000000 -0.34305999
v 2.51685346 12.00000000 0.34305999
v 2.51685346 12.00000000 -0.34305999
v -15.48314654 12.00000000 0.34305999
v -15.48314654 12.00000000 -0.34305999
v -9.48314654 12.00000000 0.34305999
v -9.48314654 12.00000000 -0.34305999
v 0.69668323 6.00000000 2.29665681
v 0.69668323 6.00000000 -2.29665681
v 6.69668323 6.00000000 2.29665681
v 6.69668323 6.00000000 -2.29665681
v -11.30331677 6.00000000 2.29665681
v -11.30331677 6.00000000 -2.29665681
v -5.30331677 6.00000000 2.29665681
v -5.30331677 6.00000000 -2.29665681
v -11.37571097 10.00000000 3.13851290
v -11.37571097 10.00000000 -3.13851290
v -5.37571097 10.00000000 3.13851290
v -5.37571097 10.00000000 -3.13851290
v 0.62428903 10.00000000 3.13851290
v 0.62428903 10.00000000 -3.13851290
v 6.62428903 10.00000000 3.13851290
v 6.62428903 10.00000000 -3.13851290
v -7.33336856 6.00000000 1.99552707
v -7.33336856 6.00000000 -1.99552707
v 15.67175144 0.00000000 -1.52824856
v 15.67175144 16.50000000 -1.52824856
v 15.67175144 0.00000000 -2.87175144
v 15.67175144 16.50000000 -2.87175144
v -1.33336856 6.00000000 1.99552707
v -1.33336856 6.00000000 -1.99552707
v 4.66663144 6.00000000 1.99552707
v 4.66663144 6.00000000 -1.99552707
v -13.33336856 6.00000000 1.99552707
v -13.33336856 6.00000000 -1.99552707
v -2.81540887 10.00000000 -0.31365485
v -2.81540887 10.00000000 0.31365485
v 2.54558441 2.00000000 2.54558441
v 2.54558441 2.00000000 -2.54558441
v 3.18459113 10.00000000 -0.31365485
v 3.18459113 10.00000000 0.31365485
v 8.54558441 2.00000000 2.54558441
v 8.54558441 2.00000000 -2.54558441
v 9.18459113 10.00000000 -0.31365485
v 9.18459113 10.00000000 0.31365485
v -9.45441559 2.00000000 2.54558441
v -9.45441559 2.00000000 -2.54558441
v -8.81540887 10.00000000 -0.31365485
v -8.81540887 10.00000000 0.31365485
v -3.45441559 2.00000000 2.54558441
v -3.45441559 2.00000000 -2.54558441
v 7.50846956 10.00000000 2.82214805
v 7.50846956 10.00000000 -2.82214805
v -10.49153044 10.00000000 2.82214805
v -10.49153044 10.00000000 -2.82214805
v 15.87768556 0.00000000 -2.56354926
v 15.87768556 16.50000000 -2.56354926
v 15.87768556 0.00000000 -1.83645074
v 15.87768556 16.50000000 -1.83645074
v -4.49153044 10.00000000 2.82214805
v -4.49153044 10.00000000 -2.82214805
v 1.50846956 10.00000000 2.82214805
v 1.50846956 10.00000000 -2.82214805
v -0.23524114 6.00000000 2.38844334
v -0.23524114 6.00000000 -2.38844334
v 5.76475886 6.00000000 2.38844334
v 5.76475886 6.00000000 -2.38844334
v -12.23524114 6.00000000 2.38844334
v -12.23524114 6.00000000 -2.38844334
v -6.23524114 6.00000000 2.38844334
v -6.23524114 6.00000000 -2.38844334
v -8.47363345 10.00000000 2.03005851
v -8.47363345 10.00000000 -2.03005851
v -2.47363345 10.00000000 2.03005851
v -2.47363345 10.00000000 -2.03005851
v 3.52636655 10.00000000 2.03005851
v 3.52636655 10.00000000 -2.03005851
v -14.47363345 10.00000000 2.03005851
v -14.47363345 10.00000000 -2.03005851
v -14.21731088 6.00000000 0.91844024
v -14.21731088 6.00000000 -0.91844024
v -8.21731088 6.00000000 0.91844024
v -8.21731088 6.00000000 -0.91844024
v -2.21731088 6.00000000 0.91844024
v -2.21731088 6.00000000 -0.91844024
v 3.78268912 6.00000000 0.91844024
v 3.78268912 6.00000000 -0.91844024
v 12.09801714 0.00000000 -2.99518473
v 12.09801714 18.00000000 -2.99518473
v 12.09801714 0.00000000 -1.00481527
v 12.09801714 18.00000000 -1.00481527
v -0.68281613 12.00000000 -3.43274848
v -0.68281613 12.00000000 3.43274848
v 2.78283763 2.00000000 2.28381582
v 2.78283763 2.00000000 -2.28381582
v 5.31718387 12.00000000 -3.43274848
v 5.31718387 12.00000000 3.43274848
v 8.78283763 2.00000000 2.28381582
v 8.78283763 2.00000000 -2.28381582
v -12.68281613 12.00000000 -3.43274848
v -12.68281613 12.00000000 3.43274848
v -9.21716237 2.00000000 2.28381582
v -9.21716237 2.00000000 -2.28381582
v -6.68281613 12.00000000 -3.43274848
v -6.68281613 12.00000000 3.43274848
v -3.21716237 2.00000000 2.28381582
v -3.21716237 2.00000000 -2.28381582
v 11.00481527 0.00000000 -1.90198286
v 11.00481527 18.00000000 -1.90198286
v 11.00481527 0.00000000 -2.09801714
v 11.00481527 18.00000000 -2.09801714
v -2.66070276 10.00000000 1.77782475
v -2.66070276 10.00000000 -1.77782475
v 3.33929724 10.00000000 1.77782475
v 3.33929724 10.00000000 -1.77782475
v -14.66070276 10.00000000 1.77782475
v -14.66070276 10.00000000 -1.77782475
v -8.66070276 10.00000000 1.77782475
v -8.66070276 10.00000000 -1.77782475
v -1.33939201 12.00000000 3.23357836
v -1.33939201 12.00000000 -3.23357836
v 4.66060799 12.00000000 3.23357836
v 4.66060799 12.00000000 -3.23357836
v -13.33939201 12.00000000 3.23357836
v -13.33939201 12.00000000 -3.23357836
v -7.33939201 12.00000000 3.23357836
v -7.33939201 12.00000000 -3.23357836
vt 0.06250000 0.50000000
vt 0.06250000 0.83333333
vt 0.18750000 0.16666667
vt 0.06250000 1.00000000
vt 0.18750000 1.00000000
vt 0.06250000 0.16666667
vt 0.18750000 0.83333333
vt 0.18750000 0.50000000
vt 0.18750000 0.00000000
vt 0.06250000 0.00000000
vt 0.50000000 1.00000000
vt 0.50000000 0.00000000
vt 0.50000000 1.00000000
vt 0.50000000 0.00000000
vt 0.12500000 1.00000000
vt 0.75000000 1.00000000
vt 0.75000000 0.00000000
vt 0.75000000 1.00000000
vt 0.75000000 0.00000000
vt 0.00000000 0.16666667
vt 0.00000000 0.50000000
vt 0.00000000 0.83333333
vt 0.12500000 1.00000000
vt 0.75000000 0.00000000
vt 0.75000000 1.00000000
vt 0.75000000 0.00000000
vt 0.75000000 1.00000000
vt 0.00000000 0.50000000
vt 0.00000000 0.83333333
vt 0.25330808 1.00000000
vt 0.25330808 0.00000000
vt 0.75000000 0.00000000
vt 0.75000000 1.00000000
vt 0.75000000 0.00000000
vt 0.75000000 1.00000000
vt 0.25823596 1.00000000
vt 0.25823596 0.00000000
vt 0.12500000 0.16666667
vt 0.12500000 0.16666667
vt 0.01513987 0.50000000
vt 0.02150261 0.83333333
vt 0.23050522 0.16666667
vt 0.02246350 1.00000000
vt 0.22753650 1.00000000
vt 0.01949478 0.16666667
vt 0.22849739 0.83333333
vt 0.23486013 0.50000000
vt 0.00000000 1.00000000
vt 0.00000000 0.00000000
vt 0.22898859 0.00000000
vt 0.02101141 0.00000000
vt 0.00000000 1.00000000
vt 0.00000000 0.00000000
vt 0.12500000 0.83333333
vt 0.00000000 1.00000000
vt 0.12500000 0.50000000
vt 0.00000000 0.50000000
vt 0.12500000 1.00000000
vt 0.25607372 1.00000000
vt 0.25607372 0.00000000
vt 0.00000000 0.83333333
vt 0.11714588 0.50000000
vt 0.11340330 0.83333333
vt 0.13536904 0.16666667
vt 0.11279774 1.00000000
vt 0.13720226 1.00000000
vt 0.11463096 0.16666667
vt 0.13659670 0.83333333
vt 0.13285412 0.50000000
vt 0.13629181 0.00000000
vt 0.11370819 0.00000000
vt 0.00000000 0.16666667
vt 0.12500000 0.16666667
vt 0.25974739 1.00000000
vt 0.25974739 0.00000000
vt 0.25330808 1.00000000
vt 0.25330808 0.00000000
vt 0.12500000 0.50000000
vt 0.12500000 0.83333333
vt 0.00000000 1.00000000
vt 0.12500000 0.50000000
vt 0.12500000 0.83333333
vt 0.12500000 0.16666667
vt 0.12500000 1.00000000
vt 0.25715614 1.00000000
vt 0.25715614 0.00000000
vt 0.10986013 0.50000000
vt 0.10349739 0.83333333
vt 0.14449478 0.16666667
vt 0.10253650 1.00000000
vt 0.14746350 1.00000000
vt 0.10550522 0.16666667
vt 0.14650261 0.83333333
vt 0.14013987 0.50000000
vt 0.14601141 0.00000000
vt 0.10398859 0.00000000
vt 0.12500000 1.00000000
vt 0.00000000 0.16666667
vt 0.25000000 1.00000000
vt 0.25000000 0.00000000
vt 0.25000000 1.00000000
vt 0.25000000 0.00000000
vt 0.12500000 0.50000000
vt 0.12500000 0.83333333
vt 0.12500000 0.50000000
vt 0.12500000 0.83333333
vt 1.00000000 0.00000000
vt 1.00000000 1.00000000
vt 1.00000000 0.00000000
vt 1.00000000 1.00000000
vt 0.12500000 0.16666667
vt 0.00000000 1.00000000
vt 1.00000000 0.00000000
vt 1.00000000 1.00000000
vt 1.00000000 0.00000000
vt 1.00000000 1.00000000
vt 0.23348802 0.00000000
vt 0.01651198 0.00000000
vt 0.13671779 0.00000000
vt 0.11328221 0.00000000
vt 0.14913425 0.00000000
vt 0.10086575 0.00000000
vt 0.20312500 0.00000000
vt 0.04687500 0.00000000
vt 0.24194428 0.16666667
vt 0.00805572 0.16666667
vt 0.13248462 0.16666667
vt 0.11751538 0.16666667
vt 0.14446570 0.16666667
vt 0.10553430 0.16666667
vt 0.22656250 0.16666667
vt 0.02343750 0.16666667
vt 0.25578245 1.00000000
vt 0.25578245 0.00000000
vt 0.25636877 1.00000000
vt 0.25636877 0.00000000
vt 0.22543724 0.83333333
vt 0.02456276 0.83333333
vt 0.01888063 0.00000000
vt 0.23111937 0.00000000
vt 0.13109879 0.83333333
vt 0.11890121 0.83333333
vt 0.11328216 0.00000000
vt 0.13671784 0.00000000
vt 0.13512216 0.83333333
vt 0.11487784 0.83333333
vt 0.10219021 0.00000000
vt 0.14780979 0.00000000
vt 0.15234375 0.83333333
vt 0.09765625 0.83333333
vt 0.05468750 0.00000000
vt 0.19531250 0.00000000
vt 0.25980932 1.00000000
vt 0.25980932 0.00000000
vt 0.25335119 1.00000000
vt 0.25335119 0.00000000
vt 0.13447734 0.50000000
vt 0.11552266 0.50000000
vt 0.23437500 0.50000000
vt 0.01562500 0.50000000
vt 0.24557124 0.50000000
vt 0.00442876 0.50000000
vt 0.12872462 0.50000000
vt 0.12127538 0.50000000
vt 0.14578345 0.16666667
vt 0.10421655 0.16666667
vt 0.22265625 0.16666667
vt 0.02734375 0.16666667
vt 0.24064401 0.16666667
vt 0.00935599 0.16666667
vt 0.13335398 0.16666667
vt 0.11664602 0.16666667
vt 0.23544471 0.50000000
vt 0.01455529 0.50000000
vt 0.13296947 0.50000000
vt 0.11703053 0.50000000
vt 0.14062855 0.50000000
vt 0.10937145 0.50000000
vt 0.19140625 0.50000000
vt 0.05859375 0.50000000
vt 0.16796875 0.16666667
vt 0.08203125 0.16666667
vt 0.22767900 0.16666667
vt 0.02232100 0.16666667
vt 0.13319468 0.16666667
vt 0.11680532 0.16666667
vt 0.25714484 1.00000000
vt 0.25714484 0.00000000
vt 0.25514521 1.00000000
vt 0.25514521 0.00000000
vt 0.13930509 0.16666667
vt 0.11069491 0.16666667
vt 0.22473141 0.83333333
vt 0.02526859 0.83333333
vt 0.12417824 0.16666667
vt 0.12582176 0.16666667
vt 0.13189351 0.83333333
vt 0.11810649 0.83333333
vt 0.12364174 0.16666667
vt 0.12635826 0.16666667
vt 0.13651938 0.83333333
vt 0.11348062 0.83333333
vt 0.12109375 0.16666667
vt 0.12890625 0.16666667
vt 0.15625000 0.83333333
vt 0.09375000 0.83333333
vt 0.00441452 0.16666667
vt 0.24558548 0.16666667
vt 0.13235866 0.50000000
vt 0.11764134 0.50000000
vt 0.25422788 1.00000000
vt 0.25422788 0.00000000
vt 0.25787041 1.00000000
vt 0.25787041 0.00000000
vt 0.14107801 0.50000000
vt 0.10892199 0.50000000
vt 0.21093750 0.50000000
vt 0.03906250 0.50000000
vt 0.23942881 0.50000000
vt 0.01057119 0.50000000
vt 0.14260490 0.16666667
vt 0.10739510 0.16666667
vt 0.17968750 0.16666667
vt 0.07031250 0.16666667
vt 0.22897378 0.16666667
vt 0.02102622 0.16666667
vt 0.13469529 0.16666667
vt 0.11530471 0.16666667
vt 0.23373922 0.50000000
vt 0.01626078 0.50000000
vt 0.13212025 0.50000000
vt 0.11787975 0.50000000
vt 0.13814558 0.50000000
vt 0.11185442 0.50000000
vt 0.17578125 0.50000000
vt 0.07421875 0.50000000
vt 0.24856124 0.00000000
vt 0.00143876 0.00000000
vt 0.12660183 0.00000000
vt 0.12339817 0.00000000
vt 0.13039019 0.00000000
vt 0.11960981 0.00000000
vt 0.24609375 0.00000000
vt 0.00390625 0.00000000
vt 0.13253059 1.00000000
vt 0.11746941 1.00000000
vt 0.14453125 1.00000000
vt 0.10546875 1.00000000
vt 0.25952173 1.00000000
vt 0.25952173 0.00000000
vt 0.25427888 1.00000000
vt 0.25427888 0.00000000
vt 0.22634002 1.00000000
vt 0.02365998 1.00000000
vt 0.12962195 1.00000000
vt 0.12037805 1.00000000
vt 0.12930698 0.00000000
vt 0.12069302 0.00000000
vt 0.13671875 0.00000000
vt 0.11328125 0.00000000
vt 0.23543650 0.00000000
vt 0.01456350 0.00000000
vt 0.12762985 0.00000000
vt 0.12237015 0.00000000
vt 0.14835536 0.83333333
vt 0.10164464 0.83333333
vt 0.13354921 0.00000000
vt 0.11645079 0.00000000
vt 0.22656250 0.83333333
vt 0.02343750 0.83333333
vt 0.14843750 0.00000000
vt 0.10156250 0.00000000
vt 0.24129293 0.83333333
vt 0.00870707 0.83333333
vt 0.22765079 0.00000000
vt 0.02234921 0.00000000
vt 0.13369451 0.83333333
vt 0.11630549 0.83333333
vt 0.13015990 0.00000000
vt 0.11984010 0.00000000
vt 0.11574657 0.16666667
vt 0.13425343 0.16666667
vt 0.00302665 1.00000000
vt 0.24697335 1.00000000
vt 0.10844245 0.16666667
vt 0.14155755 0.16666667
vt 0.12144404 1.00000000
vt 0.12855596 1.00000000
vt 0.07421875 0.16666667
vt 0.17578125 0.16666667
vt 0.11245575 1.00000000
vt 0.13754425 1.00000000
vt 0.02161524 0.16666667
vt 0.22838476 0.16666667
vt 0.00781250 1.00000000
vt 0.24218750 1.00000000
vt 0.25953835 1.00000000
vt 0.25953835 0.00000000
vt 0.25331767 1.00000000
vt 0.25331767 0.00000000
vt 0.25592054 1.00000000
vt 0.25592054 0.00000000
vt 0.25643515 1.00000000
vt 0.25643515 0.00000000
vt 0.10690387 0.83333333
vt 0.14309613 0.83333333
vt 0.25347947 1.00000000
vt 0.25347947 0.00000000
vt 0.25827996 1.00000000
vt 0.25827996 0.00000000
vt 0.07421875 0.83333333
vt 0.17578125 0.83333333
vt 0.02417310 0.83333333
vt 0.22582690 0.83333333
vt 0.11472695 0.83333333
vt 0.13527305 0.83333333
vt 0.10899255 0.50000000
vt 0.14100745 0.50000000
vt 0.05468750 0.50000000
vt 0.19531250 0.50000000
vt 0.25419813 1.00000000
vt 0.25419813 0.00000000
vt 0.25680654 1.00000000
vt 0.25680654 0.00000000
vt 0.01388697 0.50000000
vt 0.23611303 0.50000000
vt 0.11698832 0.50000000
vt 0.13301168 0.50000000
vt 0.25813667 1.00000000
vt 0.25813667 0.00000000
vt 0.25611167 1.00000000
vt 0.25611167 0.00000000
vt 0.12046512 0.50000000
vt 0.12953488 0.50000000
vt 0.11372050 0.50000000
vt 0.13627950 0.50000000
vt 0.01953125 0.50000000
vt 0.23046875 0.50000000
vt 0.25511748 1.00000000
vt 0.25511748 0.00000000
vt 0.25895033 1.00000000
vt 0.25895033 0.00000000
vt 0.00551054 0.50000000
vt 0.24448946 0.50000000
vt 0.10145758 1.00000000
vt 0.14854242 1.00000000
vt 0.10501918 0.00000000
vt 0.14498082 0.00000000
vt 0.05859375 1.00000000
vt 0.19140625 1.00000000
vt 0.06640625 0.00000000
vt 0.18359375 0.00000000
vt 0.02131025 1.00000000
vt 0.22868975 1.00000000
vt 0.11248859 1.00000000
vt 0.13751141 1.00000000
vt 0.02195961 0.00000000
vt 0.22804039 0.00000000
vt 0.11405640 0.00000000
vt 0.13594360 0.00000000
vt 0.05468750 1.00000000
vt 0.19531250 1.00000000
vt 0.02009460 1.00000000
vt 0.22990540 1.00000000
vt 0.11228039 1.00000000
vt 0.13771961 1.00000000
vt 0.10046773 1.00000000
vt 0.14953227 1.00000000
vt 0.00222774 0.50000000
vt 0.24777226 0.50000000
vt 0.12307019 0.50000000
vt 0.12692981 0.50000000
vt 0.25828910 1.00000000
vt 0.25828910 0.00000000
vt 0.25339795 1.00000000
vt 0.25339795 0.00000000
vt 0.11991833 0.50000000
vt 0.13008167 0.50000000
vt 0.00781250 0.50000000
vt 0.24218750 0.50000000
vt 0.25423785 1.00000000
vt 0.25423785 0.00000000
vt 0.25809282 1.00000000
vt 0.25809282 0.00000000
vt 0.08593750 0.16666667
vt 0.16406250 0.16666667
vt 0.02237364 0.16666667
vt 0.22762636 0.16666667
vt 0.11740964 0.16666667
vt 0.13259036 0.16666667
vt 0.11188527 0.16666667
vt 0.13811473 0.16666667
vt 0.13227723 0.83333333
vt 0.11772277 0.83333333
vt 0.14453125 0.83333333
vt 0.10546875 0.83333333
vt 0.22847691 0.83333333
vt 0.02152309 0.83333333
vt 0.12943121 0.83333333
vt 0.12056879 0.83333333
vt 0.14859644 0.00000000
vt 0.10140356 0.00000000
vt 0.22265625 0.00000000
vt 0.02734375 0.00000000
vt 0.24006359 0.00000000
vt 0.00993641 0.00000000
vt 0.13433036 0.00000000
vt 0.11566964 0.00000000
vt 0.10570796 0.83333333
vt 0.14429204 0.83333333
vt 0.07031250 0.83333333
vt 0.17968750 0.83333333
vt 0.02339091 0.83333333
vt 0.22660909 0.83333333
vt 0.11421238 0.83333333
vt 0.13578762 0.83333333
vt 0.10156250 0.50000000
vt 0.14843750 0.50000000
vt 0.01278903 0.50000000
vt 0.23721097 0.50000000
vt 0.12122069 0.50000000
vt 0.12877931 0.50000000
vt 0.11842516 0.50000000
vt 0.13157484 0.50000000
vt 0.25666534 1.00000000
vt 0.25666534 0.00000000
vt 0.25549717 1.00000000
vt 0.25549717 0.00000000
vt 0.25618008 1.00000000
vt 0.25618008 0.00000000
vt 0.14453125 0.00000000
vt 0.10546875 0.00000000
vt 0.22949696 0.00000000
vt 0.02050304 0.00000000
vt 0.12933408 0.00000000
vt 0.12066592 0.00000000
vt 0.13214664 0.00000000
vt 0.11785336 0.00000000
vt 0.14025975 0.00000000
vt 0.10974025 0.00000000
vt 0.16796875 0.00000000
vt 0.08203125 0.00000000
vt 0.22544548 0.00000000
vt 0.02455452 0.00000000
vt 0.13384881 0.00000000
vt 0.11615119 0.00000000
vt 0.11823660 0.50000000
vt 0.13176340 0.50000000
vt 0.17187500 1.00000000
vt 0.07812500 1.00000000
vt 0.11265952 0.50000000
vt 0.13734048 0.50000000
vt 0.22383399 1.00000000
vt 0.02616601 1.00000000
vt 0.13515602 1.00000000
vt 0.11484398 1.00000000
vt 0.07812500 0.50000000
vt 0.17187500 0.50000000
vt 0.14251338 1.00000000
vt 0.10748662 1.00000000
vt 0.01637069 0.50000000
vt 0.23362931 0.50000000
vt 0.25981039 1.00000000
vt 0.25981039 0.00000000
vt 0.25367517 1.00000000
vt 0.25367517 0.00000000
vt 0.11434548 0.16666667
vt 0.13565452 0.16666667
vt 0.10294356 0.16666667
vt 0.14705644 0.16666667
vt 0.04687500 0.16666667
vt 0.20312500 0.16666667
vt 0.01545496 0.16666667
vt 0.23454504 0.16666667
vt 0.25500496 1.00000000
vt 0.25500496 0.00000000
vt 0.25591333 1.00000000
vt 0.25591333 0.00000000
vt 0.22456810 1.00000000
vt 0.02543190 1.00000000
vt 0.13050568 1.00000000
vt 0.11949432 1.00000000
vt 0.13401338 1.00000000
vt 0.11598662 1.00000000
vt 0.14843750 1.00000000
vt 0.10156250 1.00000000
vt 0.01562957 0.50000000
vt 0.23437043 0.50000000
vt 0.11957505 0.50000000
vt 0.13042495 0.50000000
vt 0.11537921 0.50000000
vt 0.13462079 0.50000000
vt 0.08984375 0.50000000
vt 0.16015625 0.50000000
vt 0.12829204 0.83333333
vt 0.12170796 0.83333333
vt 0.24238238 0.50000000
vt 0.00761762 0.50000000
vt 0.13092732 0.50000000
vt 0.11907268 0.50000000
vt 0.13602620 0.83333333
vt 0.11397380 0.83333333
vt 0.13900717 0.50000000
vt 0.11099283 0.50000000
vt 0.24218750 0.83333333
vt 0.00781250 0.83333333
vt 0.22265625 0.50000000
vt 0.02734375 0.50000000
vt 0.24707326 0.83333333
vt 0.00292674 0.83333333
vt 0.11978236 1.00000000
vt 0.13021764 1.00000000
vt 0.10762638 1.00000000
vt 0.14237362 1.00000000
vt 0.01171875 1.00000000
vt 0.23828125 1.00000000
vt 0.00453490 1.00000000
vt 0.24546510 1.00000000
vt 0.05078125 1.00000000
vt 0.19921875 1.00000000
vt 0.01882629 1.00000000
vt 0.23117371 1.00000000
vt 0.11218459 1.00000000
vt 0.13781541 1.00000000
vt 0.09958542 1.00000000
vt 0.15041458 1.00000000
vt 0.14062500 1.00000000
vt 0.10937500 1.00000000
vt 0.22523443 0.00000000
vt 0.02476557 0.00000000
vt 0.12388448 0.50000000
vt 0.12611552 0.50000000
vt 0.22896319 1.00000000
vt 0.02103681 1.00000000
vt 0.13318621 0.00000000
vt 0.11681379 0.00000000
vt 0.12871949 1.00000000
vt 0.12128051 1.00000000
vt 0.12109375 0.50000000
vt 0.12890625 0.50000000
vt 0.13897101 0.00000000
vt 0.11102899 0.00000000
vt 0.13103696 1.00000000
vt 0.11896304 1.00000000
vt 0.00258801 0.50000000
vt 0.24741199 0.50000000
vt 0.16406250 0.00000000
vt 0.08593750 0.00000000
vt 0.12434954 0.50000000
vt 0.12565046 0.50000000
vt 0.11838098 1.00000000
vt 0.13161902 1.00000000
vt 0.00390625 1.00000000
vt 0.24609375 1.00000000
vt 0.00151433 1.00000000
vt 0.24848567 1.00000000
vt 0.12319795 1.00000000
vt 0.12680205 1.00000000
vt 0.14056629 0.83333333
vt 0.10943371 0.83333333
vt 0.16796875 0.83333333
vt 0.08203125 0.83333333
vt 0.22470730 0.83333333
vt 0.02529270 0.83333333
vt 0.13406282 0.83333333
vt 0.11593718 0.83333333
vt 0.12983637 0.83333333
vt 0.12016363 0.83333333
vt 0.14044793 0.83333333
vt 0.10955207 0.83333333
vt 0.23828125 0.83333333
vt 0.01171875 0.83333333
vt 0.25701378 1.00000000
vt 0.25701378 0.00000000
vt 0.25402550 1.00000000
vt 0.25402550 0.00000000
vt 0.24561547 0.83333333
vt 0.00438453 0.83333333
vt 0.25903587 1.00000000
vt 0.25903587 0.00000000
vt 0.25355761 1.00000000
vt 0.25355761 0.00000000
vt 0.08593750 0.83333333
vt 0.16406250 0.83333333
vt 0.02556160 0.83333333
vt 0.22443840 0.83333333
vt 0.11661913 0.83333333
vt 0.13338087 0.83333333
vt 0.25810614 1.00000000
vt 0.25810614 0.00000000
vt 0.25386463 1.00000000
vt 0.25386463 0.00000000
vt 0.11075432 0.83333333
vt 0.13924568 0.83333333
vt 0.22288625 1.00000000
vt 0.02711375 1.00000000
vt 0.13219977 1.00000000
vt 0.11780023 1.00000000
vt 0.13693578 1.00000000
vt 0.11306422 1.00000000
vt 0.15625000 1.00000000
vt 0.09375000 1.00000000
vt 0.00287520 0.00000000
vt 0.24712480 0.00000000
vt 0.12183550 0.00000000
vt 0.12816450 0.00000000
vt 0.11465678 0.00000000
vt 0.13534322 0.00000000
vt 0.00781250 0.00000000
vt 0.24218750 0.00000000
vt 0.25404859 1.00000000
vt 0.25404859 0.00000000
vt 0.25965035 1.00000000
vt 0.25965035 0.00000000
vt 0.25772590 1.00000000
vt 0.25772590 0.00000000
vt 0.25349948 1.00000000
vt 0.25349948 0.00000000
vt 0.25739658 1.00000000
vt 0.25739658 0.00000000
vt 0.25372663 1.00000000
vt 0.25372663 0.00000000
vt 0.22265625 1.00000000
vt 0.02734375 1.00000000
vt 0.23951726 1.00000000
vt 0.01048274 1.00000000
vt 0.13534449 1.00000000
vt 0.11465551 1.00000000
vt 0.15153337 1.00000000
vt 0.09846663 1.00000000
vt 0.13623166 0.83333333
vt 0.11376834 0.83333333
vt 0.11311022 0.16666667
vt 0.13688978 0.16666667
vt 0.13363452 0.50000000
vt 0.11636548 0.50000000
vt 0.14543098 0.83333333
vt 0.10456902 0.83333333
vt 0.08984375 0.16666667
vt 0.16015625 0.16666667
vt 0.15625000 0.50000000
vt 0.09375000 0.50000000
vt 0.18359375 0.83333333
vt 0.06640625 0.83333333
vt 0.02217128 0.16666667
vt 0.22782872 0.16666667
vt 0.23505278 0.50000000
vt 0.01494722 0.50000000
vt 0.11805623 0.16666667
vt 0.13194377 0.16666667
vt 0.22750562 0.83333333
vt 0.02249438 0.83333333
vt 0.12990480 0.50000000
vt 0.12009520 0.50000000
vt 0.13281250 0.16666667
vt 0.11718750 0.16666667
vt 0.24145324 0.16666667
vt 0.00854676 0.16666667
vt 0.12663990 0.16666667
vt 0.12336010 0.16666667
vt 0.12771391 0.16666667
vt 0.12228609 0.16666667
vt 0.23107119 0.83333333
vt 0.01892881 0.83333333
vt 0.12856705 0.83333333
vt 0.12143295 0.83333333
vt 0.13083551 0.83333333
vt 0.11916449 0.83333333
vt 0.14062500 0.83333333
vt 0.10937500 0.83333333
vt 0.01562500 0.16666667
vt 0.23437500 0.16666667
vt 0.00540668 0.16666667
vt 0.24459332 0.16666667
vt 0.11964480 0.16666667
vt 0.13035520 0.16666667
vt 0.25453556 1.00000000
vt 0.25453556 0.00000000
vt 0.25936142 1.00000000
vt 0.25936142 0.00000000
vt 0.10977959 0.16666667
vt 0.14022041 0.16666667
vt 0.12912048 0.16666667
vt 0.12087952 0.16666667
vt 0.23236607 0.16666667
vt 0.01763393 0.16666667
vt 0.13502108 0.00000000
vt 0.11497892 0.00000000
vt 0.12903546 0.16666667
vt 0.12096454 0.16666667
vt 0.13718516 0.16666667
vt 0.11281484 0.16666667
vt 0.14272142 0.00000000
vt 0.10727858 0.00000000
vt 0.13173818 0.16666667
vt 0.11826182 0.16666667
vt 0.23828125 0.16666667
vt 0.01171875 0.16666667
vt 0.17578125 0.00000000
vt 0.07421875 0.00000000
vt 0.14453125 0.16666667
vt 0.10546875 0.16666667
vt 0.24593570 0.16666667
vt 0.00406430 0.16666667
vt 0.22645734 0.00000000
vt 0.02354266 0.00000000
vt 0.25540008 1.00000000
vt 0.25540008 0.00000000
vt 0.25692024 1.00000000
vt 0.25692024 0.00000000
vt 0.22518292 0.83333333
vt 0.02481708 0.83333333
vt 0.13469573 0.83333333
vt 0.11530427 0.83333333
vt 0.14185181 0.83333333
vt 0.10814819 0.83333333
vt 0.17187500 0.83333333
vt 0.07812500 0.83333333
vt 0.13558561 0.16666667
vt 0.11441439 0.16666667
vt 0.14531295 0.16666667
vt 0.10468705 0.16666667
vt 0.19140625 0.16666667
vt 0.05859375 0.16666667
vt 0.23141232 0.16666667
vt 0.01858768 0.16666667
vt 0.25341613 1.00000000
vt 0.25341613 0.00000000
vt 0.25786651 1.00000000
vt 0.25786651 0.00000000
vt 0.12693739 0.50000000
vt 0.12306261 0.50000000
vt 0.13376441 1.00000000
vt 0.11623559 1.00000000
vt 0.02471938 0.00000000
vt 0.22528062 0.00000000
vt 0.12833330 0.50000000
vt 0.12166670 0.50000000
vt 0.13977963 1.00000000
vt 0.11022037 1.00000000
vt 0.11751929 0.00000000
vt 0.13248071 0.00000000
vt 0.13671875 0.50000000
vt 0.11328125 0.50000000
vt 0.16406250 1.00000000
vt 0.08593750 1.00000000
vt 0.11234882 0.00000000
vt 0.13765118 0.00000000
vt 0.24260130 0.50000000
vt 0.00739870 0.50000000
vt 0.22285206 1.00000000
vt 0.02714794 1.00000000
vt 0.08984375 0.00000000
vt 0.16015625 0.00000000
vt 0.10868287 0.50000000
vt 0.14131713 0.50000000
vt 0.25495348 1.00000000
vt 0.25495348 0.00000000
vt 0.25725411 1.00000000
vt 0.25725411 0.00000000
vt 0.04296875 0.50000000
vt 0.20703125 0.50000000
vt 0.01147992 0.50000000
vt 0.23852008 0.50000000
vt 0.11734714 0.50000000
vt 0.13265286 0.50000000
vt 0.16015625 0.83333333
vt 0.08984375 0.83333333
vt 0.22442539 0.83333333
vt 0.02557461 0.83333333
vt 0.13265592 0.83333333
vt 0.11734408 0.83333333
vt 0.13789520 0.83333333
vt 0.11210480 0.83333333
vt 0.13173782 0.00000000
vt 0.11826218 0.00000000
vt 0.13630494 0.00000000
vt 0.11369506 0.00000000
vt 0.15625000 0.00000000
vt 0.09375000 0.00000000
vt 0.22564485 0.00000000
vt 0.02435515 0.00000000
vt 0.25334078 1.00000000
vt 0.25334078 0.00000000
vt 0.25827424 1.00000000
vt 0.25827424 0.00000000
vt 0.01794058 0.00000000
vt 0.23205942 0.00000000
vt 0.12151060 0.00000000
vt 0.12848940 0.00000000
vt 0.25336874 1.00000000
vt 0.25336874 0.00000000
vt 0.25939429 1.00000000
vt 0.25939429 0.00000000
vt 0.11926836 0.00000000
vt 0.13073164 0.00000000
vt 0.10937500 0.00000000
vt 0.14062500 0.00000000
vt 0.11699917 1.00000000
vt 0.13300083 1.00000000
vt 0.13448486 1.00000000
vt 0.11551514 1.00000000
vt 0.11163071 1.00000000
vt 0.13836929 1.00000000
vt 0.14116260 1.00000000
vt 0.10883740 1.00000000
vt 0.08984375 1.00000000
vt 0.16015625 1.00000000
vt 0.25659107 1.00000000
vt 0.25659107 0.00000000
vt 0.25438409 1.00000000
vt 0.25438409 0.00000000
vt 0.16796875 1.00000000
vt 0.08203125 1.00000000
vt 0.02728919 1.00000000
vt 0.22271081 1.00000000
vt 0.22324331 1.00000000
vt 0.02675669 1.00000000
vt 0.12646448 0.83333333
vt 0.12353552 0.83333333
vt 0.11591514 0.16666667
vt 0.13408486 0.16666667
vt 0.12890625 0.83333333
vt 0.12109375 0.83333333
vt 0.10333818 0.16666667
vt 0.14666182 0.16666667
vt 0.24423272 0.83333333
vt 0.00576728 0.83333333
vt 0.03125000 0.16666667
vt 0.21875000 0.16666667
vt 0.12590084 0.83333333
vt 0.12409916 0.83333333
vt 0.01063535 0.16666667
vt 0.23936465 0.16666667
vt 0.25754183 1.00000000
vt 0.25754183 0.00000000
vt 0.25469946 1.00000000
vt 0.25469946 0.00000000
vt 0.75000000 0.00000000
vt 0.75000000 1.00000000
vt 0.75000000 0.00000000
vt 0.75000000 1.00000000
vt 0.12500000 0.00000000
vt 1.00000000 0.00000000
vt 1.00000000 1.00000000
vt 1.00000000 0.00000000
vt 1.00000000 1.00000000
vt 0.12500000 0.00000000
vt 0.12500000 0.00000000
vt 0.75000000 0.00000000
vt 0.75000000 1.00000000
vt 0.75000000 0.00000000
vt 0.75000000 1.00000000
vt 0.75000000 0.00000000
vt 0.75000000 1.00000000
vt 0.75000000 0.00000000
vt 0.75000000 1.00000000
vt 0.12500000 0.00000000
vt 0.00000000 0.00000000
vt 0.50000000 0.00000000
vt 0.50000000 1.00000000
vt 0.50000000 0.00000000
vt 0.50000000 1.00000000
vt 0.00000000 0.00000000
vt 1.00000000 0.00000000
vt 1.00000000 1.00000000
vt 1.00000000 0.00000000
vt 1.00000000 1.00000000
vt 0.00000000 0.00000000
vt 0.12500000 0.00000000
vt 0.25870299 1.00000000
vt 0.25870299 0.00000000
vt 0.25543639 1.00000000
vt 0.25543639 0.00000000
vt 0.11436465 0.16666667
vt 0.13563535 0.16666667
vt 0.12666700 0.83333333
vt 0.12333300 0.83333333
vt 0.09375000 0.16666667
vt 0.15625000 0.16666667
vt 0.13076728 0.83333333
vt 0.11923272 0.83333333
vt 0.02166182 0.16666667
vt 0.22833818 0.16666667
vt 0.24609375 0.83333333
vt 0.00390625 0.83333333
vt 0.11873981 0.16666667
vt 0.13126019 0.16666667
vt 0.24853552 0.83333333
vt 0.00146448 0.83333333
vt 0.15175669 1.00000000
vt 0.09824331 1.00000000
vt 0.09771081 1.00000000
vt 0.15228919 1.00000000
vt 0.20703125 1.00000000
vt 0.04296875 1.00000000
vt 0.03515625 1.00000000
vt 0.21484375 1.00000000
vt 0.23383740 1.00000000
vt 0.01616260 1.00000000
vt 0.01336929 1.00000000
vt 0.23663071 1.00000000
vt 0.25735418 1.00000000
vt 0.25735418 0.00000000
vt 0.25489785 1.00000000
vt 0.25489785 0.00000000
vt 0.13762078 1.00000000
vt 0.11237922 1.00000000
vt 0.11317284 1.00000000
vt 0.13682716 1.00000000
vt 0.01562500 0.00000000
vt 0.23437500 0.00000000
vt 0.25329975 1.00000000
vt 0.25329975 0.00000000
vt 0.25817502 1.00000000
vt 0.25817502 0.00000000
vt 0.00573164 0.00000000
vt 0.24426836 0.00000000
vt 0.11896747 0.00000000
vt 0.13103253 0.00000000
vt 0.25353491 1.00000000
vt 0.25353491 0.00000000
vt 0.25984171 1.00000000
vt 0.25984171 0.00000000
vt 0.10705942 0.00000000
vt 0.14294058 0.00000000
vt 0.14935515 0.00000000
vt 0.10064485 0.00000000
vt 0.21875000 0.00000000
vt 0.03125000 0.00000000
vt 0.23869506 0.00000000
vt 0.01130494 0.00000000
vt 0.13511449 0.00000000
vt 0.11488551 0.00000000
vt 0.23710480 0.83333333
vt 0.01289520 0.83333333
vt 0.13609888 0.83333333
vt 0.11390112 0.83333333
vt 0.15057461 0.83333333
vt 0.09942539 0.83333333
vt 0.21484375 0.83333333
vt 0.03515625 0.83333333
vt 0.11864124 0.50000000
vt 0.13135876 0.50000000
vt 0.11352008 0.50000000
vt 0.13647992 0.50000000
vt 0.08203125 0.50000000
vt 0.16796875 0.50000000
vt 0.25576911 1.00000000
vt 0.25576911 0.00000000
vt 0.25843083 1.00000000
vt 0.25843083 0.00000000
vt 0.01631713 0.50000000
vt 0.23368287 0.50000000
vt 0.03515625 0.00000000
vt 0.21484375 0.00000000
vt 0.15214794 1.00000000
vt 0.09785206 1.00000000
vt 0.13239870 0.50000000
vt 0.11760130 0.50000000
vt 0.01265118 0.00000000
vt 0.23734882 0.00000000
vt 0.21093750 1.00000000
vt 0.03906250 1.00000000
vt 0.23828125 0.50000000
vt 0.01171875 0.50000000
vt 0.11426102 0.00000000
vt 0.13573898 0.00000000
vt 0.23522037 1.00000000
vt 0.01477963 1.00000000
vt 0.24666670 0.50000000
vt 0.00333330 0.50000000
vt 0.10028062 0.00000000
vt 0.14971938 0.00000000
vt 0.13730501 1.00000000
vt 0.11269499 1.00000000
vt 0.12785187 0.50000000
vt 0.12214813 0.50000000
vt 0.25358494 1.00000000
vt 0.25358494 0.00000000
vt 0.25824645 1.00000000
vt 0.25824645 0.00000000
vt 0.14358768 0.16666667
vt 0.10641232 0.16666667
vt 0.18359375 0.16666667
vt 0.06640625 0.16666667
vt 0.22968705 0.16666667
vt 0.02031295 0.16666667
vt 0.13506964 0.16666667
vt 0.11493036 0.16666667
vt 0.20312500 0.83333333
vt 0.04687500 0.83333333
vt 0.25478925 1.00000000
vt 0.25478925 0.00000000
vt 0.25614265 1.00000000
vt 0.25614265 0.00000000
vt 0.23314819 0.83333333
vt 0.01685181 0.83333333
vt 0.13707353 0.83333333
vt 0.11292647 0.83333333
vt 0.14981708 0.83333333
vt 0.10018292 0.83333333
vt 0.14854266 0.00000000
vt 0.10145734 0.00000000
vt 0.12906430 0.16666667
vt 0.12093570 0.16666667
vt 0.23046875 0.16666667
vt 0.01953125 0.16666667
vt 0.19921875 0.00000000
vt 0.05078125 0.00000000
vt 0.13671875 0.16666667
vt 0.11328125 0.16666667
vt 0.24326182 0.16666667
vt 0.00673818 0.16666667
vt 0.23227858 0.00000000
vt 0.01772142 0.00000000
vt 0.13148172 0.16666667
vt 0.11851828 0.16666667
vt 0.23781484 0.16666667
vt 0.01218516 0.16666667
vt 0.13677621 0.00000000
vt 0.11322379 0.00000000
vt 0.12745073 0.16666667
vt 0.12254927 0.16666667
vt 0.14263393 0.16666667
vt 0.10736607 0.16666667
vt 0.01522041 0.16666667
vt 0.23477959 0.16666667
vt 0.12174947 0.16666667
vt 0.12825053 0.16666667
vt 0.25403445 1.00000000
vt 0.25403445 0.00000000
vt 0.25835169 1.00000000
vt 0.25835169 0.00000000
vt 0.11959332 0.16666667
vt 0.13040668 0.16666667
vt 0.10937500 0.16666667
vt 0.14062500 0.16666667
vt 0.23437500 0.83333333
vt 0.01562500 0.83333333
vt 0.24416449 0.83333333
vt 0.00583551 0.83333333
vt 0.13126713 0.83333333
vt 0.11873287 0.83333333
vt 0.14392881 0.83333333
vt 0.10607119 0.83333333
vt 0.24728609 0.16666667
vt 0.00271391 0.16666667
vt 0.12779848 0.16666667
vt 0.12220152 0.16666667
vt 0.13354676 0.16666667
vt 0.11645324 0.16666667
vt 0.24218750 0.16666667
vt 0.00781250 0.16666667
vt 0.11532345 0.16666667
vt 0.13467655 0.16666667
vt 0.14749438 0.83333333
vt 0.10250562 0.83333333
vt 0.13994722 0.50000000
vt 0.11005278 0.50000000
vt 0.10282872 0.16666667
vt 0.14717128 0.16666667
vt 0.19140625 0.83333333
vt 0.05859375 0.83333333
vt 0.21875000 0.50000000
vt 0.03125000 0.50000000
vt 0.03515625 0.16666667
vt 0.21484375 0.16666667
vt 0.22956902 0.83333333
vt 0.02043098 0.83333333
vt 0.24136548 0.50000000
vt 0.00863452 0.50000000
vt 0.13687356 0.83333333
vt 0.11312644 0.83333333
vt 0.01188978 0.16666667
vt 0.23811022 0.16666667
vt 0.13149550 0.50000000
vt 0.11850450 0.50000000
vt 0.22346663 1.00000000
vt 0.02653337 1.00000000
vt 0.13136645 1.00000000
vt 0.11863355 1.00000000
vt 0.13548274 1.00000000
vt 0.11451726 1.00000000
vt 0.15234375 1.00000000
vt 0.09765625 1.00000000
vt 0.25799989 1.00000000
vt 0.25799989 0.00000000
vt 0.25403657 1.00000000
vt 0.25403657 0.00000000
vt 0.25818847 1.00000000
vt 0.25818847 0.00000000
vt 0.25371365 1.00000000
vt 0.25371365 0.00000000
vt 0.25369245 1.00000000
vt 0.25369245 0.00000000
vt 0.25882532 1.00000000
vt 0.25882532 0.00000000
vt 0.11718750 0.00000000
vt 0.13281250 0.00000000
vt 0.01034322 0.00000000
vt 0.23965678 0.00000000
vt 0.12324071 0.00000000
vt 0.12675929 0.00000000
vt 0.12212480 0.00000000
vt 0.12787520 0.00000000
vt 0.21875000 1.00000000
vt 0.03125000 1.00000000
vt 0.23806422 1.00000000
vt 0.01193578 1.00000000
vt 0.13617641 1.00000000
vt 0.11382359 1.00000000
vt 0.15211375 1.00000000
vt 0.09788625 1.00000000
vt 0.01424568 0.83333333
vt 0.23575432 0.83333333
vt 0.11342774 0.83333333
vt 0.13657226 0.83333333
vt 0.25756874 1.00000000
vt 0.25756874 0.00000000
vt 0.25360340 1.00000000
vt 0.25360340 0.00000000
vt 0.09943840 0.83333333
vt 0.15056160 0.83333333
vt 0.03906250 0.83333333
vt 0.21093750 0.83333333
vt 0.25974665 1.00000000
vt 0.25974665 0.00000000
vt 0.25384680 1.00000000
vt 0.25384680 0.00000000
vt 0.12938453 0.83333333
vt 0.12061547 0.83333333
vt 0.13671875 0.83333333
vt 0.11328125 0.83333333
vt 0.25771872 1.00000000
vt 0.25771872 0.00000000
vt 0.25443667 1.00000000
vt 0.25443667 0.00000000
vt 0.23455207 0.83333333
vt 0.01544793 0.83333333
vt 0.12768805 0.83333333
vt 0.12231195 0.83333333
vt 0.15029270 0.83333333
vt 0.09970730 0.83333333
vt 0.20703125 0.83333333
vt 0.04296875 0.83333333
vt 0.23443371 0.83333333
vt 0.01556629 0.83333333
vt 0.13689373 0.83333333
vt 0.11310627 0.83333333
vt 0.12406112 1.00000000
vt 0.12593888 1.00000000
vt 0.12348567 1.00000000
vt 0.12651433 1.00000000
vt 0.12109375 1.00000000
vt 0.12890625 1.00000000
vt 0.00661902 1.00000000
vt 0.24338098 1.00000000
vt 0.21093750 0.00000000
vt 0.03906250 0.00000000
vt 0.12241199 0.50000000
vt 0.12758801 0.50000000
vt 0.24396304 1.00000000
vt 0.00603696 1.00000000
vt 0.23602899 0.00000000
vt 0.01397101 0.00000000
vt 0.13175023 1.00000000
vt 0.11824977 1.00000000
vt 0.00390625 0.50000000
vt 0.24609375 0.50000000
vt 0.13620894 0.00000000
vt 0.11379106 0.00000000
vt 0.14603681 1.00000000
vt 0.10396319 1.00000000
vt 0.00111552 0.50000000
vt 0.24888448 0.50000000
vt 0.14976557 0.00000000
vt 0.10023443 0.00000000
vt 0.12402637 0.50000000
vt 0.12597363 0.50000000
vt 0.23437500 1.00000000
vt 0.01562500 1.00000000
vt 0.02541458 1.00000000
vt 0.22458542 1.00000000
vt 0.11422887 1.00000000
vt 0.13577113 1.00000000
vt 0.10617371 1.00000000
vt 0.14382629 1.00000000
vt 0.07421875 1.00000000
vt 0.17578125 1.00000000
vt 0.12046510 1.00000000
vt 0.12953490 1.00000000
vt 0.11328125 1.00000000
vt 0.13671875 1.00000000
vt 0.01737362 1.00000000
vt 0.23262638 1.00000000
vt 0.12219771 1.00000000
vt 0.12780229 1.00000000
vt 0.12792674 0.83333333
vt 0.12207326 0.83333333
vt 0.15234375 0.50000000
vt 0.09765625 0.50000000
vt 0.13281250 0.83333333
vt 0.11718750 0.83333333
vt 0.23599283 0.50000000
vt 0.01400717 0.50000000
vt 0.12935489 0.50000000
vt 0.12064511 0.50000000
vt 0.23897380 0.83333333
vt 0.01102620 0.83333333
vt 0.12679808 0.83333333
vt 0.12320192 0.83333333
vt 0.13261762 0.50000000
vt 0.11738238 0.50000000
vt 0.03515625 0.50000000
vt 0.21484375 0.50000000
vt 0.00962079 0.50000000
vt 0.24037921 0.50000000
vt 0.11802695 0.50000000
vt 0.13197305 0.50000000
vt 0.10937043 0.50000000
vt 0.14062957 0.50000000
vt 0.22656250 1.00000000
vt 0.02343750 1.00000000
vt 0.24098662 1.00000000
vt 0.00901338 1.00000000
vt 0.13432720 1.00000000
vt 0.11567280 1.00000000
vt 0.15043190 1.00000000
vt 0.09956810 1.00000000
vt 0.10954504 0.16666667
vt 0.14045496 0.16666667
vt 0.07812500 0.16666667
vt 0.17187500 0.16666667
vt 0.25565952 1.00000000
vt 0.25565952 0.00000000
vt 0.25668280 1.00000000
vt 0.25668280 0.00000000
vt 0.02205644 0.16666667
vt 0.22794356 0.16666667
vt 0.11624894 0.16666667
vt 0.13375106 0.16666667
vt 0.25922618 1.00000000
vt 0.25922618 0.00000000
vt 0.25344918 1.00000000
vt 0.25344918 0.00000000
vt 0.10862931 0.50000000
vt 0.14137069 0.50000000
vt 0.23248662 1.00000000
vt 0.01751338 1.00000000
vt 0.13778668 1.00000000
vt 0.11221332 1.00000000
vt 0.04687500 0.50000000
vt 0.20312500 0.50000000
vt 0.15116601 1.00000000
vt 0.09883399 1.00000000
vt 0.01234048 0.50000000
vt 0.23765952 0.50000000
vt 0.11714243 0.50000000
vt 0.13285757 0.50000000
vt 0.20312500 1.00000000
vt 0.04687500 1.00000000
vt 0.14955452 0.00000000
vt 0.10044548 0.00000000
vt 0.20703125 0.00000000
vt 0.04296875 0.00000000
vt 0.23474025 0.00000000
vt 0.01525975 0.00000000
vt 0.13653209 0.00000000
vt 0.11346791 0.00000000
vt 0.24285336 0.00000000
vt 0.00714664 0.00000000
vt 0.13228265 0.00000000
vt 0.11771735 0.00000000
vt 0.14550304 0.00000000
vt 0.10449696 0.00000000
vt 0.23046875 0.00000000
vt 0.01953125 0.00000000
vt 0.25545369 1.00000000
vt 0.25545369 0.00000000
vt 0.25782373 1.00000000
vt 0.25782373 0.00000000
vt 0.25645989 1.00000000
vt 0.25645989 0.00000000
vt 0.00657484 0.50000000
vt 0.24342516 0.50000000
vt 0.11972813 0.50000000
vt 0.13027187 0.50000000
vt 0.11221097 0.50000000
vt 0.13778903 0.50000000
vt 0.02343750 0.50000000
vt 0.22656250 0.50000000
vt 0.11294762 0.83333333
vt 0.13705238 0.83333333
vt 0.10160909 0.83333333
vt 0.14839091 0.83333333
vt 0.05468750 0.83333333
vt 0.19531250 0.83333333
vt 0.01929204 0.83333333
vt 0.23070796 0.83333333
vt 0.13096263 0.00000000
vt 0.11903737 0.00000000
vt 0.13493641 0.00000000
vt 0.11506359 0.00000000
vt 0.15234375 0.00000000
vt 0.09765625 0.00000000
vt 0.22640356 0.00000000
vt 0.02359644 0.00000000
vt 0.14652309 0.83333333
vt 0.10347691 0.83333333
vt 0.23046875 0.83333333
vt 0.01953125 0.83333333
vt 0.24272277 0.83333333
vt 0.00727723 0.83333333
vt 0.13255895 0.83333333
vt 0.11744105 0.83333333
vt 0.01311473 0.16666667
vt 0.23688527 0.16666667
vt 0.25481609 1.00000000
vt 0.25481609 0.00000000
vt 0.25917045 1.00000000
vt 0.25917045 0.00000000
vt 0.11486831 0.16666667
vt 0.13513169 0.16666667
vt 0.10262636 0.16666667
vt 0.14737364 0.16666667
vt 0.03906250 0.16666667
vt 0.21093750 0.16666667
vt 0.11718750 0.50000000
vt 0.13281250 0.50000000
vt 0.00508167 0.50000000
vt 0.24491833 0.50000000
vt 0.12370257 0.50000000
vt 0.12629743 0.50000000
vt 0.12277226 0.50000000
vt 0.12722774 0.50000000
vt 0.25809237 1.00000000
vt 0.25809237 0.00000000
vt 0.25331539 1.00000000
vt 0.25331539 0.00000000
vt 0.02453227 1.00000000
vt 0.22546773 1.00000000
vt 0.11367723 1.00000000
vt 0.13632277 1.00000000
vt 0.10490540 1.00000000
vt 0.14509460 1.00000000
vt 0.07031250 1.00000000
vt 0.17968750 1.00000000
vt 0.11319721 1.00000000
vt 0.13680279 1.00000000
vt 0.10304039 0.00000000
vt 0.14695961 0.00000000
vt 0.10368975 1.00000000
vt 0.14631025 1.00000000
vt 0.05859375 0.00000000
vt 0.19140625 0.00000000
vt 0.06640625 1.00000000
vt 0.18359375 1.00000000
vt 0.01998082 0.00000000
vt 0.23001918 0.00000000
vt 0.11344696 0.00000000
vt 0.13655304 0.00000000
vt 0.02354242 1.00000000
vt 0.22645758 1.00000000
vt 0.11948946 0.50000000
vt 0.13051054 0.50000000
vt 0.25446021 1.00000000
vt 0.25446021 0.00000000
vt 0.25782214 1.00000000
vt 0.25782214 0.00000000
vt 0.10546875 0.50000000
vt 0.14453125 0.50000000
vt 0.01127950 0.50000000
vt 0.23872050 0.50000000
vt 0.12181800 0.50000000
vt 0.12818200 0.50000000
vt 0.25696120 1.00000000
vt 0.25696120 0.00000000
vt 0.25522011 1.00000000
vt 0.25522011 0.00000000
vt 0.11757564 0.50000000
vt 0.13242436 0.50000000
vt 0.11111303 0.50000000
vt 0.13888697 0.50000000
vt 0.07031250 0.50000000
vt 0.17968750 0.50000000
vt 0.01600745 0.50000000
vt 0.23399255 0.50000000
vt 0.25466080 1.00000000
vt 0.25466080 0.00000000
vt 0.25754611 1.00000000
vt 0.25754611 0.00000000
vt 0.11287731 0.83333333
vt 0.13712269 0.83333333
vt 0.10082690 0.83333333
vt 0.14917310 0.83333333
vt 0.05078125 0.83333333
vt 0.19921875 0.83333333
vt 0.01809613 0.83333333
vt 0.23190387 0.83333333
vt 0.25335445 1.00000000
vt 0.25335445 0.00000000
vt 0.25798912 1.00000000
vt 0.25798912 0.00000000
vt 0.25522704 1.00000000
vt 0.25522704 0.00000000
vt 0.25568307 1.00000000
vt 0.25568307 0.00000000
vt 0.25984110 1.00000000
vt 0.25984110 0.00000000
vt 0.25342679 1.00000000
vt 0.25342679 0.00000000
vt 0.11718750 1.00000000
vt 0.13281250 1.00000000
vt 0.10338476 0.16666667
vt 0.14661524 0.16666667
vt 0.01254425 1.00000000
vt 0.23745575 1.00000000
vt 0.05078125 0.16666667
vt 0.19921875 0.16666667
vt 0.12312581 1.00000000
vt 0.12687419 1.00000000
vt 0.01655755 0.16666667
vt 0.23344245 0.16666667
vt 0.12197335 1.00000000
vt 0.12802665 1.00000000
vt 0.11426307 0.16666667
vt 0.13573693 0.16666667
vt 0.13027653 0.83333333
vt 0.11972347 0.83333333
vt 0.14734921 0.00000000
vt 0.10265079 0.00000000
vt 0.13370707 0.83333333
vt 0.11629293 0.83333333
vt 0.22656250 0.00000000
vt 0.02343750 0.00000000
vt 0.14843750 0.83333333
vt 0.10156250 0.83333333
vt 0.24145079 0.00000000
vt 0.00854921 0.00000000
vt 0.22664464 0.83333333
vt 0.02335536 0.83333333
vt 0.13338520 0.00000000
vt 0.11661480 0.00000000
vt 0.12965174 0.00000000
vt 0.12034826 0.00000000
vt 0.13956350 0.00000000
vt 0.11043650 0.00000000
vt 0.23828125 0.00000000
vt 0.01171875 0.00000000
vt 0.24569302 0.00000000
vt 0.00430698 0.00000000
vt 0.13312609 1.00000000
vt 0.11687391 1.00000000
vt 0.14865998 1.00000000
vt 0.10134002 1.00000000
vt 0.25859657 1.00000000
vt 0.25859657 0.00000000
vt 0.25385200 1.00000000
vt 0.25385200 0.00000000
vt 0.23046875 1.00000000
vt 0.01953125 1.00000000
vt 0.24246941 1.00000000
vt 0.00753059 1.00000000
vt 0.12890625 0.00000000
vt 0.12109375 0.00000000
vt 0.24460981 0.00000000
vt 0.00539019 0.00000000
vt 0.12588145 0.00000000
vt 0.12411855 0.00000000
vt 0.12643876 0.00000000
vt 0.12356124 0.00000000
vt 0.19921875 0.50000000
vt 0.05078125 0.50000000
vt 0.23685442 0.50000000
vt 0.01314558 0.50000000
vt 0.13297587 0.50000000
vt 0.11702413 0.50000000
vt 0.14126078 0.50000000
vt 0.10873922 0.50000000
vt 0.13571109 0.16666667
vt 0.11428891 0.16666667
vt 0.14602622 0.16666667
vt 0.10397378 0.16666667
vt 0.19531250 0.16666667
vt 0.05468750 0.16666667
vt 0.23239510 0.16666667
vt 0.01760490 0.16666667
vt 0.13557119 0.50000000
vt 0.11442881 0.50000000
vt 0.25386781 1.00000000
vt 0.25386781 0.00000000
vt 0.25721104 1.00000000
vt 0.25721104 0.00000000
vt 0.16406250 0.50000000
vt 0.08593750 0.50000000
vt 0.23392199 0.50000000
vt 0.01607801 0.50000000
vt 0.13091107 0.50000000
vt 0.11908893 0.50000000
vt 0.12058548 0.16666667
vt 0.12941452 0.16666667
vt 0.21875000 0.83333333
vt 0.03125000 0.83333333
vt 0.00390625 0.16666667
vt 0.24609375 0.16666667
vt 0.23848062 0.83333333
vt 0.01151938 0.83333333
vt 0.00135826 0.16666667
vt 0.24864174 0.16666667
vt 0.13546487 0.83333333
vt 0.11453513 0.83333333
vt 0.12358490 0.16666667
vt 0.12641510 0.16666667
vt 0.15026859 0.83333333
vt 0.09973141 0.83333333
vt 0.23569491 0.16666667
vt 0.01430509 0.16666667
vt 0.13545541 0.16666667
vt 0.11454459 0.16666667
vt 0.25636917 1.00000000
vt 0.25636917 0.00000000
vt 0.25458170 1.00000000
vt 0.25458170 0.00000000
vt 0.14732100 0.16666667
vt 0.10267900 0.16666667
vt 0.20703125 0.16666667
vt 0.04296875 0.16666667
vt 0.18359375 0.50000000
vt 0.06640625 0.50000000
vt 0.23437145 0.50000000
vt 0.01562855 0.50000000
vt 0.13267070 0.50000000
vt 0.11732930 0.50000000
vt 0.13955529 0.50000000
vt 0.11044471 0.50000000
vt 0.13435599 0.16666667
vt 0.11564401 0.16666667
vt 0.15234375 0.16666667
vt 0.09765625 0.16666667
vt 0.22921655 0.16666667
vt 0.02078345 0.16666667
vt 0.13054456 0.16666667
vt 0.11945544 0.16666667
vt 0.12756679 0.50000000
vt 0.12243321 0.50000000
vt 0.12942876 0.50000000
vt 0.12057124 0.50000000
vt 0.14062500 0.50000000
vt 0.10937500 0.50000000
vt 0.24052266 0.50000000
vt 0.00947734 0.50000000
vt 0.25965658 1.00000000
vt 0.25965658 0.00000000
vt 0.25329713 1.00000000
vt 0.25329713 0.00000000
vt 0.07031250 0.00000000
vt 0.17968750 0.00000000
vt 0.22265625 0.83333333
vt 0.02734375 0.83333333
vt 0.02280979 0.00000000
vt 0.22719021 0.00000000
vt 0.23987784 0.83333333
vt 0.01012216 0.83333333
vt 0.11448272 0.00000000
vt 0.13551728 0.00000000
vt 0.13466416 0.83333333
vt 0.11533584 0.83333333
vt 0.10611937 0.00000000
vt 0.14388063 0.00000000
vt 0.14956276 0.83333333
vt 0.10043724 0.83333333
vt 0.25680949 1.00000000
vt 0.25680949 0.00000000
vt 0.25749559 1.00000000
vt 0.25749559 0.00000000
vt 0.14843750 0.16666667
vt 0.10156250 0.16666667
vt 0.23053430 0.16666667
vt 0.01946570 0.16666667
vt 0.12980152 0.16666667
vt 0.12019848 0.16666667
vt 0.13305572 0.16666667
vt 0.11694428 0.16666667
vt 0.17187500 0.00000000
vt 0.07812500 0.00000000
vt 0.22586575 0.00000000
vt 0.02413425 0.00000000
vt 0.13446259 0.00000000
vt 0.11553741 0.00000000
vt 0.14151198 0.00000000
vt 0.10848802 0.00000000
f 97/97 82/82 878/878
f 97/97 878/878 557/557
f 557/557 878/878 496/496
f 557/557 496/496 287/287
f 287/287 496/496 568/568
f 287/287 568/568 511/511
f 511/511 568/568 1044/1044
f 511/511 1044/1044 1168/1168
f 1168/1168 1044/1044 1316/1316
f 1168/1168 1316/1316 1454/1454
f 1454/1454 1316/1316 278/278
f 1454/1454 278/278 1228/1228
f 1228/1228 278/278 1568/1568
f 1228/1228 1568/1568 628/628
f 628/628 1568/1568 1512/1512
f 628/628 1512/1512 1112/1112
f 1112/1112 1512/1512 938/938
f 1112/1112 938/938 909/909
f 909/909 938/938 1117/1117
f 909/909 1117/1117 976/976
f 976/976 1117/1117 1150/1150
f 976/976 1150/1150 908/908
f 908/908 1150/1150 1000/1000
f 908/908 1000/1000 1252/1252
f 1252/1252 1000/1000 1393/1393
f 1252/1252 1393/1393 523/523
f 523/523 1393/1393 1293/1293
f 523/523 1293/1293 365/365
f 365/365 1293/1293 1074/1074
f 365/365 1074/1074 355/355
f 355/355 1074/1074 63/63
f 355/355 63/63 65/65
f 65/65 63/63 632/632
f 65/65 632/632 1349/1349
f 1349/1349 632/632 415/415
f 1349/1349 415/415 1343/1343
f 1343/1343 415/415 315/315
f 1343/1343 315/315 1185/1185
f 1185/1185 315/315 714/714
f 1185/1185 714/714 456/456
f 456/456 714/714 566/566
f 456/456 566/566 802/802
f 802/802 566/566 587/587
f 802/802 587/587 734/734
f 734/734 587/587 772/772
f 734/734 772/772 799/799
f 799/799 772/772 198/198
f 799/799 198/198 598/598
f 598/598 198/198 142/142
f 598/598 142/142 1082/1082
f 1082/1082 142/142 1430/1430
f 1082/1082 1430/1430 482/482
f 482/482 1430/1430 400/400
f 482/482 400/400 256/256
f 256/256 400/400 666/666
f 256/256 666/666 538/538
f 538/538 666/666 1142/1142
f 538/538 1142/1142 1197/1197
f 1197/1197 1142/1142 1212/1212
f 1197/1197 1212/1212 1421/1421
f 1421/1421 1212/1212 832/832
f 1421/1421 832/832 1151/1151
f 1151/1151 832/832 54/54
f 1151/1151 54/54 23/23
f 23/23 54/54 831/831
f 23/23 831/831 1152/1152
f 1152/1152 831/831 1211/1211
f 1152/1152 1211/1211 1422/1422
f 1422/1422 1211/1211 1141/1141
f 1422/1422 1141/1141 1198/1198
f 1198/1198 1141/1141 665/665
f 1198/1198 665/665 537/537
f 537/537 665/665 399/399
f 537/537 399/399 255/255
f 255/255 399/399 1429/1429
f 255/255 1429/1429 481/481
f 481/481 1429/1429 141/141
f 481/481 141/141 1081/1081
f 1081/1081 141/141 197/197
f 1081/1081 197/197 597/597
f 597/597 197/197 771/771
f 597/597 771/771 800/800
f 800/800 771/771 588/588
f 800/800 588/588 733/733
f 733/733 588/588 565/565
f 733/733 565/565 801/801
f 801/801 565/565 713/713
f 801/801 713/713 455/455
f 455/455 713/713 316/316
f 455/455 316/316 1186/1186
f 1186/1186 316/316 416/416
f 1186/1186 416/416 1344/1344
f 1344/1344 416/416 631/631
f 1344/1344 631/631 1350/1350
f 1350/1350 631/631 68/68
f 1350/1350 68/68 66/66
f 66/66 68/68 1073/1073
f 66/66 1073/1073 356/356
f 356/356 1073/1073 1294/1294
f 356/356 1294/1294 366/366
f 366/366 1294/1294 1394/1394
f 366/366 1394/1394 524/524
f 524/524 1394/1394 999/999
f 524/524 999/999 1251/1251
f 1251/1251 999/999 1149/1149
f 1251/1251 1149/1149 907/907
f 907/907 1149/1149 1118/1118
f 907/907 1118/1118 975/975
f 975/975 1118/1118 937/937
f 975/975 937/937 910/910
f 910/910 937/937 1511/1511
f 910/910 1511/1511 1111/1111
f 1111/1111 1511/1511 1567/1567
f 1111/1111 1567/1567 627/627
f 627/627 1567/1567 277/277
f 627/627 277/277 1227/1227
f 1227/1227 277/277 1315/1315
f 1227/1227 1315/1315 1453/1453
f 1453/1453 1315/1315 1043/1043
f 1453/1453 1043/1043 1167/1167
f 1167/1167 1043/1043 567/567
f 1167/1167 567/567 512/512
f 512/512 567/567 495/495
f 512/512 495/495 288/288
f 288/288 495/495 877/877
f 288/288 877/877 558/558
f 558/558 877/877 82/82
f 558/558 82/82 97/97
f 82/82 78/78 1179/1179
f 82/82 1179/1179 878/878
f 878/878 1179/1179 371/371
f 878/878 371/371 496/496
f 496/496 371/371 978/978
f 496/496 978/978 568/568
f 568/568 978/978 164/164
f 568/568 164/164 1044/1044
f 1044/1044 164/164 333/333
f 1044/1044 333/333 1316/1316
f 1316/1316 333/333 1287/1287
f 1316/1316 1287/1287 278/278
f 278/278 1287/1287 500/500
f 278/278 500/500 1568/1568
f 1568/1568 500/500 1078/1078
f 1568/1568 1078/1078 1512/1512
f 1512/1512 1078/1078 1219/1219
f 1512/1512 1219/1219 938/938
f 938/938 1219/1219 210/210
f 938/938 210/210 1117/1117
f 1117/1117 210/210 765/765
f 1117/1117 765/765 1150/1150
f 1150/1150 765/765 1259/1259
f 1150/1150 1259/1259 1000/1000
f 1000/1000 1259/1259 1478/1478
f 1000/1000 1478/1478 1393/1393
f 1393/1393 1478/1478 327/327
f 1393/1393 327/327 1293/1293
f 1293/1293 327/327 176/176
f 1293/1293 176/176 1074/1074
f 1074/1074 176/176 62/62
f 1074/1074 62/62 63/63
f 63/63 62/62 1534/1534
f 63/63 1534/1534 632/632
f 632/632 1534/1534 1381/1381
f 632/632 1381/1381 415/415
f 415/415 1381/1381 232/232
f 415/415 232/232 315/315
f 315/315 232/232 447/447
f 315/315 447/447 714/714
f 714/714 447/447 943/943
f 714/714 943/943 566/566
f 566/566 943/943 1500/1500
f 566/566 1500/1500 587/587
f 587/587 1500/1500 489/489
f 587/587 489/489 772/772
f 772/772 489/489 654/654
f 772/772 654/654 198/198
f 198/198 654/654 1208/1208
f 198/198 1208/1208 142/142
f 142/142 1208/1208 421/421
f 142/142 421/421 1430/1430
f 1430/1430 421/421 1375/1375
f 1430/1430 1375/1375 400/400
f 400/400 1375/1375 1546/1546
f 400/400 1546/1546 666/666
f 666/666 1546/1546 732/732
f 666/666 732/732 1142/1142
f 1142/1142 732/732 1333/1333
f 1142/1142 1333/1333 1212/1212
f 1212/1212 1333/1333 549/549
f 1212/1212 549/549 832/832
f 832/832 549/549 56/56
f 832/832 56/56 54/54
f 54/54 56/56 550/550
f 54/54 550/550 831/831
f 831/831 550/550 1334/1334
f 831/831 1334/1334 1211/1211
f 1211/1211 1334/1334 731/731
f 1211/1211 731/731 1141/1141
f 1141/1141 731/731 1545/1545
f 1141/1141 1545/1545 665/665
f 665/665 1545/1545 1376/1376
f 665/665 1376/1376 399/399
f 399/399 1376/1376 422/422
f 399/399 422/422 1429/1429
f 1429/1429 422/422 1207/1207
f 1429/1429 1207/1207 141/141
f 141/141 1207/1207 653/653
f 141/141 653/653 197/197
f 197/197 653/653 490/490
f 197/197 490/490 771/771
f 771/771 490/490 1499/1499
f 771/771 1499/1499 588/588
f 588/588 1499/1499 944/944
f 588/588 944/944 565/565
f 565/565 944/944 448/448
f 565/565 448/448 713/713
f 713/713 448/448 231/231
f 713/713 231/231 316/316
f 316/316 231/231 1382/1382
f 316/316 1382/1382 416/416
f 416/416 1382/1382 1533/1533
f 416/416 1533/1533 631/631
f 631/631 1533/1533 69/69
f 631/631 69/69 68/68
f 68/68 69/69 175/175
f 68/68 175/175 1073/1073
f 1073/1073 175/175 328/328
f 1073/1073 328/328 1294/1294
f 1294/1294 328/328 1477/1477
f 1294/1294 1477/1477 1394/1394
f 1394/1394 1477/1477 1260/1260
f 1394/1394 1260/1260 999/999
f 999/999 1260/1260 766/766
f 999/999 766/766 1149/1149
f 1149/1149 766/766 209/209
f 1149/1149 209/209 1118/1118
f 1118/1118 209/209 1220/1220
f 1118/1118 1220/1220 937/937
f 937/937 1220/1220 1077/1077
f 937/937 1077/1077 1511/1511
f 1511/1511 1077/1077 499/499
f 1511/1511 499/499 1567/1567
f 1567/1567 499/499 1288/1288
f 1567/1567 1288/1288 277/277
f 277/277 1288/1288 334/334
f 277/277 334/334 1315/1315
f 1315/1315 334/334 163/163
f 1315/1315 163/163 1043/1043
f 1043/1043 163/163 977/977
f 1043/1043 977/977 567/567
f 567/567 977/977 372/372
f 567/567 372/372 495/495
f 495/495 372/372 1180/1180
f 495/495 1180/1180 877/877
f 877/877 1180/1180 78/78
f 877/877 78/78 82/82
f 78/78 39/39 1513/1513
f 78/78 1513/1513 1179/1179
f 1179/1179 1513/1513 1050/1050
f 1179/1179 1050/1050 371/371
f 371/371 1050/1050 684/684
f 371/371 684/684 978/978
f 978/978 684/684 675/675
f 978/978 675/675 164/164
f 164/164 675/675 1018/1018
f 164/164 1018/1018 333/333
f 333/333 1018/1018 128/128
f 333/333 128/128 1287/1287
f 1287/1287 128/128 172/172
f 1287/1287 172/172 500/500
f 500/500 172/172 821/821
f 500/500 821/821 1078/1078
f 1078/1078 821/821 1055/1055
f 1078/1078 1055/1055 1219/1219
f 1219/1219 1055/1055 1323/1323
f 1219/1219 1323/1323 210/210
f 210/210 1323/1323 1520/1520
f 210/210 1520/1520 765/765
f 765/765 1520/1520 467/467
f 765/765 467/467 1259/1259
f 1259/1259 467/467 1427/1427
f 1259/1259 1427/1427 1478/1478
f 1478/1478 1427/1427 1482/1482
f 1478/1478 1482/1482 327/327
f 327/327 1482/1482 720/720
f 327/327 720/720 176/176
f 176/176 720/720 67/67
f 176/176 67/67 62/62
f 62/62 67/67 990/990
f 62/62 990/990 1534/1534
f 1534/1534 990/990 228/228
f 1534/1534 228/228 1381/1381
f 1381/1381 228/228 281/281
f 1381/1381 281/281 232/232
f 232/232 281/281 1241/1241
f 232/232 1241/1241 447/447
f 447/447 1241/1241 186/186
f 447/447 186/186 943/943
f 943/943 186/186 389/389
f 943/943 389/389 1500/1500
f 1500/1500 389/389 649/649
f 1500/1500 649/649 489/489
f 489/489 649/649 887/887
f 489/489 887/887 654/654
f 654/654 887/887 1544/1544
f 654/654 1544/1544 1208/1208
f 1208/1208 1544/1544 1582/1582
f 1208/1208 1582/1582 421/421
f 421/421 1582/1582 690/690
f 421/421 690/690 1375/1375
f 1375/1375 690/690 1029/1029
f 1375/1375 1029/1029 1546/1546
f 1546/1546 1029/1029 1024/1024
f 1546/1546 1024/1024 732/732
f 732/732 1024/1024 660/660
f 732/732 660/660 1333/1333
f 1333/1333 660/660 195/195
f 1333/1333 195/195 549/549
f 549/549 195/195 83/83
f 549/549 83/83 56/56
f 56/56 83/83 196/196
f 56/56 196/196 550/550
f 550/550 196/196 659/659
f 550/550 659/659 1334/1334
f 1334/1334 659/659 1023/1023
f 1334/1334 1023/1023 731/731
f 731/731 1023/1023 1030/1030
f 731/731 1030/1030 1545/1545
f 1545/1545 1030/1030 689/689
f 1545/1545 689/689 1376/1376
f 1376/1376 689/689 1581/1581
f 1376/1376 1581/1581 422/422
f 422/422 1581/1581 1543/1543
f 422/422 1543/1543 1207/1207
f 1207/1207 1543/1543 888/888
f 1207/1207 888/888 653/653
f 653/653 888/888 650/650
f 653/653 650/650 490/490
f 490/490 650/650 390/390
f 490/490 390/390 1499/1499
f 1499/1499 390/390 185/185
f 1499/1499 185/185 944/944
f 944/944 185/185 1242/1242
f 944/944 1242/1242 448/448
f 448/448 1242/1242 282/282
f 448/448 282/282 231/231
f 231/231 282/282 227/227
f 231/231 227/227 1382/1382
f 1382/1382 227/227 989/989
f 1382/1382 989/989 1533/1533
f 1533/1533 989/989 64/64
f 1533/1533 64/64 69/69
f 69/69 64/64 719/719
f 69/69 719/719 175/175
f 175/175 719/719 1481/1481
f 175/175 1481/1481 328/328
f 328/328 1481/1481 1428/1428
f 328/328 1428/1428 1477/1477
f 1477/1477 1428/1428 468/468
f 1477/1477 468/468 1260/1260
f 1260/1260 468/468 1519/1519
f 1260/1260 1519/1519 766/766
f 766/766 1519/1519 1324/1324
f 766/766 1324/1324 209/209
f 209/209 1324/1324 1056/1056
f 209/209 1056/1056 1220/1220
f 1220/1220 1056/1056 822/822
f 1220/1220 822/822 1077/1077
f 1077/1077 822/822 171/171
f 1077/1077 171/171 499/499
f 499/499 171/171 127/127
f 499/499 127/127 1288/1288
f 1288/1288 127/127 1017/1017
f 1288/1288 1017/1017 334/334
f 334/334 1017/1017 676/676
f 334/334 676/676 163/163
f 163/163 676/676 683/683
f 163/163 683/683 977/977
f 977/977 683/683 1049/1049
f 977/977 1049/1049 372/372
f 372/372 1049/1049 1514/1514
f 372/372 1514/1514 1180/1180
f 1180/1180 1514/1514 39/39
f 1180/1180 39/39 78/78
f 39/39 843/843 240/240
f 39/39 240/240 1513/1513
f 1513/1513 240/240 605/605
f 1513/1513 605/605 1050/1050
f 1050/1050 605/605 1446/1446
f 1050/1050 1446/1446 684/684
f 684/684 1446/1446 919/919
f 684/684 919/919 675/675
f 675/675 919/919 1274/1274
f 675/675 1274/1274 1018/1018
f 1018/1018 1274/1274 1444/1444
f 1018/1018 1444/1444 128/128
f 128/128 1444/1444 408/408
f 128/128 408/408 172/172
f 172/172 408/408 934/934
f 172/172 934/934 821/821
f 821/821 934/934 967/967
f 821/821 967/967 1055/1055
f 1055/1055 967/967 1172/1172
f 1055/1055 1172/1172 1323/1323
f 1323/1323 1172/1172 1270/1270
f 1323/1323 1270/1270 1520/1520
f 1520/1520 1270/1270 120/120
f 1520/1520 120/120 467/467
f 467/467 120/120 1022/1022
f 467/467 1022/1022 1427/1427
f 1427/1427 1022/1022 143/143
f 1427/1427 143/143 1482/1482
f 1482/1482 143/143 1361/1361
f 1482/1482 1361/1361 720/720
f 720/720 1361/1361 71/71
f 720/720 71/71 67/67
f 67/67 71/71 359/359
f 67/67 359/359 990/990
f 990/990 359/359 1565/1565
f 990/990 1565/1565 228/228
f 228/228 1565/1565 688/688
f 228/228 688/688 281/281
f 281/281 688/688 1590/1590
f 281/281 1590/1590 1241/1241
f 1241/1241 1590/1590 446/446
f 1241/1241 446/446 186/186
f 186/186 446/446 536/536
f 186/186 536/536 389/389
f 389/389 536/536 741/741
f 389/389 741/741 649/649
f 649/649 741/741 776/776
f 649/649 776/776 887/887
f 887/887 776/776 1302/1302
f 887/887 1302/1302 1544/1544
f 1544/1544 1302/1302 280/280
f 1544/1544 280/280 1582/1582
f 1582/1582 280/280 436/436
f 1582/1582 436/436 690/690
f 690/690 436/436 789/789
f 690/690 789/789 1029/1029
f 1029/1029 789/789 264/264
f 1029/1029 264/264 1024/1024
f 1024/1024 264/264 1103/1103
f 1024/1024 1103/1103 660/660
f 660/660 1103/1103 1470/1470
f 660/660 1470/1470 195/195
f 195/195 1470/1470 870/870
f 195/195 870/870 83/83
f 83/83 870/870 1469/1469
f 83/83 1469/1469 196/196
f 196/196 1469/1469 1104/1104
f 196/196 1104/1104 659/659
f 659/659 1104/1104 263/263
f 659/659 263/263 1023/1023
f 1023/1023 263/263 790/790
f 1023/1023 790/790 1030/1030
f 1030/1030 790/790 435/435
f 1030/1030 435/435 689/689
f 689/689 435/435 279/279
f 689/689 279/279 1581/1581
f 1581/1581 279/279 1301/1301
f 1581/1581 1301/1301 1543/1543
f 1543/1543 1301/1301 775/775
f 1543/1543 775/775 888/888
f 888/888 775/775 742/742
f 888/888 742/742 650/650
f 650/650 742/742 535/535
f 650/650 535/535 390/390
f 390/390 535/535 445/445
f 390/390 445/445 185/185
f 185/185 445/445 1589/1589
f 185/185 1589/1589 1242/1242
f 1242/1242 1589/1589 687/687
f 1242/1242 687/687 282/282
f 282/282 687/687 1566/1566
f 282/282 1566/1566 227/227
f 227/227 1566/1566 360/360
f 227/227 360/360 989/989
f 989/989 360/360 70/70
f 989/989 70/70 64/64
f 64/64 70/70 1362/1362
f 64/64 1362/1362 719/719
f 719/719 1362/1362 144/144
f 719/719 144/144 1481/1481
f 1481/1481 144/144 1021/1021
f 1481/1481 1021/1021 1428/1428
f 1428/1428 1021/1021 119/119
f 1428/1428 119/119 468/468
f 468/468 119/119 1269/1269
f 468/468 1269/1269 1519/1519
f 1519/1519 1269/1269 1171/1171
f 1519/1519 1171/1171 1324/1324
f 1324/1324 1171/1171 968/968
f 1324/1324 968/968 1056/1056
f 1056/1056 968/968 933/933
f 1056/1056 933/933 822/822
f 822/822 933/933 407/407
f 822/822 407/407 171/171
f 171/171 407/407 1443/1443
f 171/171 1443/1443 127/127
f 127/127 1443/1443 1273/1273
f 127/127 1273/1273 1017/1017
f 1017/1017 1273/1273 920/920
f 1017/1017 920/920 676/676
f 676/676 920/920 1445/1445
f 676/676 1445/1445 683/683
f 683/683 1445/1445 606/606
f 683/683 606/606 1049/1049
f 1049/1049 606/606 239/239
f 1049/1049 239/239 1514/1514
f 1514/1514 239/239 843/843
f 1514/1514 843/843 39/39
f 15/15 106/106 882/882
f 15/15 882/882 551/551
f 551/551 882/882 502/502
f 551/551 502/502 291/291
f 291/291 502/502 570/570
f 291/291 570/570 513/513
f 513/513 570/570 1046/1046
f 513/513 1046/1046 1174/1174
f 1174/1174 1046/1046 1310/1310
f 1174/1174 1310/1310 1456/1456
f 1456/1456 1310/1310 266/266
f 1456/1456 266/266 1230/1230
f 1230/1230 266/266 1572/1572
f 1230/1230 1572/1572 630/630
f 630/630 1572/1572 1516/1516
f 630/630 1516/1516 1114/1114
f 1114/1114 1516/1516 940/940
f 1114/1114 940/940 893/893
f 893/893 940/940 1123/1123
f 893/893 1123/1123 958/958
f 958/958 1123/1123 1144/1144
f 958/958 1144/1144 892/892
f 892/892 1144/1144 1002/1002
f 892/892 1002/1002 1256/1256
f 1256/1256 1002/1002 1395/1395
f 1256/1256 1395/1395 525/525
f 525/525 1395/1395 1295/1295
f 525/525 1295/1295 367/367
f 367/367 1295/1295 1058/1058
f 367/367 1058/1058 345/345
f 345/345 1058/1058 88/88
f 345/345 88/88 90/90
f 90/90 88/88 638/638
f 90/90 638/638 1353/1353
f 1353/1353 638/638 409/409
f 1353/1353 409/409 1345/1345
f 1345/1345 409/409 305/305
f 1345/1345 305/305 1187/1187
f 1187/1187 305/305 716/716
f 1187/1187 716/716 460/460
f 460/460 716/716 560/560
f 460/460 560/560 806/806
f 806/806 560/560 593/593
f 806/806 593/593 740/740
f 740/740 593/593 774/774
f 740/740 774/774 803/803
f 803/803 774/774 202/202
f 803/803 202/202 600/600
f 600/600 202/202 146/146
f 600/600 146/146 1084/1084
f 1084/1084 146/146 1434/1434
f 1084/1084 1434/1434 484/484
f 484/484 1434/1434 394/394
f 484/484 394/394 246/246
f 246/246 394/394 668/668
f 246/246 668/668 544/544
f 544/544 668/668 1132/1132
f 544/544 1132/1132 1191/1191
f 1191/1191 1132/1132 1200/1200
f 1191/1191 1200/1200 1425/1425
f 1425/1425 1200/1200 820/820
f 1425/1425 820/820 1153/1153
f 1153/1153 820/820 79/79
f 1153/1153 79/79 58/58
f 58/58 79/79 819/819
f 58/58 819/819 1154/1154
f 1154/1154 819/819 1199/1199
f 1154/1154 1199/1199 1426/1426
f 1426/1426 1199/1199 1131/1131
f 1426/1426 1131/1131 1192/1192
f 1192/1192 1131/1131 667/667
f 1192/1192 667/667 543/543
f 543/543 667/667 393/393
f 543/543 393/393 245/245
f 245/245 393/393 1433/1433
f 245/245 1433/1433 483/483
f 483/483 1433/1433 145/145
f 483/483 145/145 1083/1083
f 1083/1083 145/145 201/201
f 1083/1083 201/201 599/599
f 599/599 201/201 773/773
f 599/599 773/773 804/804
f 804/804 773/773 594/594
f 804/804 594/594 739/739
f 739/739 594/594 559/559
f 739/739 559/559 805/805
f 805/805 559/559 715/715
f 805/805 715/715 459/459
f 459/459 715/715 306/306
f 459/459 306/306 1188/1188
f 1188/1188 306/306 410/410
f 1188/1188 410/410 1346/1346
f 1346/1346 410/410 637/637
f 1346/1346 637/637 1354/1354
f 1354/1354 637/637 93/93
f 1354/1354 93/93 91/91
f 91/91 93/93 1057/1057
f 91/91 1057/1057 346/346
f 346/346 1057/1057 1296/1296
f 346/346 1296/1296 368/368
f 368/368 1296/1296 1396/1396
f 368/368 1396/1396 526/526
f 526/526 1396/1396 1001/1001
f 526/526 1001/1001 1255/1255
f 1255/1255 1001/1001 1143/1143
f 1255/1255 1143/1143 891/891
f 891/891 1143/1143 1124/1124
f 891/891 1124/1124 957/957
f 957/957 1124/1124 939/939
f 957/957 939/939 894/894
f 894/894 939/939 1515/1515
f 894/894 1515/1515 1113/1113
f 1113/1113 1515/1515 1571/1571
f 1113/1113 1571/1571 629/629
f 629/629 1571/1571 265/265
f 629/629 265/265 1229/1229
f 1229/1229 265/265 1309/1309
f 1229/1229 1309/1309 1455/1455
f 1455/1455 1309/1309 1045/1045
f 1455/1455 1045/1045 1173/1173
f 1173/1173 1045/1045 569/569
f 1173/1173 569/569 514/514
f 514/514 569/569 501/501
f 514/514 501/501 292/292
f 292/292 501/501 881/881
f 292/292 881/881 552/552
f 552/552 881/881 106/106
f 552/552 106/106 15/15
f 106/106 103/103 1161/1161
f 106/106 1161/1161 882/882
f 882/882 1161/1161 377/377
f 882/882 377/377 502/502
f 502/502 377/377 960/960
f 502/502 960/960 570/570
f 570/570 960/960 158/158
f 570/570 158/158 1046/1046
f 1046/1046 158/158 335/335
f 1046/1046 335/335 1310/1310
f 1310/1310 335/335 1289/1289
f 1310/1310 1289/1289 266/266
f 266/266 1289/1289 504/504
f 266/266 504/504 1572/1572
f 1572/1572 504/504 1060/1060
f 1572/1572 1060/1060 1516/1516
f 1516/1516 1060/1060 1221/1221
f 1516/1516 1221/1221 940/940
f 940/940 1221/1221 216/216
f 940/940 216/216 1123/1123
f 1123/1123 216/216 755/755
f 1123/1123 755/755 1144/1144
f 1144/1144 755/755 1247/1247
f 1144/1144 1247/1247 1002/1002
f 1002/1002 1247/1247 1480/1480
f 1002/1002 1480/1480 1395/1395
f 1395/1395 1480/1480 317/317
f 1395/1395 317/317 1295/1295
f 1295/1295 317/317 178/178
f 1295/1295 178/178 1058/1058
f 1058/1058 178/178 87/87
f 1058/1058 87/87 88/88
f 88/88 87/87 1536/1536
f 88/88 1536/1536 638/638
f 638/638 1536/1536 1383/1383
f 638/638 1383/1383 409/409
f 409/409 1383/1383 234/234
f 409/409 234/234 305/305
f 305/305 234/234 451/451
f 305/305 451/451 716/716
f 716/716 451/451 945/945
f 716/716 945/945 560/560
f 560/560 945/945 1490/1490
f 560/560 1490/1490 593/593
f 593/593 1490/1490 491/491
f 593/593 491/491 774/774
f 774/774 491/491 636/636
f 774/774 636/636 202/202
f 202/202 636/636 1214/1214
f 202/202 1214/1214 146/146
f 146/146 1214/1214 423/423
f 146/146 423/423 1434/1434
f 1434/1434 423/423 1365/1365
f 1434/1434 1365/1365 394/394
f 394/394 1365/1365 1548/1548
f 394/394 1548/1548 668/668
f 668/668 1548/1548 738/738
f 668/668 738/738 1132/1132
f 1132/1132 738/738 1335/1335
f 1132/1132 1335/1335 1200/1200
f 1200/1200 1335/1335 531/531
f 1200/1200 531/531 820/820
f 820/820 531/531 81/81
f 820/820 81/81 79/79
f 79/79 81/81 532/532
f 79/79 532/532 819/819
f 819/819 532/532 1336/1336
f 819/819 1336/1336 1199/1199
f 1199/1199 1336/1336 737/737
f 1199/1199 737/737 1131/1131
f 1131/1131 737/737 1547/1547
f 1131/1131 1547/1547 667/667
f 667/667 1547/1547 1366/1366
f 667/667 1366/1366 393/393
f 393/393 1366/1366 424/424
f 393/393 424/424 1433/1433
f 1433/1433 424/424 1213/1213
f 1433/1433 1213/1213 145/145
f 145/145 1213/1213 635/635
f 145/145 635/635 201/201
f 201/201 635/635 492/492
f 201/201 492/492 773/773
f 773/773 492/492 1489/1489
f 773/773 1489/1489 594/594
f 594/594 1489/1489 946/946
f 594/594 946/946 559/559
f 559/559 946/946 452/452
f 559/559 452/452 715/715
f 715/715 452/452 233/233
f 715/715 233/233 306/306
f 306/306 233/233 1384/1384
f 306/306 1384/1384 410/410
f 410/410 1384/1384 1535/1535
f 410/410 1535/1535 637/637
f 637/637 1535/1535 94/94
f 637/637 94/94 93/93
f 93/93 94/94 177/177
f 93/93 177/177 1057/1057
f 1057/1057 177/177 318/318
f 1057/1057 318/318 1296/1296
f 1296/1296 318/318 1479/1479
f 1296/1296 1479/1479 1396/1396
f 1396/1396 1479/1479 1248/1248
f 1396/1396 1248/1248 1001/1001
f 1001/1001 1248/1248 756/756
f 1001/1001 756/756 1143/1143
f 1143/1143 756/756 215/215
f 1143/1143 215/215 1124/1124
f 1124/1124 215/215 1222/1222
f 1124/1124 1222/1222 939/939
f 939/939 1222/1222 1059/1059
f 939/939 1059/1059 1515/1515
f 1515/1515 1059/1059 503/503
f 1515/1515 503/503 1571/1571
f 1571/1571 503/503 1290/1290
f 1571/1571 1290/1290 265/265
f 265/265 1290/1290 336/336
f 265/265 336/336 1309/1309
f 1309/1309 336/336 157/157
f 1309/1309 157/157 1045/1045
f 1045/1045 157/157 959/959
f 1045/1045 959/959 569/569
f 569/569 959/959 378/378
f 569/569 378/378 501/501
f 501/501 378/378 1162/1162
f 501/501 1162/1162 881/881
f 881/881 1162/1162 103/103
f 881/881 103/103 106/106
f 103/103 73/73 1501/1501
f 103/103 1501/1501 1161/1161
f 1161/1161 1501/1501 1052/1052
f 1161/1161 1052/1052 377/377
f 377/377 1052/1052 692/692
f 377/377 692/692 960/960
f 960/960 692/692 681/681
f 960/960 681/681 158/158
f 158/158 681/681 1026/1026
f 158/158 1026/1026 335/335
f 335/335 1026/1026 130/130
f 335/335 130/130 1289/1289
f 1289/1289 130/130 166/166
f 1289/1289 166/166 504/504
f 504/504 166/166 825/825
f 504/504 825/825 1060/1060
f 1060/1060 825/825 1061/1061
f 1060/1060 1061/1061 1221/1221
f 1221/1221 1061/1061 1325/1325
f 1221/1221 1325/1325 216/216
f 216/216 1325/1325 1526/1526
f 216/216 1526/1526 755/755
f 755/755 1526/1526 469/469
f 755/755 469/469 1247/1247
f 1247/1247 469/469 1415/1415
f 1247/1247 1415/1415 1480/1480
f 1480/1480 1415/1415 1484/1484
f 1480/1480 1484/1484 317/317
f 317/317 1484/1484 722/722
f 317/317 722/722 178/178
f 178/178 722/722 92/92
f 178/178 92/92 87/87
f 87/87 92/92 984/984
f 87/87 984/984 1536/1536
f 1536/1536 984/984 222/222
f 1536/1536 222/222 1383/1383
f 1383/1383 222/222 285/285
f 1383/1383 285/285 234/234
f 234/234 285/285 1231/1231
f 234/234 1231/1231 451/451
f 451/451 1231/1231 192/192
f 451/451 192/192 945/945
f 945/945 192/192 391/391
f 945/945 391/391 1490/1490
f 1490/1490 391/391 633/633
f 1490/1490 633/633 491/491
f 491/491 633/633 875/875
f 491/491 875/875 636/636
f 636/636 875/875 1538/1538
f 636/636 1538/1538 1214/1214
f 1214/1214 1538/1538 1584/1584
f 1214/1214 1584/1584 423/423
f 423/423 1584/1584 696/696
f 423/423 696/696 1365/1365
f 1365/1365 696/696 1035/1035
f 1365/1365 1035/1035 1548/1548
f 1548/1548 1035/1035 1006/1006
f 1548/1548 1006/1006 738/738
f 738/738 1006/1006 662/662
f 738/738 662/662 1335/1335
f 1335/1335 662/662 199/199
f 1335/1335 199/199 531/531
f 531/531 199/199 111/111
f 531/531 111/111 81/81
f 81/81 111/111 200/200
f 81/81 200/200 532/532
f 532/532 200/200 661/661
f 532/532 661/661 1336/1336
f 1336/1336 661/661 1005/1005
f 1336/1336 1005/1005 737/737
f 737/737 1005/1005 1036/1036
f 737/737 1036/1036 1547/1547
f 1547/1547 1036/1036 695/695
f 1547/1547 695/695 1366/1366
f 1366/1366 695/695 1583/1583
f 1366/1366 1583/1583 424/424
f 424/424 1583/1583 1537/1537
f 424/424 1537/1537 1213/1213
f 1213/1213 1537/1537 876/876
f 1213/1213 876/876 635/635
f 635/635 876/876 634/634
f 635/635 634/634 492/492
f 492/492 634/634 392/392
f 492/492 392/392 1489/1489
f 1489/1489 392/392 191/191
f 1489/1489 191/191 946/946
f 946/946 191/191 1232/1232
f 946/946 1232/1232 452/452
f 452/452 1232/1232 286/286
f 452/452 286/286 233/233
f 233/233 286/286 221/221
f 233/233 221/221 1384/1384
f 1384/1384 221/221 983/983
f 1384/1384 983/983 1535/1535
f 1535/1535 983/983 89/89
f 1535/1535 89/89 94/94
f 94/94 89/89 721/721
f 94/94 721/721 177/177
f 177/177 721/721 1483/1483
f 177/177 1483/1483 318/318
f 318/318 1483/1483 1416/1416
f 318/318 1416/1416 1479/1479
f 1479/1479 1416/1416 470/470
f 1479/1479 470/470 1248/1248
f 1248/1248 470/470 1525/1525
f 1248/1248 1525/1525 756/756
f 756/756 1525/1525 1326/1326
f 756/756 1326/1326 215/215
f 215/215 1326/1326 1062/1062
f 215/215 1062/1062 1222/1222
f 1222/1222 1062/1062 826/826
f 1222/1222 826/826 1059/1059
f 1059/1059 826/826 165/165
f 1059/1059 165/165 503/503
f 503/503 165/165 129/129
f 503/503 129/129 1290/1290
f 1290/1290 129/129 1025/1025
f 1290/1290 1025/1025 336/336
f 336/336 1025/1025 682/682
f 336/336 682/682 157/157
f 157/157 682/682 691/691
f 157/157 691/691 959/959
f 959/959 691/691 1051/1051
f 959/959 1051/1051 378/378
f 378/378 1051/1051 1502/1502
f 378/378 1502/1502 1162/1162
f 1162/1162 1502/1502 73/73
f 1162/1162 73/73 103/103
f 73/73 849/849 242/242
f 73/73 242/242 1501/1501
f 1501/1501 242/242 607/607
f 1501/1501 607/607 1052/1052
f 1052/1052 607/607 1448/1448
f 1052/1052 1448/1448 692/692
f 692/692 1448/1448 925/925
f 692/692 925/925 681/681
f 681/681 925/925 1276/1276
f 681/681 1276/1276 1026/1026
f 1026/1026 1276/1276 1432/1432
f 1026/1026 1432/1432 130/130
f 130/130 1432/1432 402/402
f 130/130 402/402 166/166
f 166/166 402/402 928/928
f 166/166 928/928 825/825
f 825/825 928/928 973/973
f 825/825 973/973 1061/1061
f 1061/1061 973/973 1178/1178
f 1061/1061 1178/1178 1325/1325
f 1325/1325 1178/1178 1264/1264
f 1325/1325 1264/1264 1526/1526
f 1526/1526 1264/1264 122/122
f 1526/1526 122/122 469/469
f 469/469 122/122 1004/1004
f 469/469 1004/1004 1415/1415
f 1415/1415 1004/1004 147/147
f 1415/1415 147/147 1484/1484
f 1484/1484 147/147 1351/1351
f 1484/1484 1351/1351 722/722
f 722/722 1351/1351 96/96
f 722/722 96/96 92/92
f 92/92 96/96 347/347
f 92/92 347/347 984/984
f 984/984 347/347 1569/1569
f 984/984 1569/1569 222/222
f 222/222 1569/1569 694/694
f 222/222 694/694 285/285
f 285/285 694/694 1592/1592
f 285/285 1592/1592 1231/1231
f 1231/1231 1592/1592 440/440
f 1231/1231 440/440 192/192
f 192/192 440/440 542/542
f 192/192 542/542 391/391
f 391/391 542/542 747/747
f 391/391 747/747 633/633
f 633/633 747/747 778/778
f 633/633 778/778 875/875
f 875/875 778/778 1304/1304
f 875/875 1304/1304 1538/1538
f 1538/1538 1304/1304 268/268
f 1538/1538 268/268 1584/1584
f 1584/1584 268/268 438/438
f 1584/1584 438/438 696/696
f 696/696 438/438 795/795
f 696/696 795/795 1035/1035
f 1035/1035 795/795 258/258
f 1035/1035 258/258 1006/1006
f 1006/1006 258/258 1105/1105
f 1006/1006 1105/1105 662/662
f 662/662 1105/1105 1472/1472
f 662/662 1472/1472 199/199
f 199/199 1472/1472 848/848
f 199/199 848/848 111/111
f 111/111 848/848 1471/1471
f 111/111 1471/1471 200/200
f 200/200 1471/1471 1106/1106
f 200/200 1106/1106 661/661
f 661/661 1106/1106 257/257
f 661/661 257/257 1005/1005
f 1005/1005 257/257 796/796
f 1005/1005 796/796 1036/1036
f 1036/1036 796/796 437/437
f 1036/1036 437/437 695/695
f 695/695 437/437 267/267
f 695/695 267/267 1583/1583
f 1583/1583 267/267 1303/1303
f 1583/1583 1303/1303 1537/1537
f 1537/1537 1303/1303 777/777
f 1537/1537 777/777 876/876
f 876/876 777/777 748/748
f 876/876 748/748 634/634
f 634/634 748/748 541/541
f 634/634 541/541 392/392
f 392/392 541/541 439/439
f 392/392 439/439 191/191
f 191/191 439/439 1591/1591
f 191/191 1591/1591 1232/1232
f 1232/1232 1591/1591 693/693
f 1232/1232 693/693 286/286
f 286/286 693/693 1570/1570
f 286/286 1570/1570 221/221
f 221/221 1570/1570 348/348
f 221/221 348/348 983/983
f 983/983 348/348 95/95
f 983/983 95/95 89/89
f 89/89 95/95 1352/1352
f 89/89 1352/1352 721/721
f 721/721 1352/1352 148/148
f 721/721 148/148 1483/1483
f 1483/1483 148/148 1003/1003
f 1483/1483 1003/1003 1416/1416
f 1416/1416 1003/1003 121/121
f 1416/1416 121/121 470/470
f 470/470 121/121 1263/1263
f 470/470 1263/1263 1525/1525
f 1525/1525 1263/1263 1177/1177
f 1525/1525 1177/1177 1326/1326
f 1326/1326 1177/1177 974/974
f 1326/1326 974/974 1062/1062
f 1062/1062 974/974 927/927
f 1062/1062 927/927 826/826
f 826/826 927/927 401/401
f 826/826 401/401 165/165
f 165/165 401/401 1431/1431
f 165/165 1431/1431 129/129
f 129/129 1431/1431 1275/1275
f 129/129 1275/1275 1025/1025
f 1025/1025 1275/1275 926/926
f 1025/1025 926/926 682/682
f 682/682 926/926 1447/1447
f 682/682 1447/1447 691/691
f 691/691 1447/1447 608/608
f 691/691 608/608 1051/1051
f 1051/1051 608/608 241/241
f 1051/1051 241/241 1502/1502
f 1502/1502 241/241 849/849
f 1502/1502 849/849 73/73
f 55/55 29/29 886/886
f 55/55 886/886 553/553
f 553/553 886/886 506/506
f 553/553 506/506 295/295
f 295/295 506/506 572/572
f 295/295 572/572 515/515
f 515/515 572/572 1040/1040
f 515/515 1040/1040 1182/1182
f 1182/1182 1040/1040 1312/1312
f 1182/1182 1312/1312 1462/1462
f 1462/1462 1312/1312 270/270
f 1462/1462 270/270 1224/1224
f 1224/1224 270/270 1560/1560
f 1224/1224 1560/1560 624/624
f 624/624 1560/1560 1504/1504
f 624/624 1504/1504 1108/1108
f 1108/1108 1504/1504 942/942
f 1108/1108 942/942 897/897
f 897/897 942/942 1125/1125
f 897/897 1125/1125 964/964
f 964/964 1125/1125 1146/1146
f 964/964 1146/1146 896/896
f 896/896 1146/1146 992/992
f 896/896 992/992 1262/1262
f 1262/1262 992/992 1397/1397
f 1262/1262 1397/1397 519/519
f 519/519 1397/1397 1297/1297
f 519/519 1297/1297 361/361
f 361/361 1297/1297 1064/1064
f 361/361 1064/1064 349/349
f 349/349 1064/1064 2/2
f 349/349 2/2 4/4
f 4/4 2/2 644/644
f 4/4 644/644 1357/1357
f 1357/1357 644/644 411/411
f 1357/1357 411/411 1347/1347
f 1347/1347 411/411 311/311
f 1347/1347 311/311 1189/1189
f 1189/1189 311/311 718/718
f 1189/1189 718/718 450/450
f 450/450 718/718 562/562
f 450/450 562/562 814/814
f 814/814 562/562 583/583
f 814/814 583/583 746/746
f 746/746 583/583 768/768
f 746/746 768/768 807/807
f 807/807 768/768 206/206
f 807/807 206/206 602/602
f 602/602 206/206 150/150
f 602/602 150/150 1086/1086
f 1086/1086 150/150 1438/1438
f 1086/1086 1438/1438 486/486
f 486/486 1438/1438 396/396
f 486/486 396/396 248/248
f 248/248 396/396 670/670
f 248/248 670/670 528/528
f 528/528 670/670 1134/1134
f 528/528 1134/1134 1193/1193
f 1193/1193 1134/1134 1204/1204
f 1193/1193 1204/1204 1413/1413
f 1413/1413 1204/1204 824/824
f 1413/1413 824/824 1155/1155
f 1155/1155 824/824 104/104
f 1155/1155 104/104 84/84
f 84/84 104/104 823/823
f 84/84 823/823 1156/1156
f 1156/1156 823/823 1203/1203
f 1156/1156 1203/1203 1414/1414
f 1414/1414 1203/1203 1133/1133
f 1414/1414 1133/1133 1194/1194
f 1194/1194 1133/1133 669/669
f 1194/1194 669/669 527/527
f 527/527 669/669 395/395
f 527/527 395/395 247/247
f 247/247 395/395 1437/1437
f 247/247 1437/1437 485/485
f 485/485 1437/1437 149/149
f 485/485 149/149 1085/1085
f 1085/1085 149/149 205/205
f 1085/1085 205/205 601/601
f 601/601 205/205 767/767
f 601/601 767/767 808/808
f 808/808 767/767 584/584
f 808/808 584/584 745/745
f 745/745 584/584 561/561
f 745/745 561/561 813/813
f 813/813 561/561 717/717
f 813/813 717/717 449/449
f 449/449 717/717 312/312
f 449/449 312/312 1190/1190
f 1190/1190 312/312 412/412
f 1190/1190 412/412 1348/1348
f 1348/1348 412/412 643/643
f 1348/1348 643/643 1358/1358
f 1358/1358 643/643 7/7
f 1358/1358 7/7 5/5
f 5/5 7/7 1063/1063
f 5/5 1063/1063 350/350
f 350/350 1063/1063 1298/1298
f 350/350 1298/1298 362/362
f 362/362 1298/1298 1398/1398
f 362/362 1398/1398 520/520
f 520/520 1398/1398 991/991
f 520/520 991/991 1261/1261
f 1261/1261 991/991 1145/1145
f 1261/1261 1145/1145 895/895
f 895/895 1145/1145 1126/1126
f 895/895 1126/1126 963/963
f 963/963 1126/1126 941/941
f 963/963 941/941 898/898
f 898/898 941/941 1503/1503
f 898/898 1503/1503 1107/1107
f 1107/1107 1503/1503 1559/1559
f 1107/1107 1559/1559 623/623
f 623/623 1559/1559 269/269
f 623/623 269/269 1223/1223
f 1223/1223 269/269 1311/1311
f 1223/1223 1311/1311 1461/1461
f 1461/1461 1311/1311 1039/1039
f 1461/1461 1039/1039 1181/1181
f 1181/1181 1039/1039 571/571
f 1181/1181 571/571 516/516
f 516/516 571/571 505/505
f 516/516 505/505 296/296
f 296/296 505/505 885/885
f 296/296 885/885 554/554
f 554/554 885/885 29/29
f 554/554 29/29 55/55
f 29/29 21/21 1169/1169
f 29/29 1169/1169 886/886
f 886/886 1169/1169 379/379
f 886/886 379/379 506/506
f 506/506 379/379 966/966
f 506/506 966/966 572/572
f 572/572 966/966 160/160
f 572/572 160/160 1040/1040
f 1040/1040 160/160 337/337
f 1040/1040 337/337 1312/1312
f 1312/1312 337/337 1291/1291
f 1312/1312 1291/1291 270/270
f 270/270 1291/1291 508/508
f 270/270 508/508 1560/1560
f 1560/1560 508/508 1066/1066
f 1560/1560 1066/1066 1504/1504
f 1504/1504 1066/1066 1215/1215
f 1504/1504 1215/1215 942/942
f 942/942 1215/1215 218/218
f 942/942 218/218 1125/1125
f 1125/1125 218/218 761/761
f 1125/1125 761/761 1146/1146
f 1146/1146 761/761 1253/1253
f 1146/1146 1253/1253 992/992
f 992/992 1253/1253 1474/1474
f 992/992 1474/1474 1397/1397
f 1397/1397 1474/1474 319/319
f 1397/1397 319/319 1297/1297
f 1297/1297 319/319 180/180
f 1297/1297 180/180 1064/1064
f 1064/1064 180/180 1/1
f 1064/1064 1/1 2/2
f 2/2 1/1 1530/1530
f 2/2 1530/1530 644/644
f 644/644 1530/1530 1385/1385
f 644/644 1385/1385 411/411
f 411/411 1385/1385 236/236
f 411/411 236/236 311/311
f 311/311 236/236 457/457
f 311/311 457/457 718/718
f 718/718 457/457 947/947
f 718/718 947/947 562/562
f 562/562 947/947 1496/1496
f 562/562 1496/1496 583/583
f 583/583 1496/1496 493/493
f 583/583 493/493 768/768
f 768/768 493/493 642/642
f 768/768 642/642 206/206
f 206/206 642/642 1202/1202
f 206/206 1202/1202 150/150
f 150/150 1202/1202 417/417
f 150/150 417/417 1438/1438
f 1438/1438 417/417 1371/1371
f 1438/1438 1371/1371 396/396
f 396/396 1371/1371 1550/1550
f 396/396 1550/1550 670/670
f 670/670 1550/1550 744/744
f 670/670 744/744 1134/1134
f 1134/1134 744/744 1329/1329
f 1134/1134 1329/1329 1204/1204
f 1204/1204 1329/1329 539/539
f 1204/1204 539/539 824/824
f 824/824 539/539 105/105
f 824/824 105/105 104/104
f 104/104 105/105 540/540
f 104/104 540/540 823/823
f 823/823 540/540 1330/1330
f 823/823 1330/1330 1203/1203
f 1203/1203 1330/1330 743/743
f 1203/1203 743/743 1133/1133
f 1133/1133 743/743 1549/1549
f 1133/1133 1549/1549 669/669
f 669/669 1549/1549 1372/1372
f 669/669 1372/1372 395/395
f 395/395 1372/1372 418/418
f 395/395 418/418 1437/1437
f 1437/1437 418/418 1201/1201
f 1437/1437 1201/1201 149/149
f 149/149 1201/1201 641/641
f 149/149 641/641 205/205
f 205/205 641/641 494/494
f 205/205 494/494 767/767
f 767/767 494/494 1495/1495
f 767/767 1495/1495 584/584
f 584/584 1495/1495 948/948
f 584/584 948/948 561/561
f 561/561 948/948 458/458
f 561/561 458/458 717/717
f 717/717 458/458 235/235
f 717/717 235/235 312/312
f 312/312 235/235 1386/1386
f 312/312 1386/1386 412/412
f 412/412 1386/1386 1529/1529
f 412/412 1529/1529 643/643
f 643/643 1529/1529 8/8
f 643/643 8/8 7/7
f 7/7 8/8 179/179
f 7/7 179/179 1063/1063
f 1063/1063 179/179 320/320
f 1063/1063 320/320 1298/1298
f 1298/1298 320/320 1473/1473
f 1298/1298 1473/1473 1398/1398
f 1398/1398 1473/1473 1254/1254
f 1398/1398 1254/1254 991/991
f 991/991 1254/1254 762/762
f 991/991 762/762 1145/1145
f 1145/1145 762/762 217/217
f 1145/1145 217/217 1126/1126
f 1126/1126 217/217 1216/1216
f 1126/1126 1216/1216 941/941
f 941/941 1216/1216 1065/1065
f 941/941 1065/1065 1503/1503
f 1503/1503 1065/1065 507/507
f 1503/1503 507/507 1559/1559
f 1559/1559 507/507 1292/1292
f 1559/1559 1292/1292 269/269
f 269/269 1292/1292 338/338
f 269/269 338/338 1311/1311
f 1311/1311 338/338 159/159
f 1311/1311 159/159 1039/1039
f 1039/1039 159/159 965/965
f 1039/1039 965/965 571/571
f 571/571 965/965 380/380
f 571/571 380/380 505/505
f 505/505 380/380 1170/1170
f 505/505 1170/1170 885/885
f 885/885 1170/1170 21/21
f 885/885 21/21 29/29
f 21/21 98/98 1505/1505
f 21/21 1505/1505 1169/1169
f 1169/1169 1505/1505 1054/1054
f 1169/1169 1054/1054 379/379
f 379/379 1054/1054 698/698
f 379/379 698/698 966/966
f 966/966 698/698 671/671
f 966/966 671/671 160/160
f 160/160 671/671 1008/1008
f 160/160 1008/1008 337/337
f 337/337 1008/1008 132/132
f 337/337 132/132 1291/1291
f 1291/1291 132/132 168/168
f 1291/1291 168/168 508/508
f 508/508 168/168 829/829
f 508/508 829/829 1066/1066
f 1066/1066 829/829 1067/1067
f 1066/1066 1067/1067 1215/1215
f 1215/1215 1067/1067 1327/1327
f 1215/1215 1327/1327 218/218
f 218/218 1327/1327 1528/1528
f 218/218 1528/1528 761/761
f 761/761 1528/1528 471/471
f 761/761 471/471 1253/1253
f 1253/1253 471/471 1419/1419
f 1253/1253 1419/1419 1474/1474
f 1474/1474 1419/1419 1486/1486
f 1474/1474 1486/1486 319/319
f 319/319 1486/1486 724/724
f 319/319 724/724 180/180
f 180/180 724/724 6/6
f 180/180 6/6 1/1
f 1/1 6/6 986/986
f 1/1 986/986 1530/1530
f 1530/1530 986/986 224/224
f 1530/1530 224/224 1385/1385
f 1385/1385 224/224 289/289
f 1385/1385 289/289 236/236
f 236/236 289/289 1233/1233
f 236/236 1233/1233 457/457
f 457/457 1233/1233 182/182
f 457/457 182/182 947/947
f 947/947 182/182 385/385
f 947/947 385/385 1496/1496
f 1496/1496 385/385 639/639
f 1496/1496 639/639 493/493
f 493/493 639/639 879/879
f 493/493 879/879 642/642
f 642/642 879/879 1540/1540
f 642/642 1540/1540 1202/1202
f 1202/1202 1540/1540 1578/1578
f 1202/1202 1578/1578 417/417
f 417/417 1578/1578 702/702
f 417/417 702/702 1371/1371
f 1371/1371 702/702 1037/1037
f 1371/1371 1037/1037 1550/1550
f 1550/1550 1037/1037 1012/1012
f 1550/1550 1012/1012 744/744
f 744/744 1012/1012 656/656
f 744/744 656/656 1329/1329
f 1329/1329 656/656 203/203
f 1329/1329 203/203 539/539
f 539/539 203/203 38/38
f 539/539 38/38 105/105
f 105/105 38/38 204/204
f 105/105 204/204 540/540
f 540/540 204/204 655/655
f 540/540 655/655 1330/1330
f 1330/1330 655/655 1011/1011
f 1330/1330 1011/1011 743/743
f 743/743 1011/1011 1038/1038
f 743/743 1038/1038 1549/1549
f 1549/1549 1038/1038 701/701
f 1549/1549 701/701 1372/1372
f 1372/1372 701/701 1577/1577
f 1372/1372 1577/1577 418/418
f 418/418 1577/1577 1539/1539
f 418/418 1539/1539 1201/1201
f 1201/1201 1539/1539 880/880
f 1201/1201 880/880 641/641
f 641/641 880/880 640/640
f 641/641 640/640 494/494
f 494/494 640/640 386/386
f 494/494 386/386 1495/1495
f 1495/1495 386/386 181/181
f 1495/1495 181/181 948/948
f 948/948 181/181 1234/1234
f 948/948 1234/1234 458/458
f 458/458 1234/1234 290/290
f 458/458 290/290 235/235
f 235/235 290/290 223/223
f 235/235 223/223 1386/1386
f 1386/1386 223/223 985/985
f 1386/1386 985/985 1529/1529
f 1529/1529 985/985 3/3
f 1529/1529 3/3 8/8
f 8/8 3/3 723/723
f 8/8 723/723 179/179
f 179/179 723/723 1485/1485
f 179/179 1485/1485 320/320
f 320/320 1485/1485 1420/1420
f 320/320 1420/1420 1473/1473
f 1473/1473 1420/1420 472/472
f 1473/1473 472/472 1254/1254
f 1254/1254 472/472 1527/1527
f 1254/1254 1527/1527 762/762
f 762/762 1527/1527 1328/1328
f 762/762 1328/1328 217/217
f 217/217 1328/1328 1068/1068
f 217/217 1068/1068 1216/1216
f 1216/1216 1068/1068 830/830
f 1216/1216 830/830 1065/1065
f 1065/1065 830/830 167/167
f 1065/1065 167/167 507/507
f 507/507 167/167 131/131
f 507/507 131/131 1292/1292
f 1292/1292 131/131 1007/1007
f 1292/1292 1007/1007 338/338
f 338/338 1007/1007 672/672
f 338/338 672/672 159/159
f 159/159 672/672 697/697
f 159/159 697/697 965/965
f 965/965 697/697 1053/1053
f 965/965 1053/1053 380/380
f 380/380 1053/1053 1506/1506
f 380/380 1506/1506 1170/1170
f 1170/1170 1506/1506 98/98
f 1170/1170 98/98 21/21
f 98/98 859/859 244/244
f 98/98 244/244 1505/1505
f 1505/1505 244/244 609/609
f 1505/1505 609/609 1054/1054
f 1054/1054 609/609 1450/1450
f 1054/1054 1450/1450 698/698
f 698/698 1450/1450 911/911
f 698/698 911/911 671/671
f 671/671 911/911 1278/1278
f 671/671 1278/1278 1008/1008
f 1008/1008 1278/1278 1436/1436
f 1008/1008 1436/1436 132/132
f 132/132 1436/1436 404/404
f 132/132 404/404 168/168
f 168/168 404/404 930/930
f 168/168 930/930 829/829
f 829/829 930/930 955/955
f 829/829 955/955 1067/1067
f 1067/1067 955/955 1160/1160
f 1067/1067 1160/1160 1327/1327
f 1327/1327 1160/1160 1266/1266
f 1327/1327 1266/1266 1528/1528
f 1528/1528 1266/1266 124/124
f 1528/1528 124/124 471/471
f 471/471 124/124 1010/1010
f 471/471 1010/1010 1419/1419
f 1419/1419 1010/1010 151/151
f 1419/1419 151/151 1486/1486
f 1486/1486 151/151 1355/1355
f 1486/1486 1355/1355 724/724
f 724/724 1355/1355 10/10
f 724/724 10/10 6/6
f 6/6 10/10 351/351
f 6/6 351/351 986/986
f 986/986 351/351 1557/1557
f 986/986 1557/1557 224/224
f 224/224 1557/1557 700/700
f 224/224 700/700 289/289
f 289/289 700/700 1586/1586
f 289/289 1586/1586 1233/1233
f 1233/1233 1586/1586 442/442
f 1233/1233 442/442 182/182
f 182/182 442/442 548/548
f 182/182 548/548 385/385
f 385/385 548/548 753/753
f 385/385 753/753 639/639
f 639/639 753/753 780/780
f 639/639 780/780 879/879
f 879/879 780/780 1306/1306
f 879/879 1306/1306 1540/1540
f 1540/1540 1306/1306 272/272
f 1540/1540 272/272 1578/1578
f 1578/1578 272/272 432/432
f 1578/1578 432/432 702/702
f 702/702 432/432 797/797
f 702/702 797/797 1037/1037
f 1037/1037 797/797 260/260
f 1037/1037 260/260 1012/1012
f 1012/1012 260/260 1099/1099
f 1012/1012 1099/1099 656/656
f 656/656 1099/1099 1466/1466
f 656/656 1466/1466 203/203
f 203/203 1466/1466 858/858
f 203/203 858/858 38/38
f 38/38 858/858 1465/1465
f 38/38 1465/1465 204/204
f 204/204 1465/1465 1100/1100
f 204/204 1100/1100 655/655
f 655/655 1100/1100 259/259
f 655/655 259/259 1011/1011
f 1011/1011 259/259 798/798
f 1011/1011 798/798 1038/1038
f 1038/1038 798/798 431/431
f 1038/1038 431/431 701/701
f 701/701 431/431 271/271
f 701/701 271/271 1577/1577
f 1577/1577 271/271 1305/1305
f 1577/1577 1305/1305 1539/1539
f 1539/1539 1305/1305 779/779
f 1539/1539 779/779 880/880
f 880/880 779/779 754/754
f 880/880 754/754 640/640
f 640/640 754/754 547/547
f 640/640 547/547 386/386
f 386/386 547/547 441/441
f 386/386 441/441 181/181
f 181/181 441/441 1585/1585
f 181/181 1585/1585 1234/1234
f 1234/1234 1585/1585 699/699
f 1234/1234 699/699 290/290
f 290/290 699/699 1558/1558
f 290/290 1558/1558 223/223
f 223/223 1558/1558 352/352
f 223/223 352/352 985/985
f 985/985 352/352 9/9
f 985/985 9/9 3/3
f 3/3 9/9 1356/1356
f 3/3 1356/1356 723/723
f 723/723 1356/1356 152/152
f 723/723 152/152 1485/1485
f 1485/1485 152/152 1009/1009
f 1485/1485 1009/1009 1420/1420
f 1420/1420 1009/1009 123/123
f 1420/1420 123/123 472/472
f 472/472 123/123 1265/1265
f 472/472 1265/1265 1527/1527
f 1527/1527 1265/1265 1159/1159
f 1527/1527 1159/1159 1328/1328
f 1328/1328 1159/1159 956/956
f 1328/1328 956/956 1068/1068
f 1068/1068 956/956 929/929
f 1068/1068 929/929 830/830
f 830/830 929/929 403/403
f 830/830 403/403 167/167
f 167/167 403/403 1435/1435
f 167/167 1435/1435 131/131
f 131/131 1435/1435 1277/1277
f 131/131 1277/1277 1007/1007
f 1007/1007 1277/1277 912/912
f 1007/1007 912/912 672/672
f 672/672 912/912 1449/1449
f 672/672 1449/1449 697/697
f 697/697 1449/1449 610/610
f 697/697 610/610 1053/1053
f 1053/1053 610/610 243/243
f 1053/1053 243/243 1506/1506
f 1506/1506 243/243 859/859
f 1506/1506 859/859 98/98
f 80/80 61/61 890/890
f 80/80 890/890 555/555
f 555/555 890/890 510/510
f 555/555 510/510 283/283
f 283/283 510/510 578/578
f 283/283 578/578 517/517
f 517/517 578/578 1042/1042
f 517/517 1042/1042 1164/1164
f 1164/1164 1042/1042 1314/1314
f 1164/1164 1314/1314 1464/1464
f 1464/1464 1314/1314 274/274
f 1464/1464 274/274 1226/1226
f 1226/1226 274/274 1564/1564
f 1226/1226 1564/1564 626/626
f 626/626 1564/1564 1508/1508
f 626/626 1508/1508 1110/1110
f 1110/1110 1508/1508 936/936
f 1110/1110 936/936 901/901
f 901/901 936/936 1115/1115
f 901/901 1115/1115 970/970
f 970/970 1115/1115 1148/1148
f 970/970 1148/1148 900/900
f 900/900 1148/1148 998/998
f 900/900 998/998 1250/1250
f 1250/1250 998/998 1399/1399
f 1250/1250 1399/1399 521/521
f 521/521 1399/1399 1299/1299
f 521/521 1299/1299 363/363
f 363/363 1299/1299 1070/1070
f 363/363 1070/1070 353/353
f 353/353 1070/1070 41/41
f 353/353 41/41 43/43
f 43/43 41/41 652/652
f 43/43 652/652 1363/1363
f 1363/1363 652/652 413/413
f 1363/1363 413/413 1341/1341
f 1341/1341 413/413 313/313
f 1341/1341 313/313 1183/1183
f 1183/1183 313/313 712/712
f 1183/1183 712/712 454/454
f 454/454 712/712 564/564
f 454/454 564/564 818/818
f 818/818 564/564 585/585
f 818/818 585/585 752/752
f 752/752 585/585 770/770
f 752/752 770/770 815/815
f 815/815 770/770 194/194
f 815/815 194/194 596/596
f 596/596 194/194 138/138
f 596/596 138/138 1080/1080
f 1080/1080 138/138 1442/1442
f 1080/1080 1442/1442 480/480
f 480/480 1442/1442 398/398
f 480/480 398/398 254/254
f 254/254 398/398 664/664
f 254/254 664/664 534/534
f 534/534 664/664 1140/1140
f 534/534 1140/1140 1195/1195
f 1195/1195 1140/1140 1210/1210
f 1195/1195 1210/1210 1417/1417
f 1417/1417 1210/1210 828/828
f 1417/1417 828/828 1157/1157
f 1157/1157 828/828 22/22
f 1157/1157 22/22 112/112
f 112/112 22/22 827/827
f 112/112 827/827 1158/1158
f 1158/1158 827/827 1209/1209
f 1158/1158 1209/1209 1418/1418
f 1418/1418 1209/1209 1139/1139
f 1418/1418 1139/1139 1196/1196
f 1196/1196 1139/1139 663/663
f 1196/1196 663/663 533/533
f 533/533 663/663 397/397
f 533/533 397/397 253/253
f 253/253 397/397 1441/1441
f 253/253 1441/1441 479/479
f 479/479 1441/1441 137/137
f 479/479 137/137 1079/1079
f 1079/1079 137/137 193/193
f 1079/1079 193/193 595/595
f 595/595 193/193 769/769
f 595/595 769/769 816/816
f 816/816 769/769 586/586
f 816/816 586/586 751/751
f 751/751 586/586 563/563
f 751/751 563/563 817/817
f 817/817 563/563 711/711
f 817/817 711/711 453/453
f 453/453 711/711 314/314
f 453/453 314/314 1184/1184
f 1184/1184 314/314 414/414
f 1184/1184 414/414 1342/1342
f 1342/1342 414/414 651/651
f 1342/1342 651/651 1364/1364
f 1364/1364 651/651 46/46
f 1364/1364 46/46 44/44
f 44/44 46/46 1069/1069
f 44/44 1069/1069 354/354
f 354/354 1069/1069 1300/1300
f 354/354 1300/1300 364/364
f 364/364 1300/1300 1400/1400
f 364/364 1400/1400 522/522
f 522/522 1400/1400 997/997
f 522/522 997/997 1249/1249
f 1249/1249 997/997 1147/1147
f 1249/1249 1147/1147 899/899
f 899/899 1147/1147 1116/1116
f 899/899 1116/1116 969/969
f 969/969 1116/1116 935/935
f 969/969 935/935 902/902
f 902/902 935/935 1507/1507
f 902/902 1507/1507 1109/1109
f 1109/1109 1507/1507 1563/1563
f 1109/1109 1563/1563 625/625
f 625/625 1563/1563 273/273
f 625/625 273/273 1225/1225
f 1225/1225 273/273 1313/1313
f 1225/1225 1313/1313 1463/1463
f 1463/1463 1313/1313 1041/1041
f 1463/1463 1041/1041 1163/1163
f 1163/1163 1041/1041 577/577
f 1163/1163 577/577 518/518
f 518/518 577/577 509/509
f 518/518 509/509 284/284
f 284/284 509/509 889/889
f 284/284 889/889 556/556
f 556/556 889/889 61/61
f 556/556 61/61 80/80
f 61/61 57/57 1175/1175
f 61/61 1175/1175 890/890
f 890/890 1175/1175 369/369
f 890/890 369/369 510/510
f 510/510 369/369 972/972
f 510/510 972/972 578/578
f 578/578 972/972 162/162
f 578/578 162/162 1042/1042
f 1042/1042 162/162 343/343
f 1042/1042 343/343 1314/1314
f 1314/1314 343/343 1285/1285
f 1314/1314 1285/1285 274/274
f 274/274 1285/1285 498/498
f 274/274 498/498 1564/1564
f 1564/1564 498/498 1072/1072
f 1564/1564 1072/1072 1508/1508
f 1508/1508 1072/1072 1217/1217
f 1508/1508 1217/1217 936/936
f 936/936 1217/1217 220/220
f 936/936 220/220 1115/1115
f 1115/1115 220/220 763/763
f 1115/1115 763/763 1148/1148
f 1148/1148 763/763 1257/1257
f 1148/1148 1257/1257 998/998
f 998/998 1257/1257 1476/1476
f 998/998 1476/1476 1399/1399
f 1399/1399 1476/1476 325/325
f 1399/1399 325/325 1299/1299
f 1299/1299 325/325 174/174
f 1299/1299 174/174 1070/1070
f 1070/1070 174/174 40/40
f 1070/1070 40/40 41/41
f 41/41 40/40 1532/1532
f 41/41 1532/1532 652/652
f 652/652 1532/1532 1387/1387
f 652/652 1387/1387 413/413
f 413/413 1387/1387 230/230
f 413/413 230/230 313/313
f 313/313 230/230 461/461
f 313/313 461/461 712/712
f 712/712 461/461 953/953
f 712/712 953/953 564/564
f 564/564 953/953 1498/1498
f 564/564 1498/1498 585/585
f 585/585 1498/1498 487/487
f 585/585 487/487 770/770
f 770/770 487/487 648/648
f 770/770 648/648 194/194
f 194/194 648/648 1206/1206
f 194/194 1206/1206 138/138
f 138/138 1206/1206 419/419
f 138/138 419/419 1442/1442
f 1442/1442 419/419 1373/1373
f 1442/1442 1373/1373 398/398
f 398/398 1373/1373 1552/1552
f 398/398 1552/1552 664/664
f 664/664 1552/1552 750/750
f 664/664 750/750 1140/1140
f 1140/1140 750/750 1331/1331
f 1140/1140 1331/1331 1210/1210
f 1210/1210 1331/1331 545/545
f 1210/1210 545/545 828/828
f 828/828 545/545 28/28
f 828/828 28/28 22/22
f 22/22 28/28 546/546
f 22/22 546/546 827/827
f 827/827 546/546 1332/1332
f 827/827 1332/1332 1209/1209
f 1209/1209 1332/1332 749/749
f 1209/1209 749/749 1139/1139
f 1139/1139 749/749 1551/1551
f 1139/1139 1551/1551 663/663
f 663/663 1551/1551 1374/1374
f 663/663 1374/1374 397/397
f 397/397 1374/1374 420/420
f 397/397 420/420 1441/1441
f 1441/1441 420/420 1205/1205
f 1441/1441 1205/1205 137/137
f 137/137 1205/1205 647/647
f 137/137 647/647 193/193
f 193/193 647/647 488/488
f 193/193 488/488 769/769
f 769/769 488/488 1497/1497
f 769/769 1497/1497 586/586
f 586/586 1497/1497 954/954
f 586/586 954/954 563/563
f 563/563 954/954 462/462
f 563/563 462/462 711/711
f 711/711 462/462 229/229
f 711/711 229/229 314/314
f 314/314 229/229 1388/1388
f 314/314 1388/1388 414/414
f 414/414 1388/1388 1531/1531
f 414/414 1531/1531 651/651
f 651/651 1531/1531 47/47
f 651/651 47/47 46/46
f 46/46 47/47 173/173
f 46/46 173/173 1069/1069
f 1069/1069 173/173 326/326
f 1069/1069 326/326 1300/1300
f 1300/1300 326/326 1475/1475
f 1300/1300 1475/1475 1400/1400
f 1400/1400 1475/1475 1258/1258
f 1400/1400 1258/1258 997/997
f 997/997 1258/1258 764/764
f 997/997 764/764 1147/1147
f 1147/1147 764/764 219/219
f 1147/1147 219/219 1116/1116
f 1116/1116 219/219 1218/1218
f 1116/1116 1218/1218 935/935
f 935/935 1218/1218 1071/1071
f 935/935 1071/1071 1507/1507
f 1507/1507 1071/1071 497/497
f 1507/1507 497/497 1563/1563
f 1563/1563 497/497 1286/1286
f 1563/1563 1286/1286 273/273
f 273/273 1286/1286 344/344
f 273/273 344/344 1313/1313
f 1313/1313 344/344 161/161
f 1313/1313 161/161 1041/1041
f 1041/1041 161/161 971/971
f 1041/1041 971/971 577/577
f 577/577 971/971 370/370
f 577/577 370/370 509/509
f 509/509 370/370 1176/1176
f 509/509 1176/1176 889/889
f 889/889 1176/1176 57/57
f 889/889 57/57 61/61
f 57/57 20/20 1509/1509
f 57/57 1509/1509 1175/1175
f 1175/1175 1509/1509 1048/1048
f 1175/1175 1048/1048 369/369
f 369/369 1048/1048 704/704
f 369/369 704/704 972/972
f 972/972 704/704 673/673
f 972/972 673/673 162/162
f 162/162 673/673 1014/1014
f 162/162 1014/1014 343/343
f 343/343 1014/1014 126/126
f 343/343 126/126 1285/1285
f 1285/1285 126/126 170/170
f 1285/1285 170/170 498/498
f 498/498 170/170 833/833
f 498/498 833/833 1072/1072
f 1072/1072 833/833 1075/1075
f 1072/1072 1075/1075 1217/1217
f 1217/1217 1075/1075 1317/1317
f 1217/1217 1317/1317 220/220
f 220/220 1317/1317 1518/1518
f 220/220 1518/1518 763/763
f 763/763 1518/1518 473/473
f 763/763 473/473 1257/1257
f 1257/1257 473/473 1423/1423
f 1257/1257 1423/1423 1476/1476
f 1476/1476 1423/1423 1488/1488
f 1476/1476 1488/1488 325/325
f 325/325 1488/1488 726/726
f 325/325 726/726 174/174
f 174/174 726/726 45/45
f 174/174 45/45 40/40
f 40/40 45/45 988/988
f 40/40 988/988 1532/1532
f 1532/1532 988/988 226/226
f 1532/1532 226/226 1387/1387
f 1387/1387 226/226 293/293
f 1387/1387 293/293 230/230
f 230/230 293/293 1239/1239
f 230/230 1239/1239 461/461
f 461/461 1239/1239 184/184
f 461/461 184/184 953/953
f 953/953 184/184 387/387
f 953/953 387/387 1498/1498
f 1498/1498 387/387 645/645
f 1498/1498 645/645 487/487
f 487/487 645/645 883/883
f 487/487 883/883 648/648
f 648/648 883/883 1542/1542
f 648/648 1542/1542 1206/1206
f 1206/1206 1542/1542 1580/1580
f 1206/1206 1580/1580 419/419
f 419/419 1580/1580 686/686
f 419/419 686/686 1373/1373
f 1373/1373 686/686 1027/1027
f 1373/1373 1027/1027 1552/1552
f 1552/1552 1027/1027 1020/1020
f 1552/1552 1020/1020 750/750
f 750/750 1020/1020 658/658
f 750/750 658/658 1331/1331
f 1331/1331 658/658 207/207
f 1331/1331 207/207 545/545
f 545/545 207/207 72/72
f 545/545 72/72 28/28
f 28/28 72/72 208/208
f 28/28 208/208 546/546
f 546/546 208/208 657/657
f 546/546 657/657 1332/1332
f 1332/1332 657/657 1019/1019
f 1332/1332 1019/1019 749/749
f 749/749 1019/1019 1028/1028
f 749/749 1028/1028 1551/1551
f 1551/1551 1028/1028 685/685
f 1551/1551 685/685 1374/1374
f 1374/1374 685/685 1579/1579
f 1374/1374 1579/1579 420/420
f 420/420 1579/1579 1541/1541
f 420/420 1541/1541 1205/1205
f 1205/1205 1541/1541 884/884
f 1205/1205 884/884 647/647
f 647/647 884/884 646/646
f 647/647 646/646 488/488
f 488/488 646/646 388/388
f 488/488 388/388 1497/1497
f 1497/1497 388/388 183/183
f 1497/1497 183/183 954/954
f 954/954 183/183 1240/1240
f 954/954 1240/1240 462/462
f 462/462 1240/1240 294/294
f 462/462 294/294 229/229
f 229/229 294/294 225/225
f 229/229 225/225 1388/1388
f 1388/1388 225/225 987/987
f 1388/1388 987/987 1531/1531
f 1531/1531 987/987 42/42
f 1531/1531 42/42 47/47
f 47/47 42/42 725/725
f 47/47 725/725 173/173
f 173/173 725/725 1487/1487
f 173/173 1487/1487 326/326
f 326/326 1487/1487 1424/1424
f 326/326 1424/1424 1475/1475
f 1475/1475 1424/1424 474/474
f 1475/1475 474/474 1258/1258
f 1258/1258 474/474 1517/1517
f 1258/1258 1517/1517 764/764
f 764/764 1517/1517 1318/1318
f 764/764 1318/1318 219/219
f 219/219 1318/1318 1076/1076
f 219/219 1076/1076 1218/1218
f 1218/1218 1076/1076 834/834
f 1218/1218 834/834 1071/1071
f 1071/1071 834/834 169/169
f 1071/1071 169/169 497/497
f 497/497 169/169 125/125
f 497/497 125/125 1286/1286
f 1286/1286 125/125 1013/1013
f 1286/1286 1013/1013 344/344
f 344/344 1013/1013 674/674
f 344/344 674/674 161/161
f 161/161 674/674 703/703
f 161/161 703/703 971/971
f 971/971 703/703 1047/1047
f 971/971 1047/1047 370/370
f 370/370 1047/1047 1510/1510
f 370/370 1510/1510 1176/1176
f 1176/1176 1510/1510 20/20
f 1176/1176 20/20 57/57
f 20/20 869/869 238/238
f 20/20 238/238 1509/1509
f 1509/1509 238/238 603/603
f 1509/1509 603/603 1048/1048
f 1048/1048 603/603 1452/1452
f 1048/1048 1452/1452 704/704
f 704/704 1452/1452 917/917
f 704/704 917/917 673/673
f 673/673 917/917 1272/1272
f 673/673 1272/1272 1014/1014
f 1014/1014 1272/1272 1440/1440
f 1014/1014 1440/1440 126/126
f 126/126 1440/1440 406/406
f 126/126 406/406 170/170
f 170/170 406/406 932/932
f 170/170 932/932 833/833
f 833/833 932/932 961/961
f 833/833 961/961 1075/1075
f 1075/1075 961/961 1166/1166
f 1075/1075 1166/1166 1317/1317
f 1317/1317 1166/1166 1268/1268
f 1317/1317 1268/1268 1518/1518
f 1518/1518 1268/1268 118/118
f 1518/1518 118/118 473/473
f 473/473 118/118 1016/1016
f 473/473 1016/1016 1423/1423
f 1423/1423 1016/1016 139/139
f 1423/1423 139/139 1488/1488
f 1488/1488 139/139 1359/1359
f 1488/1488 1359/1359 726/726
f 726/726 1359/1359 51/51
f 726/726 51/51 45/45
f 45/45 51/51 357/357
f 45/45 357/357 988/988
f 988/988 357/357 1561/1561
f 988/988 1561/1561 226/226
f 226/226 1561/1561 706/706
f 226/226 706/706 293/293
f 293/293 706/706 1588/1588
f 293/293 1588/1588 1239/1239
f 1239/1239 1588/1588 444/444
f 1239/1239 444/444 184/184
f 184/184 444/444 530/530
f 184/184 530/530 387/387
f 387/387 530/530 735/735
f 387/387 735/735 645/645
f 645/645 735/735 782/782
f 645/645 782/782 883/883
f 883/883 782/782 1308/1308
f 883/883 1308/1308 1542/1542
f 1542/1542 1308/1308 276/276
f 1542/1542 276/276 1580/1580
f 1580/1580 276/276 434/434
f 1580/1580 434/434 686/686
f 686/686 434/434 787/787
f 686/686 787/787 1027/1027
f 1027/1027 787/787 262/262
f 1027/1027 262/262 1020/1020
f 1020/1020 262/262 1101/1101
f 1020/1020 1101/1101 658/658
f 658/658 1101/1101 1468/1468
f 658/658 1468/1468 207/207
f 207/207 1468/1468 864/864
f 207/207 864/864 72/72
f 72/72 864/864 1467/1467
f 72/72 1467/1467 208/208
f 208/208 1467/1467 1102/1102
f 208/208 1102/1102 657/657
f 657/657 1102/1102 261/261
f 657/657 261/261 1019/1019
f 1019/1019 261/261 788/788
f 1019/1019 788/788 1028/1028
f 1028/1028 788/788 433/433
f 1028/1028 433/433 685/685
f 685/685 433/433 275/275
f 685/685 275/275 1579/1579
f 1579/1579 275/275 1307/1307
f 1579/1579 1307/1307 1541/1541
f 1541/1541 1307/1307 781/781
f 1541/1541 781/781 884/884
f 884/884 781/781 736/736
f 884/884 736/736 646/646
f 646/646 736/736 529/529
f 646/646 529/529 388/388
f 388/388 529/529 443/443
f 388/388 443/443 183/183
f 183/183 443/443 1587/1587
f 183/183 1587/1587 1240/1240
f 1240/1240 1587/1587 705/705
f 1240/1240 705/705 294/294
f 294/294 705/705 1562/1562
f 294/294 1562/1562 225/225
f 225/225 1562/1562 358/358
f 225/225 358/358 987/987
f 987/987 358/358 50/50
f 987/987 50/50 42/42
f 42/42 50/50 1360/1360
f 42/42 1360/1360 725/725
f 725/725 1360/1360 140/140
f 725/725 140/140 1487/1487
f 1487/1487 140/140 1015/1015
f 1487/1487 1015/1015 1424/1424
f 1424/1424 1015/1015 117/117
f 1424/1424 117/117 474/474
f 474/474 117/117 1267/1267
f 474/474 1267/1267 1517/1517
f 1517/1517 1267/1267 1165/1165
f 1517/1517 1165/1165 1318/1318
f 1318/1318 1165/1165 962/962
f 1318/1318 962/962 1076/1076
f 1076/1076 962/962 931/931
f 1076/1076 931/931 834/834
f 834/834 931/931 405/405
f 834/834 405/405 169/169
f 169/169 405/405 1439/1439
f 169/169 1439/1439 125/125
f 125/125 1439/1439 1271/1271
f 125/125 1271/1271 1013/1013
f 1013/1013 1271/1271 918/918
f 1013/1013 918/918 674/674
f 674/674 918/918 1451/1451
f 674/674 1451/1451 703/703
f 703/703 1451/1451 604/604
f 703/703 604/604 1047/1047
f 1047/1047 604/604 237/237
f 1047/1047 237/237 1510/1510
f 1510/1510 237/237 869/869
f 1510/1510 869/869 20/20
f 59/59 60/60 136/136
f 59/59 136/136 135/135
f 135/135 136/136 426/426
f 135/135 426/426 425/425
f 425/425 426/426 1378/1378
f 425/425 1378/1378 1377/1377
f 1377/1377 1378/1378 760/760
f 1377/1377 760/760 759/759
f 759/759 760/760 836/836
f 759/759 836/836 835/835
f 835/835 836/836 1370/1370
f 835/835 1370/1370 1369/1369
f 1369/1369 1370/1370 384/384
f 1369/1369 384/384 383/383
f 383/383 384/384 1034/1034
f 383/383 1034/1034 1033/1033
f 1033/1033 1034/1034 1458/1458
f 1033/1033 1458/1458 1457/1457
f 1457/1457 1458/1458 1098/1098
f 1457/1457 1098/1098 1097/1097
f 1097/1097 1098/1098 580/580
f 1097/1097 580/580 579/579
f 579/579 580/580 1244/1244
f 579/579 1244/1244 1243/1243
f 1243/1243 1244/1244 794/794
f 1243/1243 794/794 793/793
f 793/793 794/794 298/298
f 793/793 298/298 297/297
f 297/297 298/298 1554/1554
f 297/297 1554/1554 1553/1553
f 1553/1553 1554/1554 75/75
f 1553/1553 75/75 74/74
f 74/74 75/75 154/154
f 74/74 154/154 153/153
f 153/153 154/154 1410/1410
f 153/153 1410/1410 1409/1409
f 1409/1409 1410/1410 924/924
f 1409/1409 924/924 923/923
f 923/923 924/924 464/464
f 923/923 464/464 463/463
f 463/463 464/464 1128/1128
f 463/463 1128/1128 1127/1127
f 1127/1127 1128/1128 614/614
f 1127/1127 614/614 613/613
f 613/613 614/614 250/250
f 613/613 250/250 249/249
f 249/249 250/250 680/680
f 249/249 680/680 679/679
f 679/679 680/680 1322/1322
f 679/679 1322/1322 1321/1321
f 1321/1321 1322/1322 342/342
f 1321/1321 342/342 341/341
f 341/341 342/342 872/872
f 341/341 872/872 871/871
f 871/871 872/872 952/952
f 871/871 952/952 951/951
f 951/951 952/952 330/330
f 951/951 330/330 329/329
f 329/329 330/330 1282/1282
f 329/329 1282/1282 1281/1281
f 1281/1281 1282/1282 1576/1576
f 1281/1281 1576/1576 1575/1575
f 1575/1575 1576/1576 86/86
f 1575/1575 86/86 85/85
f 85/85 86/86 1574/1574
f 85/85 1574/1574 1573/1573
f 1573/1573 1574/1574 1284/1284
f 1573/1573 1284/1284 1283/1283
f 1283/1283 1284/1284 332/332
f 1283/1283 332/332 331/331
f 331/331 332/332 950/950
f 331/331 950/950 949/949
f 949/949 950/950 874/874
f 949/949 874/874 873/873
f 873/873 874/874 340/340
f 873/873 340/340 339/339
f 339/339 340/340 1320/1320
f 339/339 1320/1320 1319/1319
f 1319/1319 1320/1320 678/678
f 1319/1319 678/678 677/677
f 677/677 678/678 252/252
f 677/677 252/252 251/251
f 251/251 252/252 612/612
f 251/251 612/612 611/611
f 611/611 612/612 1130/1130
f 611/611 1130/1130 1129/1129
f 1129/1129 1130/1130 466/466
f 1129/1129 466/466 465/465
f 465/465 466/466 922/922
f 465/465 922/922 921/921
f 921/921 922/922 1412/1412
f 921/921 1412/1412 1411/1411
f 1411/1411 1412/1412 156/156
f 1411/1411 156/156 155/155
f 155/155 156/156 77/77
f 155/155 77/77 76/76
f 76/76 77/77 1556/1556
f 76/76 1556/1556 1555/1555
f 1555/1555 1556/1556 300/300
f 1555/1555 300/300 299/299
f 299/299 300/300 792/792
f 299/299 792/792 791/791
f 791/791 792/792 1246/1246
f 791/791 1246/1246 1245/1245
f 1245/1245 1246/1246 582/582
f 1245/1245 582/582 581/581
f 581/581 582/582 1096/1096
f 581/581 1096/1096 1095/1095
f 1095/1095 1096/1096 1460/1460
f 1095/1095 1460/1460 1459/1459
f 1459/1459 1460/1460 1032/1032
f 1459/1459 1032/1032 1031/1031
f 1031/1031 1032/1032 382/382
f 1031/1031 382/382 381/381
f 381/381 382/382 1368/1368
f 381/381 1368/1368 1367/1367
f 1367/1367 1368/1368 838/838
f 1367/1367 838/838 837/837
f 837/837 838/838 758/758
f 837/837 758/758 757/757
f 757/757 758/758 1380/1380
f 757/757 1380/1380 1379/1379
f 1379/1379 1380/1380 428/428
f 1379/1379 428/428 427/427
f 427/427 428/428 134/134
f 427/427 134/134 133/133
f 133/133 134/134 60/60
f 133/133 60/60 59/59
f 1279/1279 1280/1280 1408/1408
f 1279/1279 1408/1408 1407/1407
f 1407/1407 1408/1408 478/478
f 1407/1407 478/478 477/477
f 477/477 478/478 996/996
f 477/477 996/996 995/995
f 995/995 996/996 1522/1522
f 995/995 1522/1522 1521/1521
f 1521/1521 1522/1522 810/810
f 1521/1521 810/810 809/809
f 809/809 810/810 324/324
f 809/809 324/324 323/323
f 323/323 324/324 574/574
f 323/323 574/574 573/573
f 573/573 574/574 1494/1494
f 573/573 1494/1494 1493/1493
f 1493/1493 1494/1494 620/620
f 1493/1493 620/620 619/619
f 619/619 620/620 1120/1120
f 619/619 1120/1120 1119/1119
f 1119/1119 1120/1120 616/616
f 1119/1119 616/616 615/615
f 615/615 616/616 730/730
f 615/615 730/730 729/729
f 729/729 730/730 1404/1404
f 729/729 1404/1404 1403/1403
f 1403/1403 1404/1404 1338/1338
f 1403/1403 1338/1338 1337/1337
f 1337/1337 1338/1338 916/916
f 1337/1337 916/916 915/915
f 915/915 916/916 37/37
f 915/915 37/37 36/36
f 36/36 37/37 786/786
f 36/36 786/786 785/785
f 785/785 786/786 374/374
f 785/785 374/374 373/373
f 373/373 374/374 310/310
f 373/373 310/310 309/309
f 309/309 310/310 982/982
f 309/309 982/982 981/981
f 981/981 982/982 1092/1092
f 981/981 1092/1092 1091/1091
f 1091/1091 1092/1092 590/590
f 1091/1091 590/590 589/589
f 589/589 590/590 1088/1088
f 589/589 1088/1088 1087/1087
f 1087/1087 1088/1088 214/214
f 1087/1087 214/214 213/213
f 213/213 214/214 1136/1136
f 213/213 1136/1136 1135/1135
f 1135/1135 1136/1136 1392/1392
f 1135/1135 1392/1392 1391/1391
f 1391/1391 1392/1392 904/904
f 1391/1391 904/904 903/903
f 903/903 904/904 188/188
f 903/903 188/188 187/187
f 187/187 188/188 710/710
f 187/187 710/710 709/709
f 709/709 710/710 1238/1238
f 709/709 1238/1238 1237/1237
f 1237/1237 1238/1238 304/304
f 1237/1237 304/304 303/303
f 303/303 304/304 430/430
f 303/303 430/430 429/429
f 429/429 430/430 302/302
f 429/429 302/302 301/301
f 301/301 302/302 1236/1236
f 301/301 1236/1236 1235/1235
f 1235/1235 1236/1236 708/708
f 1235/1235 708/708 707/707
f 707/707 708/708 190/190
f 707/707 190/190 189/189
f 189/189 190/190 906/906
f 189/189 906/906 905/905
f 905/905 906/906 1390/1390
f 905/905 1390/1390 1389/1389
f 1389/1389 1390/1390 1138/1138
f 1389/1389 1138/1138 1137/1137
f 1137/1137 1138/1138 212/212
f 1137/1137 212/212 211/211
f 211/211 212/212 1090/1090
f 211/211 1090/1090 1089/1089
f 1089/1089 1090/1090 592/592
f 1089/1089 592/592 591/591
f 591/591 592/592 1094/1094
f 591/591 1094/1094 1093/1093
f 1093/1093 1094/1094 980/980
f 1093/1093 980/980 979/979
f 979/979 980/980 308/308
f 979/979 308/308 307/307
f 307/307 308/308 376/376
f 307/307 376/376 375/375
f 375/375 376/376 784/784
f 375/375 784/784 783/783
f 783/783 784/784 31/31
f 783/783 31/31 30/30
f 30/30 31/31 914/914
f 30/30 914/914 913/913
f 913/913 914/914 1340/1340
f 913/913 1340/1340 1339/1339
f 1339/1339 1340/1340 1402/1402
f 1339/1339 1402/1402 1401/1401
f 1401/1401 1402/1402 728/728
f 1401/1401 728/728 727/727
f 727/727 728/728 618/618
f 727/727 618/618 617/617
f 617/617 618/618 1122/1122
f 617/617 1122/1122 1121/1121
f 1121/1121 1122/1122 622/622
f 1121/1121 622/622 621/621
f 621/621 622/622 1492/1492
f 621/621 1492/1492 1491/1491
f 1491/1491 1492/1492 576/576
f 1491/1491 576/576 575/575
f 575/575 576/576 322/322
f 575/575 322/322 321/321
f 321/321 322/322 812/812
f 321/321 812/812 811/811
f 811/811 812/812 1524/1524
f 811/811 1524/1524 1523/1523
f 1523/1523 1524/1524 994/994
f 1523/1523 994/994 993/993
f 993/993 994/994 476/476
f 993/993 476/476 475/475
f 475/475 476/476 1406/1406
f 475/475 1406/1406 1405/1405
f 1405/1405 1406/1406 1280/1280
f 1405/1405 1280/1280 1279/1279
f 53/53 49/49 52/52
f 101/101 53/53 52/52
f 52/52 49/49 48/48
f 48/48 101/101 52/52
f 53/53 100/100 49/49
f 102/102 53/53 101/101
f 102/102 100/100 53/53
f 49/49 100/100 48/48
f 99/99 101/101 48/48
f 48/48 100/100 99/99
f 99/99 102/102 101/101
f 100/100 102/102 99/99
f 860/860 862/862 861/861
f 855/855 860/860 861/861
f 861/861 862/862 863/863
f 863/863 855/855 861/861
f 860/860 856/856 862/862
f 854/854 860/860 855/855
f 854/854 856/856 860/860
f 862/862 856/856 863/863
f 857/857 855/855 863/863
f 863/863 856/856 857/857
f 857/857 854/854 855/855
f 856/856 854/854 857/857
f 26/26 24/24 27/27
f 110/110 26/26 27/27
f 27/27 24/24 25/25
f 25/25 110/110 27/27
f 26/26 107/107 24/24
f 109/109 26/26 110/110
f 109/109 107/107 26/26
f 24/24 107/107 25/25
f 108/108 110/110 25/25
f 25/25 107/107 108/108
f 108/108 109/109 110/110
f 107/107 109/109 108/108
f 841/841 839/839 842/842
f 868/868 841/841 842/842
f 842/842 839/839 840/840
f 840/840 868/868 842/842
f 841/841 865/865 839/839
f 867/867 841/841 868/868
f 867/867 865/865 841/841
f 839/839 865/865 840/840
f 866/866 868/868 840/840
f 840/840 865/865 866/866
f 866/866 867/867 868/868
f 865/865 867/867 866/866
f 852/852 850/850 853/853
f 847/847 852/852 853/853
f 853/853 850/850 851/851
f 851/851 847/847 853/853
f 852/852 844/844 850/850
f 846/846 852/852 847/847
f 846/846 844/844 852/852
f 850/850 844/844 851/851
f 845/845 847/847 851/851
f 851/851 844/844 845/845
f 845/845 846/846 847/847
f 844/844 846/846 845/845
f 34/34 32/32 35/35
f 116/116 34/34 35/35
f 35/35 32/32 33/33
f 33/33 116/116 35/35
f 34/34 113/113 32/32
f 115/115 34/34 116/116
f 115/115 113/113 34/34
f 32/32 113/113 33/33
f 114/114 116/116 33/33
f 33/33 113/113 114/114
f 114/114 115/115 116/116
f 113/113 115/115 114/114
f 12/12 14/14 11/11
f 16/16 12/12 11/11
f 11/11 14/14 13/13
f 13/13 16/16 11/11
f 12/12 19/19 14/14
f 17/17 12/12 16/16
f 17/17 19/19 12/12
f 14/14 19/19 13/13
f 18/18 16/16 13/13
f 13/13 19/19 18/18
f 18/18 17/17 16/16
f 19/19 17/17 18/18